;  LST file generated by mikroListExporter - v.2.0 
; Date/Time: 09/04/2011 15:54:05
;----------------------------------------------

;Address Opcode 	ASM
0x0000	0x2CB9      	GOTO       1209
_interrupt:
0x0004	0x00FF      	MOVWF      R15
0x0005	0x0E03      	SWAPF      STATUS, 0
0x0006	0x0183      	CLRF       STATUS
0x0007	0x00BB      	MOVWF      ___saveSTATUS
0x0008	0x080A      	MOVF       PCLATH, 0
0x0009	0x00BC      	MOVWF      ___savePCLATH
0x000A	0x018A      	CLRF       PCLATH
0x000B	0x0870      	MOVF       R0, 0
0x000C	0x00A2      	MOVWF      34
0x000D	0x0871      	MOVF       R1, 0
0x000E	0x00A1      	MOVWF      33
;PWM_USART_7-seg.c,10 :: 		void interrupt() {
;PWM_USART_7-seg.c,11 :: 		if (PIR1.RCIF) {
0x000F	0x1E8C      	BTFSS      PIR1, 5
0x0010	0x2833      	GOTO       L_interrupt0
;PWM_USART_7-seg.c,12 :: 		led = UART1_Read();
0x0011	0x24A6      	CALL       _UART1_Read
0x0012	0x0870      	MOVF       R0, 0
0x0013	0x00A6      	MOVWF      _led
;PWM_USART_7-seg.c,14 :: 		if (led=='A') {
0x0014	0x0870      	MOVF       R0, 0
0x0015	0x3A41      	XORLW      65
0x0016	0x1D03      	BTFSS      STATUS, 2
0x0017	0x2832      	GOTO       L_interrupt1
;PWM_USART_7-seg.c,15 :: 		if (estado_PWM==1){
0x0018	0x3000      	MOVLW      0
0x0019	0x063A      	XORWF      _estado_PWM+1, 0
0x001A	0x1D03      	BTFSS      STATUS, 2
0x001B	0x281E      	GOTO       L__interrupt11
0x001C	0x3001      	MOVLW      1
0x001D	0x0639      	XORWF      _estado_PWM, 0
L__interrupt11:
0x001E	0x1D03      	BTFSS      STATUS, 2
0x001F	0x2824      	GOTO       L_interrupt2
;PWM_USART_7-seg.c,16 :: 		PWM1_Stop();
0x0020	0x24B1      	CALL       _PWM1_Stop
;PWM_USART_7-seg.c,17 :: 		estado_PWM = 0;
0x0021	0x01B9      	CLRF       _estado_PWM
0x0022	0x01BA      	CLRF       _estado_PWM+1
;PWM_USART_7-seg.c,18 :: 		goto salir;
0x0023	0x2831      	GOTO       ___interrupt_salir
;PWM_USART_7-seg.c,19 :: 		}
L_interrupt2:
;PWM_USART_7-seg.c,20 :: 		if (estado_PWM==0){
0x0024	0x3000      	MOVLW      0
0x0025	0x063A      	XORWF      _estado_PWM+1, 0
0x0026	0x1D03      	BTFSS      STATUS, 2
0x0027	0x282A      	GOTO       L__interrupt12
0x0028	0x3000      	MOVLW      0
0x0029	0x0639      	XORWF      _estado_PWM, 0
L__interrupt12:
0x002A	0x1D03      	BTFSS      STATUS, 2
0x002B	0x2831      	GOTO       L_interrupt3
;PWM_USART_7-seg.c,21 :: 		PWM1_Start();
0x002C	0x23F2      	CALL       _PWM1_Start
;PWM_USART_7-seg.c,22 :: 		estado_PWM = 1;
0x002D	0x3001      	MOVLW      1
0x002E	0x00B9      	MOVWF      _estado_PWM
0x002F	0x3000      	MOVLW      0
0x0030	0x00BA      	MOVWF      _estado_PWM+1
;PWM_USART_7-seg.c,23 :: 		}
L_interrupt3:
;PWM_USART_7-seg.c,37 :: 		salir:
___interrupt_salir:
;PWM_USART_7-seg.c,38 :: 		asm nop;
0x0031	0x0000      	NOP
;PWM_USART_7-seg.c,39 :: 		}
L_interrupt1:
;PWM_USART_7-seg.c,40 :: 		PIR1.RCIF = 0;  //sALGA DE ESTA INTERRUPCIÓN
0x0032	0x128C      	BCF        PIR1, 5
;PWM_USART_7-seg.c,41 :: 		}
L_interrupt0:
;PWM_USART_7-seg.c,42 :: 		}
L__interrupt10:
0x0033	0x0822      	MOVF       34, 0
0x0034	0x00F0      	MOVWF      R0
0x0035	0x0821      	MOVF       33, 0
0x0036	0x00F1      	MOVWF      R1
0x0037	0x083C      	MOVF       ___savePCLATH, 0
0x0038	0x008A      	MOVWF      PCLATH
0x0039	0x0E3B      	SWAPF      ___saveSTATUS, 0
0x003A	0x0083      	MOVWF      STATUS
0x003B	0x0EFF      	SWAPF      R15, 1
0x003C	0x0E7F      	SWAPF      R15, 0
0x003D	0x0009      	RETFIE
; end of _interrupt
_RES032:
;__Lib_MathDouble.c,123 :: 		
;__Lib_MathDouble.c,128 :: 		
0x003E	0x01F2      	CLRF       R2
;__Lib_MathDouble.c,129 :: 		
0x003F	0x01F1      	CLRF       R1
;__Lib_MathDouble.c,130 :: 		
0x0040	0x01F0      	CLRF       R0
;__Lib_MathDouble.c,131 :: 		
0x0041	0x01F8      	CLRF       R8
;__Lib_MathDouble.c,132 :: 		
0x0042	0x01F3      	CLRF       R3
;__Lib_MathDouble.c,133 :: 		
0x0043	0x3000      	MOVLW      0
;__Lib_MathDouble.c,135 :: 		
0x0044	0x0008      	RETURN
; end of _RES032
_SETFOV32:
;__Lib_MathDouble.c,79 :: 		
;__Lib_MathDouble.c,86 :: 		
0x0045	0x14FB      	BSF        R11, 1
;__Lib_MathDouble.c,87 :: 		
0x0046	0x1FFB      	BTFSS      R11, 7
;__Lib_MathDouble.c,88 :: 		
0x0047	0x284F      	GOTO       SETFOV32EEE
;__Lib_MathDouble.c,89 :: 		
0x0048	0x30FF      	MOVLW      255
;__Lib_MathDouble.c,90 :: 		
0x0049	0x00F3      	MOVWF      R3
;__Lib_MathDouble.c,91 :: 		
0x004A	0x00F2      	MOVWF      R2
;__Lib_MathDouble.c,92 :: 		
0x004B	0x00F1      	MOVWF      R1
;__Lib_MathDouble.c,93 :: 		
0x004C	0x00F0      	MOVWF      R0
;__Lib_MathDouble.c,94 :: 		
0x004D	0x0DFA      	RLF        R10, 1
;__Lib_MathDouble.c,95 :: 		
0x004E	0x0CF2      	RRF        R2, 1
;__Lib_MathDouble.c,96 :: 		
SETFOV32EEE:
;__Lib_MathDouble.c,97 :: 		
0x004F	0x30FF      	MOVLW      255
;__Lib_MathDouble.c,99 :: 		
0x0050	0x0008      	RETURN
; end of _SETFOV32
_FIXSIGN32:
;__Lib_MathDouble.c,112 :: 		
;__Lib_MathDouble.c,116 :: 		
0x0051	0x1FFA      	BTFSS      R10, 7
;__Lib_MathDouble.c,117 :: 		
0x0052	0x13F2      	BCF        R2, 7
;__Lib_MathDouble.c,118 :: 		
0x0053	0x3000      	MOVLW      0
;__Lib_MathDouble.c,120 :: 		
0x0054	0x0008      	RETURN
; end of _FIXSIGN32
_SETFUN32:
;__Lib_MathDouble.c,138 :: 		
;__Lib_MathDouble.c,145 :: 		
0x0055	0x157B      	BSF        R11, 2
;__Lib_MathDouble.c,146 :: 		
0x0056	0x1FFB      	BTFSS      R11, 7
;__Lib_MathDouble.c,147 :: 		
0x0057	0x285F      	GOTO       SETFUN32EEE
;__Lib_MathDouble.c,148 :: 		
0x0058	0x3001      	MOVLW      1
;__Lib_MathDouble.c,149 :: 		
0x0059	0x00F3      	MOVWF      R3
;__Lib_MathDouble.c,150 :: 		
0x005A	0x01F2      	CLRF       R2
;__Lib_MathDouble.c,151 :: 		
0x005B	0x01F1      	CLRF       R1
;__Lib_MathDouble.c,152 :: 		
0x005C	0x01F0      	CLRF       R0
;__Lib_MathDouble.c,153 :: 		
0x005D	0x0DFA      	RLF        R10, 1
;__Lib_MathDouble.c,154 :: 		
0x005E	0x0CF2      	RRF        R2, 1
;__Lib_MathDouble.c,155 :: 		
SETFUN32EEE:
;__Lib_MathDouble.c,156 :: 		
0x005F	0x30FF      	MOVLW      255
;__Lib_MathDouble.c,158 :: 		
0x0060	0x0008      	RETURN
; end of _SETFUN32
_NRM3232:
;__Lib_MathDouble.c,167 :: 		
;__Lib_MathDouble.c,173 :: 		
;__Lib_MathDouble.c,175 :: 		
0x0061	0x01A0      	CLRF       __math_tempbD
;__Lib_MathDouble.c,176 :: 		
0x0062	0x0872      	MOVF       R2, 0
;__Lib_MathDouble.c,177 :: 		
0x0063	0x1D03      	BTFSS      STATUS, 2
;__Lib_MathDouble.c,178 :: 		
0x0064	0x2876      	GOTO       NORM3232
;__Lib_MathDouble.c,179 :: 		
0x0065	0x0871      	MOVF       R1, 0
;__Lib_MathDouble.c,180 :: 		
0x0066	0x00F2      	MOVWF      R2
;__Lib_MathDouble.c,181 :: 		
0x0067	0x0870      	MOVF       R0, 0
;__Lib_MathDouble.c,182 :: 		
0x0068	0x00F1      	MOVWF      R1
;__Lib_MathDouble.c,183 :: 		
0x0069	0x01F0      	CLRF       R0
;__Lib_MathDouble.c,184 :: 		
0x006A	0x15A0      	BSF        __math_tempbD, 3
;__Lib_MathDouble.c,186 :: 		
0x006B	0x0872      	MOVF       R2, 0
;__Lib_MathDouble.c,187 :: 		
0x006C	0x1D03      	BTFSS      STATUS, 2
;__Lib_MathDouble.c,188 :: 		
0x006D	0x2876      	GOTO       NORM3232
;__Lib_MathDouble.c,189 :: 		
0x006E	0x0871      	MOVF       R1, 0
;__Lib_MathDouble.c,190 :: 		
0x006F	0x00F2      	MOVWF      R2
;__Lib_MathDouble.c,191 :: 		
0x0070	0x01F1      	CLRF       R1
;__Lib_MathDouble.c,192 :: 		
0x0071	0x11A0      	BCF        __math_tempbD, 3
;__Lib_MathDouble.c,193 :: 		
0x0072	0x1620      	BSF        __math_tempbD, 4
;__Lib_MathDouble.c,195 :: 		
0x0073	0x0872      	MOVF       R2, 0
;__Lib_MathDouble.c,196 :: 		
0x0074	0x1903      	BTFSC      STATUS, 2
;__Lib_MathDouble.c,197 :: 		
0x0075	0x2884      	GOTO       JPNRES032
;__Lib_MathDouble.c,198 :: 		
NORM3232:
;__Lib_MathDouble.c,199 :: 		
0x0076	0x0820      	MOVF       __math_tempbD, 0
;__Lib_MathDouble.c,200 :: 		
0x0077	0x02F3      	SUBWF      R3, 1
;__Lib_MathDouble.c,201 :: 		
0x0078	0x1D03      	BTFSS      STATUS, 2
;__Lib_MathDouble.c,202 :: 		
0x0079	0x1C03      	BTFSS      STATUS, 0
;__Lib_MathDouble.c,203 :: 		
0x007A	0x2888      	GOTO       JPNSETFUN32
;__Lib_MathDouble.c,204 :: 		
0x007B	0x1003      	BCF        STATUS, 0
;__Lib_MathDouble.c,205 :: 		
NORM3232A:
;__Lib_MathDouble.c,206 :: 		
0x007C	0x1BF2      	BTFSC      R2, 7
;__Lib_MathDouble.c,207 :: 		
0x007D	0x288C      	GOTO       JMPNFIXSIGN32
;__Lib_MathDouble.c,208 :: 		
0x007E	0x0DF0      	RLF        R0, 1
;__Lib_MathDouble.c,209 :: 		
0x007F	0x0DF1      	RLF        R1, 1
;__Lib_MathDouble.c,210 :: 		
0x0080	0x0DF2      	RLF        R2, 1
;__Lib_MathDouble.c,211 :: 		
0x0081	0x0BF3      	DECFSZ     R3, 1
;__Lib_MathDouble.c,212 :: 		
0x0082	0x287C      	GOTO       NORM3232A
;__Lib_MathDouble.c,213 :: 		
0x0083	0x2888      	GOTO       JPNSETFUN32
;__Lib_MathDouble.c,214 :: 		
JPNRES032:
;__Lib_MathDouble.c,215 :: 		
0x0084	0x3001      	MOVLW      1
;__Lib_MathDouble.c,216 :: 		
0x0085	0x00FC      	MOVWF      R12
;__Lib_MathDouble.c,218 :: 		
0x0086	0x203E      	CALL       _RES032
;__Lib_MathDouble.c,220 :: 		
0x0087	0x288F      	GOTO       NORM32EEE
;__Lib_MathDouble.c,221 :: 		
JPNSETFUN32:
;__Lib_MathDouble.c,222 :: 		
0x0088	0x3002      	MOVLW      2
;__Lib_MathDouble.c,223 :: 		
0x0089	0x00FC      	MOVWF      R12
;__Lib_MathDouble.c,225 :: 		
0x008A	0x2055      	CALL       _SETFUN32
;__Lib_MathDouble.c,227 :: 		
0x008B	0x288F      	GOTO       NORM32EEE
;__Lib_MathDouble.c,228 :: 		
JMPNFIXSIGN32:
;__Lib_MathDouble.c,229 :: 		
0x008C	0x3004      	MOVLW      4
;__Lib_MathDouble.c,230 :: 		
0x008D	0x00FC      	MOVWF      R12
;__Lib_MathDouble.c,232 :: 		
0x008E	0x2051      	CALL       _FIXSIGN32
;__Lib_MathDouble.c,234 :: 		
NORM32EEE:
;__Lib_MathDouble.c,236 :: 		
0x008F	0x0008      	RETURN
; end of _NRM3232
_NRM4032:
;__Lib_MathDouble.c,245 :: 		
;__Lib_MathDouble.c,252 :: 		
;__Lib_MathDouble.c,254 :: 		
0x0090	0x187C      	BTFSC      R12, 0
;__Lib_MathDouble.c,255 :: 		
0x0091	0x28C6      	GOTO       NRMRND4032
;__Lib_MathDouble.c,256 :: 		
0x0092	0x18FC      	BTFSC      R12, 1
;__Lib_MathDouble.c,257 :: 		
0x0093	0x2897      	GOTO       NRM4032
;__Lib_MathDouble.c,258 :: 		
0x0094	0x197C      	BTFSC      R12, 2
;__Lib_MathDouble.c,259 :: 		
0x0095	0x28E5      	GOTO       JMPSETFOV32
;__Lib_MathDouble.c,260 :: 		
0x0096	0x2890      	GOTO       $-6
;__Lib_MathDouble.c,261 :: 		
NRM4032:
;__Lib_MathDouble.c,262 :: 		
0x0097	0x01A0      	CLRF       __math_tempbD
;__Lib_MathDouble.c,263 :: 		
0x0098	0x0872      	MOVF       R2, 0
;__Lib_MathDouble.c,264 :: 		
0x0099	0x1D03      	BTFSS      STATUS, 2
;__Lib_MathDouble.c,265 :: 		
0x009A	0x28B7      	GOTO       NORM4032
;__Lib_MathDouble.c,266 :: 		
0x009B	0x0871      	MOVF       R1, 0
;__Lib_MathDouble.c,267 :: 		
0x009C	0x00F2      	MOVWF      R2
;__Lib_MathDouble.c,268 :: 		
0x009D	0x0870      	MOVF       R0, 0
;__Lib_MathDouble.c,269 :: 		
0x009E	0x00F1      	MOVWF      R1
;__Lib_MathDouble.c,270 :: 		
0x009F	0x0878      	MOVF       R8, 0
;__Lib_MathDouble.c,271 :: 		
0x00A0	0x00F0      	MOVWF      R0
;__Lib_MathDouble.c,272 :: 		
0x00A1	0x01F8      	CLRF       R8
;__Lib_MathDouble.c,273 :: 		
0x00A2	0x15A0      	BSF        __math_tempbD, 3
;__Lib_MathDouble.c,275 :: 		
0x00A3	0x0872      	MOVF       R2, 0
;__Lib_MathDouble.c,276 :: 		
0x00A4	0x1D03      	BTFSS      STATUS, 2
;__Lib_MathDouble.c,277 :: 		
0x00A5	0x28B7      	GOTO       NORM4032
;__Lib_MathDouble.c,278 :: 		
0x00A6	0x0871      	MOVF       R1, 0
;__Lib_MathDouble.c,279 :: 		
0x00A7	0x00F2      	MOVWF      R2
;__Lib_MathDouble.c,280 :: 		
0x00A8	0x0870      	MOVF       R0, 0
;__Lib_MathDouble.c,281 :: 		
0x00A9	0x00F1      	MOVWF      R1
;__Lib_MathDouble.c,282 :: 		
0x00AA	0x01F0      	CLRF       R0
;__Lib_MathDouble.c,283 :: 		
0x00AB	0x11A0      	BCF        __math_tempbD, 3
;__Lib_MathDouble.c,284 :: 		
0x00AC	0x1620      	BSF        __math_tempbD, 4
;__Lib_MathDouble.c,286 :: 		
0x00AD	0x0872      	MOVF       R2, 0
;__Lib_MathDouble.c,287 :: 		
0x00AE	0x1D03      	BTFSS      STATUS, 2
;__Lib_MathDouble.c,288 :: 		
0x00AF	0x28B7      	GOTO       NORM4032
;__Lib_MathDouble.c,289 :: 		
0x00B0	0x0871      	MOVF       R1, 0
;__Lib_MathDouble.c,290 :: 		
0x00B1	0x00F2      	MOVWF      R2
;__Lib_MathDouble.c,291 :: 		
0x00B2	0x01F1      	CLRF       R1
;__Lib_MathDouble.c,292 :: 		
0x00B3	0x15A0      	BSF        __math_tempbD, 3
;__Lib_MathDouble.c,294 :: 		
0x00B4	0x0872      	MOVF       R2, 0
;__Lib_MathDouble.c,295 :: 		
0x00B5	0x1903      	BTFSC      STATUS, 2
;__Lib_MathDouble.c,296 :: 		
0x00B6	0x28D9      	GOTO       JMPRES032
;__Lib_MathDouble.c,297 :: 		
NORM4032:
;__Lib_MathDouble.c,298 :: 		
0x00B7	0x0820      	MOVF       __math_tempbD, 0
;__Lib_MathDouble.c,299 :: 		
0x00B8	0x02F3      	SUBWF      R3, 1
;__Lib_MathDouble.c,300 :: 		
0x00B9	0x1D03      	BTFSS      STATUS, 2
;__Lib_MathDouble.c,301 :: 		
0x00BA	0x1C03      	BTFSS      STATUS, 0
;__Lib_MathDouble.c,302 :: 		
0x00BB	0x28DD      	GOTO       JMPSETFUN32
;__Lib_MathDouble.c,303 :: 		
0x00BC	0x1003      	BCF        STATUS, 0
;__Lib_MathDouble.c,304 :: 		
NORM4032A:
;__Lib_MathDouble.c,305 :: 		
0x00BD	0x1BF2      	BTFSC      R2, 7
;__Lib_MathDouble.c,306 :: 		
0x00BE	0x28C6      	GOTO       NRMRND4032
;__Lib_MathDouble.c,307 :: 		
0x00BF	0x0DF8      	RLF        R8, 1
;__Lib_MathDouble.c,308 :: 		
0x00C0	0x0DF0      	RLF        R0, 1
;__Lib_MathDouble.c,309 :: 		
0x00C1	0x0DF1      	RLF        R1, 1
;__Lib_MathDouble.c,310 :: 		
0x00C2	0x0DF2      	RLF        R2, 1
;__Lib_MathDouble.c,311 :: 		
0x00C3	0x0BF3      	DECFSZ     R3, 1
;__Lib_MathDouble.c,312 :: 		
0x00C4	0x28BD      	GOTO       NORM4032A
;__Lib_MathDouble.c,313 :: 		
0x00C5	0x28DD      	GOTO       JMPSETFUN32
;__Lib_MathDouble.c,314 :: 		
NRMRND4032:
;__Lib_MathDouble.c,315 :: 		
0x00C6	0x1B7B      	BTFSC      R11, 6
;__Lib_MathDouble.c,316 :: 		
0x00C7	0x1C70      	BTFSS      R0, 0
;__Lib_MathDouble.c,317 :: 		
0x00C8	0x28E1      	GOTO       JMPFIXSIGN32
;__Lib_MathDouble.c,318 :: 		
0x00C9	0x1FF8      	BTFSS      R8, 7
;__Lib_MathDouble.c,319 :: 		
0x00CA	0x28E1      	GOTO       JMPFIXSIGN32
;__Lib_MathDouble.c,320 :: 		
0x00CB	0x0AF0      	INCF       R0, 1
;__Lib_MathDouble.c,321 :: 		
0x00CC	0x1903      	BTFSC      STATUS, 2
;__Lib_MathDouble.c,322 :: 		
0x00CD	0x0AF1      	INCF       R1, 1
;__Lib_MathDouble.c,323 :: 		
0x00CE	0x1903      	BTFSC      STATUS, 2
;__Lib_MathDouble.c,324 :: 		
0x00CF	0x0AF2      	INCF       R2, 1
;__Lib_MathDouble.c,325 :: 		
0x00D0	0x1D03      	BTFSS      STATUS, 2
;__Lib_MathDouble.c,326 :: 		
0x00D1	0x28E1      	GOTO       JMPFIXSIGN32
;__Lib_MathDouble.c,327 :: 		
0x00D2	0x0CF2      	RRF        R2, 1
;__Lib_MathDouble.c,328 :: 		
0x00D3	0x0CF1      	RRF        R1, 1
;__Lib_MathDouble.c,329 :: 		
0x00D4	0x0CF0      	RRF        R0, 1
;__Lib_MathDouble.c,330 :: 		
0x00D5	0x0AF3      	INCF       R3, 1
;__Lib_MathDouble.c,331 :: 		
0x00D6	0x1903      	BTFSC      STATUS, 2
;__Lib_MathDouble.c,332 :: 		
0x00D7	0x28E5      	GOTO       JMPSETFOV32
;__Lib_MathDouble.c,333 :: 		
0x00D8	0x28E1      	GOTO       JMPFIXSIGN32
;__Lib_MathDouble.c,334 :: 		
JMPRES032:
;__Lib_MathDouble.c,335 :: 		
0x00D9	0x3001      	MOVLW      1
;__Lib_MathDouble.c,336 :: 		
0x00DA	0x00FC      	MOVWF      R12
;__Lib_MathDouble.c,338 :: 		
0x00DB	0x203E      	CALL       _RES032
;__Lib_MathDouble.c,340 :: 		
0x00DC	0x28E8      	GOTO       NRM4032EEE
;__Lib_MathDouble.c,341 :: 		
JMPSETFUN32:
;__Lib_MathDouble.c,342 :: 		
0x00DD	0x3002      	MOVLW      2
;__Lib_MathDouble.c,343 :: 		
0x00DE	0x00FC      	MOVWF      R12
;__Lib_MathDouble.c,345 :: 		
0x00DF	0x2055      	CALL       _SETFUN32
;__Lib_MathDouble.c,347 :: 		
0x00E0	0x28E8      	GOTO       NRM4032EEE
;__Lib_MathDouble.c,348 :: 		
JMPFIXSIGN32:
;__Lib_MathDouble.c,349 :: 		
0x00E1	0x3004      	MOVLW      4
;__Lib_MathDouble.c,350 :: 		
0x00E2	0x00FC      	MOVWF      R12
;__Lib_MathDouble.c,352 :: 		
0x00E3	0x2051      	CALL       _FIXSIGN32
;__Lib_MathDouble.c,354 :: 		
0x00E4	0x28E8      	GOTO       NRM4032EEE
;__Lib_MathDouble.c,355 :: 		
JMPSETFOV32:
;__Lib_MathDouble.c,356 :: 		
0x00E5	0x3008      	MOVLW      8
;__Lib_MathDouble.c,357 :: 		
0x00E6	0x00FC      	MOVWF      R12
;__Lib_MathDouble.c,359 :: 		
0x00E7	0x2045      	CALL       _SETFOV32
;__Lib_MathDouble.c,361 :: 		
NRM4032EEE:
;__Lib_MathDouble.c,362 :: 		
0x00E8	0x0000      	NOP
;__Lib_MathDouble.c,370 :: 		
0x00E9	0x0008      	RETURN
; end of _NRM4032
_Div_16x16_U:
;__Lib_Math.c,215 :: 		
;__Lib_Math.c,222 :: 		
0x00EA	0x1283      	BCF        STATUS, 5
;__Lib_Math.c,223 :: 		
0x00EB	0x1303      	BCF        STATUS, 6
;__Lib_Math.c,224 :: 		
0x00EC	0x01F8      	CLRF       R8
;__Lib_Math.c,225 :: 		
0x00ED	0x01F9      	CLRF       R9
;__Lib_Math.c,226 :: 		
0x00EE	0x3010      	MOVLW      16
;__Lib_Math.c,227 :: 		
0x00EF	0x00FC      	MOVWF      R12
;__Lib_Math.c,228 :: 		
0x00F0	0x0D71      	RLF        R1, 0
;__Lib_Math.c,229 :: 		
0x00F1	0x0DF8      	RLF        R8, 1
;__Lib_Math.c,230 :: 		
0x00F2	0x0DF9      	RLF        R9, 1
;__Lib_Math.c,231 :: 		
0x00F3	0x0874      	MOVF       R4, 0
;__Lib_Math.c,232 :: 		
0x00F4	0x02F8      	SUBWF      R8, 1
;__Lib_Math.c,233 :: 		
0x00F5	0x0875      	MOVF       R5, 0
;__Lib_Math.c,234 :: 		
0x00F6	0x1C03      	BTFSS      STATUS, 0
;__Lib_Math.c,235 :: 		
0x00F7	0x0F75      	INCFSZ     R5, 0
;__Lib_Math.c,236 :: 		
0x00F8	0x02F9      	SUBWF      R9, 1
;__Lib_Math.c,237 :: 		
0x00F9	0x1803      	BTFSC      STATUS, 0
;__Lib_Math.c,238 :: 		
0x00FA	0x2902      	GOTO       $+8
;__Lib_Math.c,239 :: 		
0x00FB	0x0874      	MOVF       R4, 0
;__Lib_Math.c,240 :: 		
0x00FC	0x07F8      	ADDWF      R8, 1
;__Lib_Math.c,241 :: 		
0x00FD	0x0875      	MOVF       R5, 0
;__Lib_Math.c,242 :: 		
0x00FE	0x1803      	BTFSC      STATUS, 0
;__Lib_Math.c,243 :: 		
0x00FF	0x0F75      	INCFSZ     R5, 0
;__Lib_Math.c,244 :: 		
0x0100	0x07F9      	ADDWF      R9, 1
;__Lib_Math.c,245 :: 		
0x0101	0x1003      	BCF        STATUS, 0
;__Lib_Math.c,246 :: 		
0x0102	0x0DF0      	RLF        R0, 1
;__Lib_Math.c,247 :: 		
0x0103	0x0DF1      	RLF        R1, 1
;__Lib_Math.c,248 :: 		
0x0104	0x0BFC      	DECFSZ     R12, 1
;__Lib_Math.c,249 :: 		
0x0105	0x28F0      	GOTO       $-21
;__Lib_Math.c,251 :: 		
0x0106	0x0008      	RETURN
; end of _Div_16x16_U
_Delay_22us:
;__Lib_Delays.c,15 :: 		void Delay_22us() {
;__Lib_Delays.c,16 :: 		Delay_us(22);
0x0107	0x3024      	MOVLW      36
0x0108	0x1283      	BCF        STATUS, 5
0x0109	0x1303      	BCF        STATUS, 6
0x010A	0x00FD      	MOVWF      R13
L_Delay_22us1:
0x010B	0x0BFD      	DECFSZ     R13, 1
0x010C	0x290B      	GOTO       L_Delay_22us1
0x010D	0x0000      	NOP
;__Lib_Delays.c,17 :: 		}
0x010E	0x0008      	RETURN
; end of _Delay_22us
_UART1_Write:
;__Lib_UART_c67.c,39 :: 		
;__Lib_UART_c67.c,40 :: 		
L_UART1_Write3:
0x010F	0x1683      	BSF        STATUS, 5
0x0110	0x1303      	BCF        STATUS, 6
0x0111	0x1898      	BTFSC      TXSTA, 1
0x0112	0x2915      	GOTO       L_UART1_Write4
;__Lib_UART_c67.c,41 :: 		
0x0113	0x0000      	NOP
0x0114	0x290F      	GOTO       L_UART1_Write3
L_UART1_Write4:
;__Lib_UART_c67.c,42 :: 		
0x0115	0x1283      	BCF        STATUS, 5
0x0116	0x0846      	MOVF       FARG_UART1_Write_data_, 0
0x0117	0x0099      	MOVWF      TXREG
;__Lib_UART_c67.c,43 :: 		
0x0118	0x0008      	RETURN
; end of _UART1_Write
_Add_32x32_FP:
;__Lib_MathDouble.c,379 :: 		
;__Lib_MathDouble.c,390 :: 		
;__Lib_MathDouble.c,392 :: 		
0x0119	0x1283      	BCF        STATUS, 5
;__Lib_MathDouble.c,393 :: 		
0x011A	0x1303      	BCF        STATUS, 6
;__Lib_MathDouble.c,394 :: 		
0x011B	0x0872      	MOVF       R2, 0
;__Lib_MathDouble.c,395 :: 		
0x011C	0x0676      	XORWF      R6, 0
;__Lib_MathDouble.c,396 :: 		
0x011D	0x00A0      	MOVWF      __math_tempbD
;__Lib_MathDouble.c,398 :: 		
0x011E	0x01F8      	CLRF       R8
;__Lib_MathDouble.c,399 :: 		
0x011F	0x01F9      	CLRF       R9
;__Lib_MathDouble.c,401 :: 		
0x0120	0x0873      	MOVF       R3, 0
;__Lib_MathDouble.c,402 :: 		
0x0121	0x0277      	SUBWF      R7, 0
;__Lib_MathDouble.c,403 :: 		
0x0122	0x1C03      	BTFSS      STATUS, 0
;__Lib_MathDouble.c,404 :: 		
0x0123	0x293C      	GOTO       USEA32
;__Lib_MathDouble.c,406 :: 		
0x0124	0x0877      	MOVF       R7, 0
;__Lib_MathDouble.c,407 :: 		
0x0125	0x00FD      	MOVWF      R13
;__Lib_MathDouble.c,408 :: 		
0x0126	0x0873      	MOVF       R3, 0
;__Lib_MathDouble.c,409 :: 		
0x0127	0x00F7      	MOVWF      R7
;__Lib_MathDouble.c,410 :: 		
0x0128	0x087D      	MOVF       R13, 0
;__Lib_MathDouble.c,411 :: 		
0x0129	0x00F3      	MOVWF      R3
;__Lib_MathDouble.c,413 :: 		
0x012A	0x0876      	MOVF       R6, 0
;__Lib_MathDouble.c,414 :: 		
0x012B	0x00FD      	MOVWF      R13
;__Lib_MathDouble.c,415 :: 		
0x012C	0x0872      	MOVF       R2, 0
;__Lib_MathDouble.c,416 :: 		
0x012D	0x00F6      	MOVWF      R6
;__Lib_MathDouble.c,417 :: 		
0x012E	0x087D      	MOVF       R13, 0
;__Lib_MathDouble.c,418 :: 		
0x012F	0x00F2      	MOVWF      R2
;__Lib_MathDouble.c,420 :: 		
0x0130	0x0875      	MOVF       R5, 0
;__Lib_MathDouble.c,421 :: 		
0x0131	0x00FD      	MOVWF      R13
;__Lib_MathDouble.c,422 :: 		
0x0132	0x0871      	MOVF       R1, 0
;__Lib_MathDouble.c,423 :: 		
0x0133	0x00F5      	MOVWF      R5
;__Lib_MathDouble.c,424 :: 		
0x0134	0x087D      	MOVF       R13, 0
;__Lib_MathDouble.c,425 :: 		
0x0135	0x00F1      	MOVWF      R1
;__Lib_MathDouble.c,427 :: 		
0x0136	0x0874      	MOVF       R4, 0
;__Lib_MathDouble.c,428 :: 		
0x0137	0x00FD      	MOVWF      R13
;__Lib_MathDouble.c,429 :: 		
0x0138	0x0870      	MOVF       R0, 0
;__Lib_MathDouble.c,430 :: 		
0x0139	0x00F4      	MOVWF      R4
;__Lib_MathDouble.c,431 :: 		
0x013A	0x087D      	MOVF       R13, 0
;__Lib_MathDouble.c,432 :: 		
0x013B	0x00F0      	MOVWF      R0
;__Lib_MathDouble.c,433 :: 		
USEA32:
;__Lib_MathDouble.c,434 :: 		
0x013C	0x0877      	MOVF       R7, 0
;__Lib_MathDouble.c,435 :: 		
0x013D	0x1903      	BTFSC      STATUS, 2
;__Lib_MathDouble.c,436 :: 		
0x013E	0x29B5      	GOTO       JMPEEE
;__Lib_MathDouble.c,437 :: 		
0x013F	0x0872      	MOVF       R2, 0
;__Lib_MathDouble.c,438 :: 		
0x0140	0x00FA      	MOVWF      R10
;__Lib_MathDouble.c,439 :: 		
0x0141	0x17F2      	BSF        R2, 7
;__Lib_MathDouble.c,440 :: 		
0x0142	0x17F6      	BSF        R6, 7
;__Lib_MathDouble.c,441 :: 		
0x0143	0x0877      	MOVF       R7, 0
;__Lib_MathDouble.c,442 :: 		
0x0144	0x0273      	SUBWF      R3, 0
;__Lib_MathDouble.c,443 :: 		
0x0145	0x00F7      	MOVWF      R7
;__Lib_MathDouble.c,444 :: 		
0x0146	0x1903      	BTFSC      STATUS, 2
;__Lib_MathDouble.c,445 :: 		
0x0147	0x296F      	GOTO       ALIGNED32
;__Lib_MathDouble.c,446 :: 		
0x0148	0x3008      	MOVLW      8
;__Lib_MathDouble.c,447 :: 		
0x0149	0x0277      	SUBWF      R7, 0
;__Lib_MathDouble.c,448 :: 		
0x014A	0x1C03      	BTFSS      STATUS, 0
;__Lib_MathDouble.c,449 :: 		
0x014B	0x2965      	GOTO       ALIGNB32
;__Lib_MathDouble.c,450 :: 		
0x014C	0x00F7      	MOVWF      R7
;__Lib_MathDouble.c,451 :: 		
0x014D	0x0874      	MOVF       R4, 0
;__Lib_MathDouble.c,452 :: 		
0x014E	0x00F9      	MOVWF      R9
;__Lib_MathDouble.c,453 :: 		
0x014F	0x0875      	MOVF       R5, 0
;__Lib_MathDouble.c,454 :: 		
0x0150	0x00F4      	MOVWF      R4
;__Lib_MathDouble.c,455 :: 		
0x0151	0x0876      	MOVF       R6, 0
;__Lib_MathDouble.c,456 :: 		
0x0152	0x00F5      	MOVWF      R5
;__Lib_MathDouble.c,457 :: 		
0x0153	0x01F6      	CLRF       R6
;__Lib_MathDouble.c,458 :: 		
0x0154	0x3008      	MOVLW      8
;__Lib_MathDouble.c,459 :: 		
0x0155	0x0277      	SUBWF      R7, 0
;__Lib_MathDouble.c,460 :: 		
0x0156	0x1C03      	BTFSS      STATUS, 0
;__Lib_MathDouble.c,461 :: 		
0x0157	0x2965      	GOTO       ALIGNB32
;__Lib_MathDouble.c,462 :: 		
0x0158	0x00F7      	MOVWF      R7
;__Lib_MathDouble.c,463 :: 		
0x0159	0x0874      	MOVF       R4, 0
;__Lib_MathDouble.c,464 :: 		
0x015A	0x00F9      	MOVWF      R9
;__Lib_MathDouble.c,465 :: 		
0x015B	0x0875      	MOVF       R5, 0
;__Lib_MathDouble.c,466 :: 		
0x015C	0x00F4      	MOVWF      R4
;__Lib_MathDouble.c,467 :: 		
0x015D	0x01F5      	CLRF       R5
;__Lib_MathDouble.c,468 :: 		
0x015E	0x3008      	MOVLW      8
;__Lib_MathDouble.c,469 :: 		
0x015F	0x0277      	SUBWF      R7, 0
;__Lib_MathDouble.c,470 :: 		
0x0160	0x1C03      	BTFSS      STATUS, 0
;__Lib_MathDouble.c,471 :: 		
0x0161	0x2965      	GOTO       ALIGNB32
;__Lib_MathDouble.c,472 :: 		
0x0162	0x087A      	MOVF       R10, 0
;__Lib_MathDouble.c,473 :: 		
0x0163	0x00F2      	MOVWF      R2
;__Lib_MathDouble.c,474 :: 		
0x0164	0x29B5      	GOTO       JMPEEE
;__Lib_MathDouble.c,475 :: 		
ALIGNB32:
;__Lib_MathDouble.c,476 :: 		
0x0165	0x0877      	MOVF       R7, 0
;__Lib_MathDouble.c,477 :: 		
0x0166	0x1903      	BTFSC      STATUS, 2
;__Lib_MathDouble.c,478 :: 		
0x0167	0x296F      	GOTO       ALIGNED32
;__Lib_MathDouble.c,479 :: 		
ALOOPB32:
;__Lib_MathDouble.c,480 :: 		
0x0168	0x1003      	BCF        STATUS, 0
;__Lib_MathDouble.c,481 :: 		
0x0169	0x0CF6      	RRF        R6, 1
;__Lib_MathDouble.c,482 :: 		
0x016A	0x0CF5      	RRF        R5, 1
;__Lib_MathDouble.c,483 :: 		
0x016B	0x0CF4      	RRF        R4, 1
;__Lib_MathDouble.c,484 :: 		
0x016C	0x0CF9      	RRF        R9, 1
;__Lib_MathDouble.c,485 :: 		
0x016D	0x0BF7      	DECFSZ     R7, 1
;__Lib_MathDouble.c,486 :: 		
0x016E	0x2968      	GOTO       ALOOPB32
;__Lib_MathDouble.c,487 :: 		
ALIGNED32:
;__Lib_MathDouble.c,488 :: 		
0x016F	0x1FA0      	BTFSS      __math_tempbD, 7
;__Lib_MathDouble.c,489 :: 		
0x0170	0x297C      	GOTO       AOK32
;__Lib_MathDouble.c,490 :: 		
0x0171	0x09F9      	COMF       R9, 1
;__Lib_MathDouble.c,491 :: 		
0x0172	0x09F4      	COMF       R4, 1
;__Lib_MathDouble.c,492 :: 		
0x0173	0x09F5      	COMF       R5, 1
;__Lib_MathDouble.c,493 :: 		
0x0174	0x09F6      	COMF       R6, 1
;__Lib_MathDouble.c,494 :: 		
0x0175	0x0AF9      	INCF       R9, 1
;__Lib_MathDouble.c,495 :: 		
0x0176	0x1903      	BTFSC      STATUS, 2
;__Lib_MathDouble.c,496 :: 		
0x0177	0x0AF4      	INCF       R4, 1
;__Lib_MathDouble.c,497 :: 		
0x0178	0x1903      	BTFSC      STATUS, 2
;__Lib_MathDouble.c,498 :: 		
0x0179	0x0AF5      	INCF       R5, 1
;__Lib_MathDouble.c,499 :: 		
0x017A	0x1903      	BTFSC      STATUS, 2
;__Lib_MathDouble.c,500 :: 		
0x017B	0x0AF6      	INCF       R6, 1
;__Lib_MathDouble.c,501 :: 		
AOK32:
;__Lib_MathDouble.c,502 :: 		
0x017C	0x0879      	MOVF       R9, 0
;__Lib_MathDouble.c,503 :: 		
0x017D	0x07F8      	ADDWF      R8, 1
;__Lib_MathDouble.c,504 :: 		
0x017E	0x0874      	MOVF       R4, 0
;__Lib_MathDouble.c,505 :: 		
0x017F	0x1803      	BTFSC      STATUS, 0
;__Lib_MathDouble.c,506 :: 		
0x0180	0x0F74      	INCFSZ     R4, 0
;__Lib_MathDouble.c,507 :: 		
0x0181	0x07F0      	ADDWF      R0, 1
;__Lib_MathDouble.c,508 :: 		
0x0182	0x0875      	MOVF       R5, 0
;__Lib_MathDouble.c,509 :: 		
0x0183	0x1803      	BTFSC      STATUS, 0
;__Lib_MathDouble.c,510 :: 		
0x0184	0x0F75      	INCFSZ     R5, 0
;__Lib_MathDouble.c,511 :: 		
0x0185	0x07F1      	ADDWF      R1, 1
;__Lib_MathDouble.c,512 :: 		
0x0186	0x0876      	MOVF       R6, 0
;__Lib_MathDouble.c,513 :: 		
0x0187	0x1803      	BTFSC      STATUS, 0
;__Lib_MathDouble.c,514 :: 		
0x0188	0x0F76      	INCFSZ     R6, 0
;__Lib_MathDouble.c,515 :: 		
0x0189	0x07F2      	ADDWF      R2, 1
;__Lib_MathDouble.c,516 :: 		
0x018A	0x1BA0      	BTFSC      __math_tempbD, 7
;__Lib_MathDouble.c,517 :: 		
0x018B	0x2995      	GOTO       ACOMP32
;__Lib_MathDouble.c,518 :: 		
0x018C	0x1C03      	BTFSS      STATUS, 0
;__Lib_MathDouble.c,519 :: 		
0x018D	0x29A5      	GOTO       JMPNRMRND4032
;__Lib_MathDouble.c,520 :: 		
0x018E	0x0CF2      	RRF        R2, 1
;__Lib_MathDouble.c,521 :: 		
0x018F	0x0CF1      	RRF        R1, 1
;__Lib_MathDouble.c,522 :: 		
0x0190	0x0CF0      	RRF        R0, 1
;__Lib_MathDouble.c,523 :: 		
0x0191	0x0CF8      	RRF        R8, 1
;__Lib_MathDouble.c,524 :: 		
0x0192	0x0FF3      	INCFSZ     R3, 1
;__Lib_MathDouble.c,525 :: 		
0x0193	0x29A5      	GOTO       JMPNRMRND4032
;__Lib_MathDouble.c,526 :: 		
0x0194	0x29B1      	GOTO       ADD_JMPSETFOV32
;__Lib_MathDouble.c,527 :: 		
ACOMP32:
;__Lib_MathDouble.c,528 :: 		
0x0195	0x1803      	BTFSC      STATUS, 0
;__Lib_MathDouble.c,529 :: 		
0x0196	0x29A9      	GOTO       JMPNRM4032
;__Lib_MathDouble.c,530 :: 		
0x0197	0x09F8      	COMF       R8, 1
;__Lib_MathDouble.c,531 :: 		
0x0198	0x09F0      	COMF       R0, 1
;__Lib_MathDouble.c,532 :: 		
0x0199	0x09F1      	COMF       R1, 1
;__Lib_MathDouble.c,533 :: 		
0x019A	0x09F2      	COMF       R2, 1
;__Lib_MathDouble.c,534 :: 		
0x019B	0x0AF8      	INCF       R8, 1
;__Lib_MathDouble.c,535 :: 		
0x019C	0x1903      	BTFSC      STATUS, 2
;__Lib_MathDouble.c,536 :: 		
0x019D	0x0AF0      	INCF       R0, 1
;__Lib_MathDouble.c,537 :: 		
0x019E	0x1903      	BTFSC      STATUS, 2
;__Lib_MathDouble.c,538 :: 		
0x019F	0x0AF1      	INCF       R1, 1
;__Lib_MathDouble.c,539 :: 		
0x01A0	0x1903      	BTFSC      STATUS, 2
;__Lib_MathDouble.c,540 :: 		
0x01A1	0x0AF2      	INCF       R2, 1
;__Lib_MathDouble.c,541 :: 		
0x01A2	0x3080      	MOVLW      128
;__Lib_MathDouble.c,542 :: 		
0x01A3	0x06FA      	XORWF      R10, 1
;__Lib_MathDouble.c,543 :: 		
0x01A4	0x29AD      	GOTO       JMPNRM32
;__Lib_MathDouble.c,544 :: 		
JMPNRMRND4032:
;__Lib_MathDouble.c,545 :: 		
0x01A5	0x3001      	MOVLW      1
;__Lib_MathDouble.c,546 :: 		
0x01A6	0x00FC      	MOVWF      R12
;__Lib_MathDouble.c,548 :: 		
0x01A7	0x2090      	CALL       _NRM4032
;__Lib_MathDouble.c,550 :: 		
0x01A8	0x29B7      	GOTO       ADD32EEE
;__Lib_MathDouble.c,551 :: 		
JMPNRM4032:
;__Lib_MathDouble.c,552 :: 		
0x01A9	0x3002      	MOVLW      2
;__Lib_MathDouble.c,553 :: 		
0x01AA	0x00FC      	MOVWF      R12
;__Lib_MathDouble.c,555 :: 		
0x01AB	0x2090      	CALL       _NRM4032
;__Lib_MathDouble.c,557 :: 		
0x01AC	0x29B7      	GOTO       ADD32EEE
;__Lib_MathDouble.c,558 :: 		
JMPNRM32:
;__Lib_MathDouble.c,559 :: 		
0x01AD	0x3004      	MOVLW      4
;__Lib_MathDouble.c,560 :: 		
0x01AE	0x00FC      	MOVWF      R12
;__Lib_MathDouble.c,562 :: 		
0x01AF	0x2061      	CALL       _NRM3232
;__Lib_MathDouble.c,564 :: 		
0x01B0	0x29B7      	GOTO       ADD32EEE
;__Lib_MathDouble.c,565 :: 		
ADD_JMPSETFOV32:
;__Lib_MathDouble.c,566 :: 		
0x01B1	0x3008      	MOVLW      8
;__Lib_MathDouble.c,567 :: 		
0x01B2	0x00FC      	MOVWF      R12
;__Lib_MathDouble.c,569 :: 		
0x01B3	0x2045      	CALL       _SETFOV32
;__Lib_MathDouble.c,571 :: 		
0x01B4	0x29B7      	GOTO       ADD32EEE
;__Lib_MathDouble.c,572 :: 		
JMPEEE:
;__Lib_MathDouble.c,573 :: 		
0x01B5	0x3000      	MOVLW      0
;__Lib_MathDouble.c,574 :: 		
0x01B6	0x00FC      	MOVWF      R12
;__Lib_MathDouble.c,575 :: 		
ADD32EEE:
;__Lib_MathDouble.c,576 :: 		
0x01B7	0x0000      	NOP
;__Lib_MathDouble.c,584 :: 		
0x01B8	0x0008      	RETURN
; end of _Add_32x32_FP
_Mul_16x16_U:
;__Lib_Math.c,136 :: 		
;__Lib_Math.c,143 :: 		
0x01B9	0x1283      	BCF        STATUS, 5
;__Lib_Math.c,144 :: 		
0x01BA	0x1303      	BCF        STATUS, 6
;__Lib_Math.c,145 :: 		
0x01BB	0x01FB      	CLRF       R11
;__Lib_Math.c,146 :: 		
0x01BC	0x01FA      	CLRF       R10
;__Lib_Math.c,147 :: 		
0x01BD	0x01F9      	CLRF       R9
;__Lib_Math.c,148 :: 		
0x01BE	0x3080      	MOVLW      128
;__Lib_Math.c,149 :: 		
0x01BF	0x00F8      	MOVWF      R8
;__Lib_Math.c,150 :: 		
0x01C0	0x0CF1      	RRF        R1, 1
;__Lib_Math.c,151 :: 		
0x01C1	0x0CF0      	RRF        R0, 1
;__Lib_Math.c,152 :: 		
0x01C2	0x1C03      	BTFSS      STATUS, 0
;__Lib_Math.c,153 :: 		
0x01C3	0x29CD      	GOTO       $+10
;__Lib_Math.c,154 :: 		
0x01C4	0x0874      	MOVF       R4, 0
;__Lib_Math.c,155 :: 		
0x01C5	0x07F9      	ADDWF      R9, 1
;__Lib_Math.c,156 :: 		
0x01C6	0x0875      	MOVF       R5, 0
;__Lib_Math.c,157 :: 		
0x01C7	0x1803      	BTFSC      STATUS, 0
;__Lib_Math.c,158 :: 		
0x01C8	0x0F75      	INCFSZ     R5, 0
;__Lib_Math.c,159 :: 		
0x01C9	0x07FA      	ADDWF      R10, 1
;__Lib_Math.c,160 :: 		
0x01CA	0x1803      	BTFSC      STATUS, 0
;__Lib_Math.c,161 :: 		
0x01CB	0x0AFB      	INCF       R11, 1
;__Lib_Math.c,162 :: 		
0x01CC	0x1003      	BCF        STATUS, 0
;__Lib_Math.c,163 :: 		
0x01CD	0x1FF0      	BTFSS      R0, 7
;__Lib_Math.c,164 :: 		
0x01CE	0x29D5      	GOTO       $+7
;__Lib_Math.c,165 :: 		
0x01CF	0x0874      	MOVF       R4, 0
;__Lib_Math.c,166 :: 		
0x01D0	0x07FA      	ADDWF      R10, 1
;__Lib_Math.c,167 :: 		
0x01D1	0x0875      	MOVF       R5, 0
;__Lib_Math.c,168 :: 		
0x01D2	0x1803      	BTFSC      STATUS, 0
;__Lib_Math.c,169 :: 		
0x01D3	0x0F75      	INCFSZ     R5, 0
;__Lib_Math.c,170 :: 		
0x01D4	0x07FB      	ADDWF      R11, 1
;__Lib_Math.c,171 :: 		
0x01D5	0x0CFB      	RRF        R11, 1
;__Lib_Math.c,172 :: 		
0x01D6	0x0CFA      	RRF        R10, 1
;__Lib_Math.c,173 :: 		
0x01D7	0x0CF9      	RRF        R9, 1
;__Lib_Math.c,174 :: 		
0x01D8	0x0CF8      	RRF        R8, 1
;__Lib_Math.c,175 :: 		
0x01D9	0x1C03      	BTFSS      STATUS, 0
;__Lib_Math.c,176 :: 		
0x01DA	0x29C0      	GOTO       $-26
;__Lib_Math.c,177 :: 		
0x01DB	0x087B      	MOVF       R11, 0
;__Lib_Math.c,178 :: 		
0x01DC	0x00F3      	MOVWF      R3
;__Lib_Math.c,179 :: 		
0x01DD	0x087A      	MOVF       R10, 0
;__Lib_Math.c,180 :: 		
0x01DE	0x00F2      	MOVWF      R2
;__Lib_Math.c,181 :: 		
0x01DF	0x0879      	MOVF       R9, 0
;__Lib_Math.c,182 :: 		
0x01E0	0x00F1      	MOVWF      R1
;__Lib_Math.c,183 :: 		
0x01E1	0x0878      	MOVF       R8, 0
;__Lib_Math.c,184 :: 		
0x01E2	0x00F0      	MOVWF      R0
;__Lib_Math.c,187 :: 		
0x01E3	0x0008      	RETURN
; end of _Mul_16x16_U
_WordToStr:
;__Lib_Conversions.c,84 :: 		
;__Lib_Conversions.c,89 :: 		
0x01E4	0x1283      	BCF        STATUS, 5
0x01E5	0x1303      	BCF        STATUS, 6
0x01E6	0x01C9      	CLRF       WordToStr_len_L0
L_WordToStr6:
0x01E7	0x3005      	MOVLW      5
0x01E8	0x0249      	SUBWF      WordToStr_len_L0, 0
0x01E9	0x1803      	BTFSC      STATUS, 0
0x01EA	0x29F2      	GOTO       L_WordToStr7
;__Lib_Conversions.c,90 :: 		
0x01EB	0x0849      	MOVF       WordToStr_len_L0, 0
0x01EC	0x0748      	ADDWF      FARG_WordToStr_output, 0
0x01ED	0x0084      	MOVWF      FSR
0x01EE	0x3020      	MOVLW      32
0x01EF	0x0080      	MOVWF      INDF
;__Lib_Conversions.c,89 :: 		
0x01F0	0x0AC9      	INCF       WordToStr_len_L0, 1
;__Lib_Conversions.c,90 :: 		
0x01F1	0x29E7      	GOTO       L_WordToStr6
L_WordToStr7:
;__Lib_Conversions.c,91 :: 		
0x01F2	0x0849      	MOVF       WordToStr_len_L0, 0
0x01F3	0x0748      	ADDWF      FARG_WordToStr_output, 0
0x01F4	0x0084      	MOVWF      FSR
0x01F5	0x0180      	CLRF       INDF
0x01F6	0x03C9      	DECF       WordToStr_len_L0, 1
;__Lib_Conversions.c,93 :: 		
L_WordToStr9:
;__Lib_Conversions.c,94 :: 		
0x01F7	0x0849      	MOVF       WordToStr_len_L0, 0
0x01F8	0x0748      	ADDWF      FARG_WordToStr_output, 0
0x01F9	0x00CA      	MOVWF      FLOC__WordToStr
0x01FA	0x300A      	MOVLW      10
0x01FB	0x00F4      	MOVWF      R4
0x01FC	0x01F5      	CLRF       R4+1
0x01FD	0x0846      	MOVF       FARG_WordToStr_input, 0
0x01FE	0x00F0      	MOVWF      R0
0x01FF	0x0847      	MOVF       FARG_WordToStr_input+1, 0
0x0200	0x00F1      	MOVWF      R0+1
0x0201	0x20EA      	CALL       _Div_16x16_U
0x0202	0x0878      	MOVF       R8, 0
0x0203	0x00F0      	MOVWF      R0
0x0204	0x0879      	MOVF       R8+1, 0
0x0205	0x00F1      	MOVWF      R0+1
0x0206	0x3030      	MOVLW      48
0x0207	0x07F0      	ADDWF      R0, 1
0x0208	0x084A      	MOVF       FLOC__WordToStr, 0
0x0209	0x0084      	MOVWF      FSR
0x020A	0x0870      	MOVF       R0, 0
0x020B	0x0080      	MOVWF      INDF
;__Lib_Conversions.c,95 :: 		
0x020C	0x300A      	MOVLW      10
0x020D	0x00F4      	MOVWF      R4
0x020E	0x01F5      	CLRF       R4+1
0x020F	0x0846      	MOVF       FARG_WordToStr_input, 0
0x0210	0x00F0      	MOVWF      R0
0x0211	0x0847      	MOVF       FARG_WordToStr_input+1, 0
0x0212	0x00F1      	MOVWF      R0+1
0x0213	0x20EA      	CALL       _Div_16x16_U
0x0214	0x0870      	MOVF       R0, 0
0x0215	0x00C6      	MOVWF      FARG_WordToStr_input
0x0216	0x0871      	MOVF       R0+1, 0
0x0217	0x00C7      	MOVWF      FARG_WordToStr_input+1
;__Lib_Conversions.c,96 :: 		
0x0218	0x3000      	MOVLW      0
0x0219	0x0671      	XORWF      R0+1, 0
0x021A	0x1D03      	BTFSS      STATUS, 2
0x021B	0x2A1E      	GOTO       L__WordToStr96
0x021C	0x3000      	MOVLW      0
0x021D	0x0670      	XORWF      R0, 0
L__WordToStr96:
0x021E	0x1D03      	BTFSS      STATUS, 2
0x021F	0x2A21      	GOTO       L_WordToStr11
;__Lib_Conversions.c,97 :: 		
0x0220	0x2A23      	GOTO       L_WordToStr10
L_WordToStr11:
;__Lib_Conversions.c,98 :: 		
0x0221	0x03C9      	DECF       WordToStr_len_L0, 1
;__Lib_Conversions.c,99 :: 		
0x0222	0x29F7      	GOTO       L_WordToStr9
L_WordToStr10:
;__Lib_Conversions.c,100 :: 		
0x0223	0x0008      	RETURN
; end of _WordToStr
_____DoICP:
;__Lib_System.c,6 :: 		
;__Lib_System.c,9 :: 		
0x0224	0x1283      	BCF        STATUS, 5
0x0225	0x1303      	BCF        STATUS, 6
0x0226	0x082C      	MOVF       ___DoICPAddr+1, 0
0x0227	0x008A      	MOVWF      PCLATH
;__Lib_System.c,10 :: 		
0x0228	0x082B      	MOVF       ___DoICPAddr, 0
0x0229	0x0082      	MOVWF      PCL
;__Lib_System.c,12 :: 		
0x022A	0x0008      	RETURN
; end of _____DoICP
_SETIOV3224:
;__Lib_MathDouble.c,1000 :: 		
;__Lib_MathDouble.c,1006 :: 		
0x022B	0x147B      	BSF        R11, 0
;__Lib_MathDouble.c,1007 :: 		
0x022C	0x1FFB      	BTFSS      R11, 7
;__Lib_MathDouble.c,1008 :: 		
0x022D	0x2A36      	GOTO       SETIOV3224EEE
;__Lib_MathDouble.c,1010 :: 		
0x022E	0x01F2      	CLRF       R2
;__Lib_MathDouble.c,1011 :: 		
0x022F	0x1FFA      	BTFSS      R10, 7
;__Lib_MathDouble.c,1012 :: 		
0x0230	0x30FF      	MOVLW      255
;__Lib_MathDouble.c,1013 :: 		
0x0231	0x00F2      	MOVWF      R2
;__Lib_MathDouble.c,1014 :: 		
0x0232	0x00F1      	MOVWF      R1
;__Lib_MathDouble.c,1015 :: 		
0x0233	0x00F0      	MOVWF      R0
;__Lib_MathDouble.c,1016 :: 		
0x0234	0x0DFA      	RLF        R10, 1
;__Lib_MathDouble.c,1017 :: 		
0x0235	0x0CF2      	RRF        R2, 1
;__Lib_MathDouble.c,1018 :: 		
SETIOV3224EEE:
;__Lib_MathDouble.c,1019 :: 		
0x0236	0x30FF      	MOVLW      255
;__Lib_MathDouble.c,1021 :: 		
0x0237	0x0008      	RETURN
; end of _SETIOV3224
_IntToStr:
;__Lib_Conversions.c,146 :: 		
;__Lib_Conversions.c,152 :: 		
0x0238	0x1283      	BCF        STATUS, 5
0x0239	0x1303      	BCF        STATUS, 6
0x023A	0x01C2      	CLRF       IntToStr_negative_L0
0x023B	0x01C3      	CLRF       IntToStr_negative_L0+1
;__Lib_Conversions.c,153 :: 		
0x023C	0x083D      	MOVF       FARG_IntToStr_input, 0
0x023D	0x00C4      	MOVWF      IntToStr_inword_L0
0x023E	0x083E      	MOVF       FARG_IntToStr_input+1, 0
0x023F	0x00C5      	MOVWF      IntToStr_inword_L0+1
;__Lib_Conversions.c,154 :: 		
0x0240	0x3080      	MOVLW      128
0x0241	0x063E      	XORWF      FARG_IntToStr_input+1, 0
0x0242	0x00F0      	MOVWF      R0
0x0243	0x3080      	MOVLW      128
0x0244	0x0270      	SUBWF      R0, 0
0x0245	0x1D03      	BTFSS      STATUS, 2
0x0246	0x2A49      	GOTO       L__IntToStr99
0x0247	0x3000      	MOVLW      0
0x0248	0x023D      	SUBWF      FARG_IntToStr_input, 0
L__IntToStr99:
0x0249	0x1803      	BTFSC      STATUS, 0
0x024A	0x2A57      	GOTO       L_IntToStr23
;__Lib_Conversions.c,155 :: 		
0x024B	0x3001      	MOVLW      1
0x024C	0x00C2      	MOVWF      IntToStr_negative_L0
0x024D	0x3000      	MOVLW      0
0x024E	0x00C3      	MOVWF      IntToStr_negative_L0+1
;__Lib_Conversions.c,156 :: 		
0x024F	0x083D      	MOVF       FARG_IntToStr_input, 0
0x0250	0x3C00      	SUBLW      0
0x0251	0x00C4      	MOVWF      IntToStr_inword_L0
0x0252	0x083E      	MOVF       FARG_IntToStr_input+1, 0
0x0253	0x1C03      	BTFSS      STATUS, 0
0x0254	0x3E01      	ADDLW      1
0x0255	0x01C5      	CLRF       IntToStr_inword_L0+1
0x0256	0x02C5      	SUBWF      IntToStr_inword_L0+1, 1
;__Lib_Conversions.c,157 :: 		
L_IntToStr23:
;__Lib_Conversions.c,158 :: 		
0x0257	0x0844      	MOVF       IntToStr_inword_L0, 0
0x0258	0x00C6      	MOVWF      FARG_WordToStr_input
0x0259	0x0845      	MOVF       IntToStr_inword_L0+1, 0
0x025A	0x00C7      	MOVWF      FARG_WordToStr_input+1
0x025B	0x083F      	MOVF       FARG_IntToStr_output, 0
0x025C	0x00C8      	MOVWF      FARG_WordToStr_output
0x025D	0x21E4      	CALL       _WordToStr
;__Lib_Conversions.c,160 :: 		
0x025E	0x3006      	MOVLW      6
0x025F	0x00C0      	MOVWF      IntToStr_i_L0
0x0260	0x3000      	MOVLW      0
0x0261	0x00C1      	MOVWF      IntToStr_i_L0+1
;__Lib_Conversions.c,161 :: 		
L_IntToStr24:
0x0262	0x0841      	MOVF       IntToStr_i_L0+1, 0
0x0263	0x3C00      	SUBLW      0
0x0264	0x1D03      	BTFSS      STATUS, 2
0x0265	0x2A68      	GOTO       L__IntToStr100
0x0266	0x0840      	MOVF       IntToStr_i_L0, 0
0x0267	0x3C00      	SUBLW      0
L__IntToStr100:
0x0268	0x1803      	BTFSC      STATUS, 0
0x0269	0x2A83      	GOTO       L_IntToStr25
;__Lib_Conversions.c,162 :: 		
0x026A	0x0840      	MOVF       IntToStr_i_L0, 0
0x026B	0x073F      	ADDWF      FARG_IntToStr_output, 0
0x026C	0x00F2      	MOVWF      R2
0x026D	0x3001      	MOVLW      1
0x026E	0x0240      	SUBWF      IntToStr_i_L0, 0
0x026F	0x00F0      	MOVWF      R0
0x0270	0x3000      	MOVLW      0
0x0271	0x1C03      	BTFSS      STATUS, 0
0x0272	0x3E01      	ADDLW      1
0x0273	0x0241      	SUBWF      IntToStr_i_L0+1, 0
0x0274	0x00F1      	MOVWF      R0+1
0x0275	0x0870      	MOVF       R0, 0
0x0276	0x073F      	ADDWF      FARG_IntToStr_output, 0
0x0277	0x0084      	MOVWF      FSR
0x0278	0x0800      	MOVF       INDF, 0
0x0279	0x00F0      	MOVWF      R0
0x027A	0x0872      	MOVF       R2, 0
0x027B	0x0084      	MOVWF      FSR
0x027C	0x0870      	MOVF       R0, 0
0x027D	0x0080      	MOVWF      INDF
;__Lib_Conversions.c,163 :: 		
0x027E	0x3001      	MOVLW      1
0x027F	0x02C0      	SUBWF      IntToStr_i_L0, 1
0x0280	0x1C03      	BTFSS      STATUS, 0
0x0281	0x03C1      	DECF       IntToStr_i_L0+1, 1
;__Lib_Conversions.c,164 :: 		
0x0282	0x2A62      	GOTO       L_IntToStr24
L_IntToStr25:
;__Lib_Conversions.c,165 :: 		
0x0283	0x083F      	MOVF       FARG_IntToStr_output, 0
0x0284	0x0084      	MOVWF      FSR
0x0285	0x3020      	MOVLW      32
0x0286	0x0080      	MOVWF      INDF
;__Lib_Conversions.c,166 :: 		
0x0287	0x0842      	MOVF       IntToStr_negative_L0, 0
0x0288	0x0443      	IORWF      IntToStr_negative_L0+1, 0
0x0289	0x1903      	BTFSC      STATUS, 2
0x028A	0x2AA1      	GOTO       L_IntToStr26
;__Lib_Conversions.c,167 :: 		
0x028B	0x01C0      	CLRF       IntToStr_i_L0
0x028C	0x01C1      	CLRF       IntToStr_i_L0+1
;__Lib_Conversions.c,168 :: 		
L_IntToStr27:
0x028D	0x0840      	MOVF       IntToStr_i_L0, 0
0x028E	0x073F      	ADDWF      FARG_IntToStr_output, 0
0x028F	0x0084      	MOVWF      FSR
0x0290	0x0800      	MOVF       INDF, 0
0x0291	0x3A20      	XORLW      32
0x0292	0x1D03      	BTFSS      STATUS, 2
0x0293	0x2A98      	GOTO       L_IntToStr28
0x0294	0x0AC0      	INCF       IntToStr_i_L0, 1
0x0295	0x1903      	BTFSC      STATUS, 2
0x0296	0x0AC1      	INCF       IntToStr_i_L0+1, 1
0x0297	0x2A8D      	GOTO       L_IntToStr27
L_IntToStr28:
;__Lib_Conversions.c,169 :: 		
0x0298	0x3001      	MOVLW      1
0x0299	0x02C0      	SUBWF      IntToStr_i_L0, 1
0x029A	0x1C03      	BTFSS      STATUS, 0
0x029B	0x03C1      	DECF       IntToStr_i_L0+1, 1
;__Lib_Conversions.c,170 :: 		
0x029C	0x0840      	MOVF       IntToStr_i_L0, 0
0x029D	0x073F      	ADDWF      FARG_IntToStr_output, 0
0x029E	0x0084      	MOVWF      FSR
0x029F	0x302D      	MOVLW      45
0x02A0	0x0080      	MOVWF      INDF
L_IntToStr26:
;__Lib_Conversions.c,171 :: 		
0x02A1	0x0008      	RETURN
; end of _IntToStr
_Double2Word:
;__Lib_MathDouble.c,1529 :: 		
;__Lib_MathDouble.c,1536 :: 		
0x02A2	0x1283      	BCF        STATUS, 5
;__Lib_MathDouble.c,1537 :: 		
0x02A3	0x1303      	BCF        STATUS, 6
;__Lib_MathDouble.c,1539 :: 		
0x02A4	0x01FB      	CLRF       R11
;__Lib_MathDouble.c,1540 :: 		
0x02A5	0x01FC      	CLRF       R12
;__Lib_MathDouble.c,1541 :: 		
0x02A6	0x01FA      	CLRF       R10
;__Lib_MathDouble.c,1543 :: 		
0x02A7	0x0873      	MOVF       R3, 0
;__Lib_MathDouble.c,1544 :: 		
0x02A8	0x1903      	BTFSC      STATUS, 2
;__Lib_MathDouble.c,1545 :: 		
0x02A9	0x2AE1      	GOTO       IRES016U
;__Lib_MathDouble.c,1547 :: 		
0x02AA	0x17F2      	BSF        R2, 7
;__Lib_MathDouble.c,1549 :: 		
0x02AB	0x308E      	MOVLW      142
;__Lib_MathDouble.c,1550 :: 		
0x02AC	0x02F3      	SUBWF      R3, 1
;__Lib_MathDouble.c,1551 :: 		
0x02AD	0x1BF3      	BTFSC      R3, 7
;__Lib_MathDouble.c,1552 :: 		
0x02AE	0x2AB2      	GOTO       SETEXP16U
;__Lib_MathDouble.c,1553 :: 		
0x02AF	0x1903      	BTFSC      STATUS, 2
;__Lib_MathDouble.c,1554 :: 		
0x02B0	0x2AB2      	GOTO       SETEXP16U
;__Lib_MathDouble.c,1555 :: 		
0x02B1	0x2AE4      	GOTO       SETIOV16U
;__Lib_MathDouble.c,1556 :: 		
SETEXP16U:
;__Lib_MathDouble.c,1557 :: 		
0x02B2	0x09F3      	COMF       R3, 1
;__Lib_MathDouble.c,1558 :: 		
0x02B3	0x0AF3      	INCF       R3, 1
;__Lib_MathDouble.c,1560 :: 		
0x02B4	0x3008      	MOVLW      8
;__Lib_MathDouble.c,1561 :: 		
0x02B5	0x0273      	SUBWF      R3, 0
;__Lib_MathDouble.c,1562 :: 		
0x02B6	0x1C03      	BTFSS      STATUS, 0
;__Lib_MathDouble.c,1563 :: 		
0x02B7	0x2AC7      	GOTO       TSHIFT3216U
;__Lib_MathDouble.c,1564 :: 		
0x02B8	0x00F3      	MOVWF      R3
;__Lib_MathDouble.c,1565 :: 		
0x02B9	0x0DF1      	RLF        R1, 1
;__Lib_MathDouble.c,1566 :: 		
0x02BA	0x0872      	MOVF       R2, 0
;__Lib_MathDouble.c,1567 :: 		
0x02BB	0x00F1      	MOVWF      R1
;__Lib_MathDouble.c,1568 :: 		
0x02BC	0x01F2      	CLRF       R2
;__Lib_MathDouble.c,1570 :: 		
0x02BD	0x3008      	MOVLW      8
;__Lib_MathDouble.c,1571 :: 		
0x02BE	0x0273      	SUBWF      R3, 0
;__Lib_MathDouble.c,1572 :: 		
0x02BF	0x1C03      	BTFSS      STATUS, 0
;__Lib_MathDouble.c,1573 :: 		
0x02C0	0x2AC7      	GOTO       TSHIFT3216U
;__Lib_MathDouble.c,1574 :: 		
0x02C1	0x0DF1      	RLF        R1, 1
;__Lib_MathDouble.c,1575 :: 		
0x02C2	0x01F1      	CLRF       R1
;__Lib_MathDouble.c,1577 :: 		
0x02C3	0x0873      	MOVF       R3, 0
;__Lib_MathDouble.c,1578 :: 		
0x02C4	0x1D03      	BTFSS      STATUS, 2
;__Lib_MathDouble.c,1579 :: 		
0x02C5	0x1003      	BCF        STATUS, 0
;__Lib_MathDouble.c,1580 :: 		
0x02C6	0x2ACF      	GOTO       SHIFT3216UOK
;__Lib_MathDouble.c,1581 :: 		
TSHIFT3216U:
;__Lib_MathDouble.c,1582 :: 		
0x02C7	0x0873      	MOVF       R3, 0
;__Lib_MathDouble.c,1583 :: 		
0x02C8	0x1903      	BTFSC      STATUS, 2
;__Lib_MathDouble.c,1584 :: 		
0x02C9	0x2ACF      	GOTO       SHIFT3216UOK
;__Lib_MathDouble.c,1585 :: 		
SHIFT3216U:
;__Lib_MathDouble.c,1586 :: 		
0x02CA	0x1003      	BCF        STATUS, 0
;__Lib_MathDouble.c,1587 :: 		
0x02CB	0x0CF2      	RRF        R2, 1
;__Lib_MathDouble.c,1588 :: 		
0x02CC	0x0CF1      	RRF        R1, 1
;__Lib_MathDouble.c,1589 :: 		
0x02CD	0x0BF3      	DECFSZ     R3, 1
;__Lib_MathDouble.c,1590 :: 		
0x02CE	0x2ACA      	GOTO       SHIFT3216U
;__Lib_MathDouble.c,1591 :: 		
SHIFT3216UOK:
;__Lib_MathDouble.c,1592 :: 		
0x02CF	0x1B7B      	BTFSC      R11, 6
;__Lib_MathDouble.c,1593 :: 		
0x02D0	0x1C71      	BTFSS      R1, 0
;__Lib_MathDouble.c,1594 :: 		
0x02D1	0x2AD9      	GOTO       INT3216UOK
;__Lib_MathDouble.c,1595 :: 		
0x02D2	0x1C03      	BTFSS      STATUS, 0
;__Lib_MathDouble.c,1596 :: 		
0x02D3	0x2AD9      	GOTO       INT3216UOK
;__Lib_MathDouble.c,1597 :: 		
0x02D4	0x0AF1      	INCF       R1, 1
;__Lib_MathDouble.c,1598 :: 		
0x02D5	0x1903      	BTFSC      STATUS, 2
;__Lib_MathDouble.c,1599 :: 		
0x02D6	0x0AF2      	INCF       R2, 1
;__Lib_MathDouble.c,1600 :: 		
0x02D7	0x1BF2      	BTFSC      R2, 7
;__Lib_MathDouble.c,1601 :: 		
0x02D8	0x2AF0      	GOTO       JPKSETIOV3224
;__Lib_MathDouble.c,1602 :: 		
INT3216UOK:
;__Lib_MathDouble.c,1603 :: 		
0x02D9	0x1FFA      	BTFSS      R10, 7
;__Lib_MathDouble.c,1604 :: 		
0x02DA	0x2AF3      	GOTO       INT3216UEOK
;__Lib_MathDouble.c,1606 :: 		
0x02DB	0x09F2      	COMF       R2, 1
;__Lib_MathDouble.c,1607 :: 		
0x02DC	0x09F1      	COMF       R1, 1
;__Lib_MathDouble.c,1608 :: 		
0x02DD	0x0AF1      	INCF       R1, 1
;__Lib_MathDouble.c,1609 :: 		
0x02DE	0x1903      	BTFSC      STATUS, 2
;__Lib_MathDouble.c,1610 :: 		
0x02DF	0x0AF2      	INCF       R2, 1
;__Lib_MathDouble.c,1611 :: 		
0x02E0	0x2AF3      	GOTO       INT3216UEOK
;__Lib_MathDouble.c,1613 :: 		
IRES016U:
;__Lib_MathDouble.c,1614 :: 		
0x02E1	0x01F2      	CLRF       R2
;__Lib_MathDouble.c,1615 :: 		
0x02E2	0x01F1      	CLRF       R1
;__Lib_MathDouble.c,1616 :: 		
0x02E3	0x2AF3      	GOTO       INT3216UEOK
;__Lib_MathDouble.c,1617 :: 		
SETIOV16U:
;__Lib_MathDouble.c,1618 :: 		
0x02E4	0x147B      	BSF        R11, 0
;__Lib_MathDouble.c,1619 :: 		
0x02E5	0x1FFB      	BTFSS      R11, 7
;__Lib_MathDouble.c,1620 :: 		
0x02E6	0x2AF6      	GOTO       INT3216UEER
;__Lib_MathDouble.c,1622 :: 		
0x02E7	0x01F2      	CLRF       R2
;__Lib_MathDouble.c,1623 :: 		
0x02E8	0x1FFA      	BTFSS      R10, 7
;__Lib_MathDouble.c,1624 :: 		
0x02E9	0x2AF6      	GOTO       INT3216UEER
;__Lib_MathDouble.c,1625 :: 		
0x02EA	0x30FF      	MOVLW      255
;__Lib_MathDouble.c,1626 :: 		
0x02EB	0x00F2      	MOVWF      R2
;__Lib_MathDouble.c,1627 :: 		
0x02EC	0x00F1      	MOVWF      R1
;__Lib_MathDouble.c,1628 :: 		
0x02ED	0x0DFA      	RLF        R10, 1
;__Lib_MathDouble.c,1629 :: 		
0x02EE	0x0CF2      	RRF        R2, 1
;__Lib_MathDouble.c,1630 :: 		
0x02EF	0x2AF6      	GOTO       INT3216UEER
;__Lib_MathDouble.c,1632 :: 		
JPKSETIOV3224:
;__Lib_MathDouble.c,1633 :: 		
0x02F0	0x3001      	MOVLW      1
;__Lib_MathDouble.c,1634 :: 		
0x02F1	0x00FC      	MOVWF      R12
;__Lib_MathDouble.c,1635 :: 		
0x02F2	0x2AF8      	GOTO       INT3216UEEE
;__Lib_MathDouble.c,1636 :: 		
INT3216UEOK:
;__Lib_MathDouble.c,1637 :: 		
0x02F3	0x3000      	MOVLW      0
;__Lib_MathDouble.c,1638 :: 		
0x02F4	0x00FC      	MOVWF      R12
;__Lib_MathDouble.c,1639 :: 		
0x02F5	0x2AF8      	GOTO       INT3216UEEE
;__Lib_MathDouble.c,1640 :: 		
INT3216UEER:
;__Lib_MathDouble.c,1641 :: 		
0x02F6	0x30FF      	MOVLW      255
;__Lib_MathDouble.c,1642 :: 		
0x02F7	0x00FC      	MOVWF      R12
;__Lib_MathDouble.c,1643 :: 		
INT3216UEEE:
;__Lib_MathDouble.c,1646 :: 		
0x02F8	0x08FC      	MOVF       R12, 1
;__Lib_MathDouble.c,1648 :: 		
0x02F9	0x1903      	BTFSC      STATUS, 2
;__Lib_MathDouble.c,1649 :: 		
0x02FA	0x2AFC      	GOTO       L_Double2Word_0
;__Lib_MathDouble.c,1651 :: 		
0x02FB	0x222B      	CALL       _SETIOV3224
;__Lib_MathDouble.c,1653 :: 		
L_Double2Word_0:
;__Lib_MathDouble.c,1654 :: 		
0x02FC	0x0871      	MOVF       R1, 0
;__Lib_MathDouble.c,1655 :: 		
0x02FD	0x00F0      	MOVWF      R0
;__Lib_MathDouble.c,1656 :: 		
0x02FE	0x0872      	MOVF       R2, 0
;__Lib_MathDouble.c,1657 :: 		
0x02FF	0x00F1      	MOVWF      R1
;__Lib_MathDouble.c,1660 :: 		
0x0300	0x0008      	RETURN
; end of _Double2Word
_Mul_32x32_FP:
;__Lib_MathDouble.c,610 :: 		
;__Lib_MathDouble.c,622 :: 		
;__Lib_MathDouble.c,624 :: 		
0x0301	0x1283      	BCF        STATUS, 5
;__Lib_MathDouble.c,625 :: 		
0x0302	0x1303      	BCF        STATUS, 6
;__Lib_MathDouble.c,627 :: 		
0x0303	0x01FB      	CLRF       R11
;__Lib_MathDouble.c,628 :: 		
0x0304	0x0873      	MOVF       R3, 0
;__Lib_MathDouble.c,629 :: 		
0x0305	0x1D03      	BTFSS      STATUS, 2
;__Lib_MathDouble.c,630 :: 		
0x0306	0x0877      	MOVF       R7, 0
;__Lib_MathDouble.c,631 :: 		
0x0307	0x1903      	BTFSC      STATUS, 2
;__Lib_MathDouble.c,632 :: 		
0x0308	0x2B58      	GOTO       JPMRES032
;__Lib_MathDouble.c,634 :: 		
0x0309	0x0872      	MOVF       R2, 0
;__Lib_MathDouble.c,635 :: 		
0x030A	0x0676      	XORWF      R6, 0
;__Lib_MathDouble.c,636 :: 		
0x030B	0x00FA      	MOVWF      R10
;__Lib_MathDouble.c,637 :: 		
0x030C	0x0877      	MOVF       R7, 0
;__Lib_MathDouble.c,638 :: 		
0x030D	0x07F3      	ADDWF      R3, 1
;__Lib_MathDouble.c,639 :: 		
0x030E	0x307E      	MOVLW      126
;__Lib_MathDouble.c,640 :: 		
0x030F	0x1C03      	BTFSS      STATUS, 0
;__Lib_MathDouble.c,641 :: 		
0x0310	0x2B15      	GOTO       MTUN32
;__Lib_MathDouble.c,642 :: 		
0x0311	0x02F3      	SUBWF      R3, 1
;__Lib_MathDouble.c,643 :: 		
0x0312	0x1803      	BTFSC      STATUS, 0
;__Lib_MathDouble.c,644 :: 		
0x0313	0x2B5B      	GOTO       JPMSETFOV32
;__Lib_MathDouble.c,645 :: 		
0x0314	0x2B18      	GOTO       MOK32
;__Lib_MathDouble.c,646 :: 		
MTUN32:
;__Lib_MathDouble.c,647 :: 		
0x0315	0x02F3      	SUBWF      R3, 1
;__Lib_MathDouble.c,648 :: 		
0x0316	0x1C03      	BTFSS      STATUS, 0
;__Lib_MathDouble.c,649 :: 		
0x0317	0x2B5E      	GOTO       JPMSETFUN32
;__Lib_MathDouble.c,650 :: 		
MOK32:
;__Lib_MathDouble.c,651 :: 		
0x0318	0x0872      	MOVF       R2, 0
;__Lib_MathDouble.c,652 :: 		
0x0319	0x00F8      	MOVWF      R8
;__Lib_MathDouble.c,653 :: 		
0x031A	0x0871      	MOVF       R1, 0
;__Lib_MathDouble.c,654 :: 		
0x031B	0x00FC      	MOVWF      R12
;__Lib_MathDouble.c,655 :: 		
0x031C	0x0870      	MOVF       R0, 0
;__Lib_MathDouble.c,656 :: 		
0x031D	0x00FD      	MOVWF      R13
;__Lib_MathDouble.c,657 :: 		
0x031E	0x17F8      	BSF        R8, 7
;__Lib_MathDouble.c,658 :: 		
0x031F	0x17F6      	BSF        R6, 7
;__Lib_MathDouble.c,659 :: 		
0x0320	0x1003      	BCF        STATUS, 0
;__Lib_MathDouble.c,660 :: 		
0x0321	0x01F2      	CLRF       R2
;__Lib_MathDouble.c,661 :: 		
0x0322	0x01F1      	CLRF       R1
;__Lib_MathDouble.c,662 :: 		
0x0323	0x01F0      	CLRF       R0
;__Lib_MathDouble.c,663 :: 		
0x0324	0x3018      	MOVLW      24
;__Lib_MathDouble.c,664 :: 		
0x0325	0x00A0      	MOVWF      __math_tempbD
;__Lib_MathDouble.c,665 :: 		
MLOOP32:
;__Lib_MathDouble.c,666 :: 		
0x0326	0x1C7D      	BTFSS      R13, 0
;__Lib_MathDouble.c,667 :: 		
0x0327	0x2B32      	GOTO       MNOADD32
;__Lib_MathDouble.c,669 :: 		
0x0328	0x0874      	MOVF       R4, 0
;__Lib_MathDouble.c,670 :: 		
0x0329	0x07F0      	ADDWF      R0, 1
;__Lib_MathDouble.c,671 :: 		
0x032A	0x0875      	MOVF       R5, 0
;__Lib_MathDouble.c,672 :: 		
0x032B	0x1803      	BTFSC      STATUS, 0
;__Lib_MathDouble.c,673 :: 		
0x032C	0x0F75      	INCFSZ     R5, 0
;__Lib_MathDouble.c,674 :: 		
0x032D	0x07F1      	ADDWF      R1, 1
;__Lib_MathDouble.c,675 :: 		
0x032E	0x0876      	MOVF       R6, 0
;__Lib_MathDouble.c,676 :: 		
0x032F	0x1803      	BTFSC      STATUS, 0
;__Lib_MathDouble.c,677 :: 		
0x0330	0x0F76      	INCFSZ     R6, 0
;__Lib_MathDouble.c,678 :: 		
0x0331	0x07F2      	ADDWF      R2, 1
;__Lib_MathDouble.c,679 :: 		
MNOADD32:
;__Lib_MathDouble.c,680 :: 		
0x0332	0x0CF2      	RRF        R2, 1
;__Lib_MathDouble.c,681 :: 		
0x0333	0x0CF1      	RRF        R1, 1
;__Lib_MathDouble.c,682 :: 		
0x0334	0x0CF0      	RRF        R0, 1
;__Lib_MathDouble.c,683 :: 		
0x0335	0x0CF8      	RRF        R8, 1
;__Lib_MathDouble.c,684 :: 		
0x0336	0x0CFC      	RRF        R12, 1
;__Lib_MathDouble.c,685 :: 		
0x0337	0x0CFD      	RRF        R13, 1
;__Lib_MathDouble.c,686 :: 		
0x0338	0x1003      	BCF        STATUS, 0
;__Lib_MathDouble.c,687 :: 		
0x0339	0x0BA0      	DECFSZ     __math_tempbD, 1
;__Lib_MathDouble.c,688 :: 		
0x033A	0x2B26      	GOTO       MLOOP32
;__Lib_MathDouble.c,689 :: 		
0x033B	0x1BF2      	BTFSC      R2, 7
;__Lib_MathDouble.c,690 :: 		
0x033C	0x2B42      	GOTO       MROUND32
;__Lib_MathDouble.c,691 :: 		
0x033D	0x0DF8      	RLF        R8, 1
;__Lib_MathDouble.c,692 :: 		
0x033E	0x0DF0      	RLF        R0, 1
;__Lib_MathDouble.c,693 :: 		
0x033F	0x0DF1      	RLF        R1, 1
;__Lib_MathDouble.c,694 :: 		
0x0340	0x0DF2      	RLF        R2, 1
;__Lib_MathDouble.c,695 :: 		
0x0341	0x03F3      	DECF       R3, 1
;__Lib_MathDouble.c,696 :: 		
MROUND32:
;__Lib_MathDouble.c,697 :: 		
0x0342	0x1B7B      	BTFSC      R11, 6
;__Lib_MathDouble.c,698 :: 		
0x0343	0x1C70      	BTFSS      R0, 0
;__Lib_MathDouble.c,699 :: 		
0x0344	0x2B54      	GOTO       MUL32OK
;__Lib_MathDouble.c,700 :: 		
0x0345	0x1FF8      	BTFSS      R8, 7
;__Lib_MathDouble.c,701 :: 		
0x0346	0x2B54      	GOTO       MUL32OK
;__Lib_MathDouble.c,702 :: 		
0x0347	0x0AF0      	INCF       R0, 1
;__Lib_MathDouble.c,703 :: 		
0x0348	0x1903      	BTFSC      STATUS, 2
;__Lib_MathDouble.c,704 :: 		
0x0349	0x0AF1      	INCF       R1, 1
;__Lib_MathDouble.c,705 :: 		
0x034A	0x1903      	BTFSC      STATUS, 2
;__Lib_MathDouble.c,706 :: 		
0x034B	0x0AF2      	INCF       R2, 1
;__Lib_MathDouble.c,707 :: 		
0x034C	0x1D03      	BTFSS      STATUS, 2
;__Lib_MathDouble.c,708 :: 		
0x034D	0x2B54      	GOTO       MUL32OK
;__Lib_MathDouble.c,709 :: 		
0x034E	0x0CF2      	RRF        R2, 1
;__Lib_MathDouble.c,710 :: 		
0x034F	0x0CF1      	RRF        R1, 1
;__Lib_MathDouble.c,711 :: 		
0x0350	0x0CF0      	RRF        R0, 1
;__Lib_MathDouble.c,712 :: 		
0x0351	0x0AF3      	INCF       R3, 1
;__Lib_MathDouble.c,713 :: 		
0x0352	0x1903      	BTFSC      STATUS, 2
;__Lib_MathDouble.c,714 :: 		
0x0353	0x2B5B      	GOTO       JPMSETFOV32
;__Lib_MathDouble.c,715 :: 		
MUL32OK:
;__Lib_MathDouble.c,716 :: 		
0x0354	0x1FFA      	BTFSS      R10, 7
;__Lib_MathDouble.c,717 :: 		
0x0355	0x13F2      	BCF        R2, 7
;__Lib_MathDouble.c,718 :: 		
0x0356	0x3000      	MOVLW      0
;__Lib_MathDouble.c,720 :: 		
0x0357	0x2B60      	GOTO       MUL32EEE
;__Lib_MathDouble.c,721 :: 		
JPMRES032:
;__Lib_MathDouble.c,722 :: 		
0x0358	0x3001      	MOVLW      1
;__Lib_MathDouble.c,725 :: 		
0x0359	0x203E      	CALL       _RES032
;__Lib_MathDouble.c,727 :: 		
0x035A	0x2B60      	GOTO       MUL32EEE
;__Lib_MathDouble.c,728 :: 		
JPMSETFOV32:
;__Lib_MathDouble.c,729 :: 		
0x035B	0x3002      	MOVLW      2
;__Lib_MathDouble.c,732 :: 		
0x035C	0x2045      	CALL       _SETFOV32
;__Lib_MathDouble.c,734 :: 		
0x035D	0x2B60      	GOTO       MUL32EEE
;__Lib_MathDouble.c,735 :: 		
JPMSETFUN32:
;__Lib_MathDouble.c,736 :: 		
0x035E	0x3004      	MOVLW      4
;__Lib_MathDouble.c,739 :: 		
0x035F	0x2055      	CALL       _SETFUN32
;__Lib_MathDouble.c,741 :: 		
MUL32EEE:
;__Lib_MathDouble.c,742 :: 		
0x0360	0x0000      	NOP
;__Lib_MathDouble.c,749 :: 		
0x0361	0x0008      	RETURN
; end of _Mul_32x32_FP
_Word2Double:
;__Lib_MathDouble.c,1862 :: 		
;__Lib_MathDouble.c,1868 :: 		
0x0362	0x1283      	BCF        STATUS, 5
;__Lib_MathDouble.c,1869 :: 		
0x0363	0x1303      	BCF        STATUS, 6
;__Lib_MathDouble.c,1870 :: 		
0x0364	0x0870      	MOVF       R0, 0
;__Lib_MathDouble.c,1871 :: 		
0x0365	0x00F8      	MOVWF      R8
;__Lib_MathDouble.c,1872 :: 		
0x0366	0x0871      	MOVF       R1, 0
;__Lib_MathDouble.c,1873 :: 		
0x0367	0x00F0      	MOVWF      R0
;__Lib_MathDouble.c,1874 :: 		
0x0368	0x01F1      	CLRF       R1
;__Lib_MathDouble.c,1875 :: 		
0x0369	0x01F2      	CLRF       R2
;__Lib_MathDouble.c,1876 :: 		
0x036A	0x01F3      	CLRF       R3
;__Lib_MathDouble.c,1879 :: 		
0x036B	0x01FB      	CLRF       R11
;__Lib_MathDouble.c,1880 :: 		
0x036C	0x01FC      	CLRF       R12
;__Lib_MathDouble.c,1882 :: 		
0x036D	0x3096      	MOVLW      150
;__Lib_MathDouble.c,1883 :: 		
0x036E	0x00F3      	MOVWF      R3
;__Lib_MathDouble.c,1884 :: 		
0x036F	0x01FA      	CLRF       R10
;__Lib_MathDouble.c,1886 :: 		
0x0370	0x0870      	MOVF       R0, 0
;__Lib_MathDouble.c,1887 :: 		
0x0371	0x00F1      	MOVWF      R1
;__Lib_MathDouble.c,1888 :: 		
0x0372	0x0878      	MOVF       R8, 0
;__Lib_MathDouble.c,1889 :: 		
0x0373	0x00F0      	MOVWF      R0
;__Lib_MathDouble.c,1890 :: 		
0x0374	0x01F8      	CLRF       R8
;__Lib_MathDouble.c,1891 :: 		
0x0375	0x01F2      	CLRF       R2
;__Lib_MathDouble.c,1893 :: 		
0x0376	0x2061      	CALL       _NRM3232
;__Lib_MathDouble.c,1894 :: 		
0x0377	0x0008      	RETURN
; end of _Word2Double
_Sub_32x32_FP:
;__Lib_MathDouble.c,593 :: 		
;__Lib_MathDouble.c,596 :: 		
0x0378	0x1283      	BCF        STATUS, 5
;__Lib_MathDouble.c,597 :: 		
0x0379	0x1303      	BCF        STATUS, 6
;__Lib_MathDouble.c,598 :: 		
0x037A	0x3080      	MOVLW      128
;__Lib_MathDouble.c,599 :: 		
0x037B	0x06F6      	XORWF      R6, 1
;__Lib_MathDouble.c,601 :: 		
0x037C	0x2119      	CALL       _Add_32x32_FP
;__Lib_MathDouble.c,602 :: 		
0x037D	0x0008      	RETURN
; end of _Sub_32x32_FP
_UART1_Write_Text:
;__Lib_UART_c67.c,47 :: 		
;__Lib_UART_c67.c,48 :: 		
0x037E	0x1283      	BCF        STATUS, 5
0x037F	0x1303      	BCF        STATUS, 6
0x0380	0x01BF      	CLRF       UART1_Write_Text_counter_L0
;__Lib_UART_c67.c,50 :: 		
0x0381	0x083D      	MOVF       FARG_UART1_Write_Text_uart_text, 0
0x0382	0x0084      	MOVWF      FSR
0x0383	0x0800      	MOVF       INDF, 0
0x0384	0x00BE      	MOVWF      UART1_Write_Text_data__L0
;__Lib_UART_c67.c,51 :: 		
L_UART1_Write_Text5:
0x0385	0x083E      	MOVF       UART1_Write_Text_data__L0, 0
0x0386	0x3A00      	XORLW      0
0x0387	0x1903      	BTFSC      STATUS, 2
0x0388	0x2B93      	GOTO       L_UART1_Write_Text6
;__Lib_UART_c67.c,52 :: 		
0x0389	0x083E      	MOVF       UART1_Write_Text_data__L0, 0
0x038A	0x00C6      	MOVWF      FARG_UART1_Write_data_
0x038B	0x210F      	CALL       _UART1_Write
;__Lib_UART_c67.c,53 :: 		
0x038C	0x0ABF      	INCF       UART1_Write_Text_counter_L0, 1
;__Lib_UART_c67.c,54 :: 		
0x038D	0x083F      	MOVF       UART1_Write_Text_counter_L0, 0
0x038E	0x073D      	ADDWF      FARG_UART1_Write_Text_uart_text, 0
0x038F	0x0084      	MOVWF      FSR
0x0390	0x0800      	MOVF       INDF, 0
0x0391	0x00BE      	MOVWF      UART1_Write_Text_data__L0
;__Lib_UART_c67.c,55 :: 		
0x0392	0x2B85      	GOTO       L_UART1_Write_Text5
L_UART1_Write_Text6:
;__Lib_UART_c67.c,56 :: 		
0x0393	0x0008      	RETURN
; end of _UART1_Write_Text
_ADC_Read:
;__Lib_ADC_88X.c,55 :: 		
;__Lib_ADC_88X.c,57 :: 		
0x0394	0x30C3      	MOVLW      195
0x0395	0x1283      	BCF        STATUS, 5
0x0396	0x1303      	BCF        STATUS, 6
0x0397	0x059F      	ANDWF      ADCON0, 1
;__Lib_ADC_88X.c,61 :: 		
0x0398	0x30C0      	MOVLW      192
0x0399	0x009F      	MOVWF      ADCON0
;__Lib_ADC_88X.c,62 :: 		
0x039A	0x083D      	MOVF       FARG_ADC_Read_channel, 0
0x039B	0x00F0      	MOVWF      R0
0x039C	0x0DF0      	RLF        R0, 1
0x039D	0x1070      	BCF        R0, 0
0x039E	0x0DF0      	RLF        R0, 1
0x039F	0x1070      	BCF        R0, 0
0x03A0	0x0870      	MOVF       R0, 0
0x03A1	0x049F      	IORWF      ADCON0, 1
;__Lib_ADC_88X.c,63 :: 		
0x03A2	0x1683      	BSF        STATUS, 5
0x03A3	0x179F      	BSF        ADCON1, 7
;__Lib_ADC_88X.c,66 :: 		
0x03A4	0x1283      	BCF        STATUS, 5
0x03A5	0x141F      	BSF        ADCON0, 0
;__Lib_ADC_88X.c,69 :: 		
0x03A6	0x2107      	CALL       _Delay_22us
;__Lib_ADC_88X.c,72 :: 		
0x03A7	0x149F      	BSF        ADCON0, 1
;__Lib_ADC_88X.c,75 :: 		
L_ADC_Read2:
0x03A8	0x1C9F      	BTFSS      ADCON0, 1
0x03A9	0x2BAC      	GOTO       L_ADC_Read3
;__Lib_ADC_88X.c,76 :: 		
0x03AA	0x0000      	NOP
0x03AB	0x2BA8      	GOTO       L_ADC_Read2
L_ADC_Read3:
;__Lib_ADC_88X.c,79 :: 		
0x03AC	0x101F      	BCF        ADCON0, 0
;__Lib_ADC_88X.c,82 :: 		
0x03AD	0x081E      	MOVF       ADRESH, 0
0x03AE	0x00F1      	MOVWF      R0+1
0x03AF	0x01F0      	CLRF       R0
0x03B0	0x1683      	BSF        STATUS, 5
0x03B1	0x081E      	MOVF       ADRESL, 0
0x03B2	0x04F0      	IORWF      R0, 1
0x03B3	0x3000      	MOVLW      0
0x03B4	0x04F1      	IORWF      R0+1, 1
;__Lib_ADC_88X.c,83 :: 		
0x03B5	0x0008      	RETURN
; end of _ADC_Read
_PWM1_Set_Duty:
;__Lib_PWM_c21.c,40 :: 		
;__Lib_PWM_c21.c,44 :: 		
0x03B6	0x1683      	BSF        STATUS, 5
0x03B7	0x1303      	BCF        STATUS, 6
0x03B8	0x0812      	MOVF       PR2, 0
0x03B9	0x3E01      	ADDLW      1
0x03BA	0x00F0      	MOVWF      R0
0x03BB	0x01F1      	CLRF       R0+1
0x03BC	0x1803      	BTFSC      STATUS, 0
0x03BD	0x0AF1      	INCF       R0+1, 1
0x03BE	0x1283      	BCF        STATUS, 5
0x03BF	0x083D      	MOVF       FARG_PWM1_Set_Duty_new_duty, 0
0x03C0	0x00F4      	MOVWF      R4
0x03C1	0x01F5      	CLRF       R4+1
0x03C2	0x21B9      	CALL       _Mul_16x16_U
0x03C3	0x3006      	MOVLW      6
0x03C4	0x00F2      	MOVWF      R2
0x03C5	0x0870      	MOVF       R0, 0
0x03C6	0x00F4      	MOVWF      R4
0x03C7	0x0871      	MOVF       R0+1, 0
0x03C8	0x00F5      	MOVWF      R4+1
0x03C9	0x0872      	MOVF       R2, 0
L__PWM1_Set_Duty4:
0x03CA	0x1903      	BTFSC      STATUS, 2
0x03CB	0x2BD1      	GOTO       L__PWM1_Set_Duty5
0x03CC	0x0CF5      	RRF        R4+1, 1
0x03CD	0x0CF4      	RRF        R4, 1
0x03CE	0x13F5      	BCF        R4+1, 7
0x03CF	0x3EFF      	ADDLW      255
0x03D0	0x2BCA      	GOTO       L__PWM1_Set_Duty4
L__PWM1_Set_Duty5:
;__Lib_PWM_c21.c,45 :: 		
0x03D1	0x3004      	MOVLW      4
0x03D2	0x00F1      	MOVWF      R1
0x03D3	0x0874      	MOVF       R4, 0
0x03D4	0x00F0      	MOVWF      R0
0x03D5	0x0871      	MOVF       R1, 0
L__PWM1_Set_Duty6:
0x03D6	0x1903      	BTFSC      STATUS, 2
0x03D7	0x2BDC      	GOTO       L__PWM1_Set_Duty7
0x03D8	0x0DF0      	RLF        R0, 1
0x03D9	0x1070      	BCF        R0, 0
0x03DA	0x3EFF      	ADDLW      255
0x03DB	0x2BD6      	GOTO       L__PWM1_Set_Duty6
L__PWM1_Set_Duty7:
0x03DC	0x1283      	BCF        STATUS, 5
0x03DD	0x1303      	BCF        STATUS, 6
0x03DE	0x3030      	MOVLW      48
0x03DF	0x0570      	ANDWF      R0, 0
0x03E0	0x00F3      	MOVWF      R3
;__Lib_PWM_c21.c,46 :: 		
0x03E1	0x0874      	MOVF       R4, 0
0x03E2	0x00F0      	MOVWF      R0
0x03E3	0x0875      	MOVF       R4+1, 0
0x03E4	0x00F1      	MOVWF      R0+1
0x03E5	0x0CF1      	RRF        R0+1, 1
0x03E6	0x0CF0      	RRF        R0, 1
0x03E7	0x13F1      	BCF        R0+1, 7
0x03E8	0x0CF1      	RRF        R0+1, 1
0x03E9	0x0CF0      	RRF        R0, 1
0x03EA	0x13F1      	BCF        R0+1, 7
0x03EB	0x0870      	MOVF       R0, 0
0x03EC	0x0095      	MOVWF      CCPR1L
;__Lib_PWM_c21.c,47 :: 		
0x03ED	0x300F      	MOVLW      15
0x03EE	0x0597      	ANDWF      CCP1CON, 1
;__Lib_PWM_c21.c,48 :: 		
0x03EF	0x0873      	MOVF       R3, 0
0x03F0	0x0497      	IORWF      CCP1CON, 1
;__Lib_PWM_c21.c,49 :: 		
0x03F1	0x0008      	RETURN
; end of _PWM1_Set_Duty
_PWM1_Start:
;__Lib_PWM_c21.c,51 :: 		
;__Lib_PWM_c21.c,52 :: 		
0x03F2	0x1683      	BSF        STATUS, 5
0x03F3	0x1303      	BCF        STATUS, 6
0x03F4	0x1107      	BCF        TRISC2_bit, 2
;__Lib_PWM_c21.c,53 :: 		
0x03F5	0x1283      	BCF        STATUS, 5
0x03F6	0x1512      	BSF        T2CON, 2
;__Lib_PWM_c21.c,54 :: 		
0x03F7	0x300C      	MOVLW      12
0x03F8	0x0497      	IORWF      CCP1CON, 1
;__Lib_PWM_c21.c,55 :: 		
0x03F9	0x0008      	RETURN
; end of _PWM1_Start
_PWM1_Init:
;__Lib_PWM_c21.c,33 :: 		
;__Lib_PWM_c21.c,34 :: 		
;__Lib_PWM_c21.c,35 :: 		
0x03FA	0x1283      	BCF        STATUS, 5
0x03FB	0x1303      	BCF        STATUS, 6
0x03FC	0x0195      	CLRF       CCPR1L
;__Lib_PWM_c21.c,36 :: 		
0x03FD	0x1217      	BCF        CCP1CON, 4
;__Lib_PWM_c21.c,37 :: 		
0x03FE	0x1297      	BCF        CCP1CON, 5
;__Lib_PWM_c21.c,38 :: 		
0x03FF	0x0008      	RETURN
; end of _PWM1_Init
_UART1_Init:
;__Lib_UART_c67.c,2 :: 		
;__Lib_UART_c67.c,5 :: 		
0x0400	0x1683      	BSF        STATUS, 5
0x0401	0x1303      	BCF        STATUS, 6
0x0402	0x1698      	BSF        TXSTA, 5
;__Lib_UART_c67.c,6 :: 		
0x0403	0x3090      	MOVLW      144
0x0404	0x1283      	BCF        STATUS, 5
0x0405	0x0098      	MOVWF      RCSTA
;__Lib_UART_c67.c,7 :: 		
0x0406	0x1683      	BSF        STATUS, 5
0x0407	0x1787      	BSF        TRISC7_bit, 7
;__Lib_UART_c67.c,8 :: 		
0x0408	0x1307      	BCF        TRISC6_bit, 6
;__Lib_UART_c67.c,10 :: 		
L_UART1_Init0:
0x0409	0x1283      	BCF        STATUS, 5
0x040A	0x1E8C      	BTFSS      PIR1, 5
0x040B	0x2C0F      	GOTO       L_UART1_Init1
;__Lib_UART_c67.c,11 :: 		
0x040C	0x081A      	MOVF       RCREG, 0
0x040D	0x00F0      	MOVWF      R0
0x040E	0x2C09      	GOTO       L_UART1_Init0
L_UART1_Init1:
;__Lib_UART_c67.c,12 :: 		
0x040F	0x0008      	RETURN
; end of _UART1_Init
_Double2Longint:
;__Lib_MathDouble.c,1211 :: 		
;__Lib_MathDouble.c,1219 :: 		
0x0410	0x1283      	BCF        STATUS, 5
;__Lib_MathDouble.c,1220 :: 		
0x0411	0x1303      	BCF        STATUS, 6
;__Lib_MathDouble.c,1222 :: 		
0x0412	0x01FB      	CLRF       R11
;__Lib_MathDouble.c,1223 :: 		
0x0413	0x01FC      	CLRF       R12
;__Lib_MathDouble.c,1224 :: 		
0x0414	0x01F8      	CLRF       R8
;__Lib_MathDouble.c,1225 :: 		
0x0415	0x0873      	MOVF       R3, 0
;__Lib_MathDouble.c,1226 :: 		
0x0416	0x1903      	BTFSC      STATUS, 2
;__Lib_MathDouble.c,1227 :: 		
0x0417	0x2C88      	GOTO       INT3232EOK
;__Lib_MathDouble.c,1228 :: 		
0x0418	0x0872      	MOVF       R2, 0
;__Lib_MathDouble.c,1229 :: 		
0x0419	0x00FA      	MOVWF      R10
;__Lib_MathDouble.c,1230 :: 		
0x041A	0x17F2      	BSF        R2, 7
;__Lib_MathDouble.c,1231 :: 		
0x041B	0x309E      	MOVLW      158
;__Lib_MathDouble.c,1232 :: 		
0x041C	0x02F3      	SUBWF      R3, 1
;__Lib_MathDouble.c,1233 :: 		
0x041D	0x1FF3      	BTFSS      R3, 7
;__Lib_MathDouble.c,1234 :: 		
0x041E	0x2C78      	GOTO       SETIOV32
;__Lib_MathDouble.c,1235 :: 		
0x041F	0x09F3      	COMF       R3, 1
;__Lib_MathDouble.c,1236 :: 		
0x0420	0x0AF3      	INCF       R3, 1
;__Lib_MathDouble.c,1238 :: 		
0x0421	0x3008      	MOVLW      8
;__Lib_MathDouble.c,1239 :: 		
0x0422	0x0273      	SUBWF      R3, 0
;__Lib_MathDouble.c,1240 :: 		
0x0423	0x1C03      	BTFSS      STATUS, 0
;__Lib_MathDouble.c,1241 :: 		
0x0424	0x2C4D      	GOTO       TSHIFT3232
;__Lib_MathDouble.c,1242 :: 		
0x0425	0x00F3      	MOVWF      R3
;__Lib_MathDouble.c,1243 :: 		
0x0426	0x0DF8      	RLF        R8, 1
;__Lib_MathDouble.c,1244 :: 		
0x0427	0x0870      	MOVF       R0, 0
;__Lib_MathDouble.c,1245 :: 		
0x0428	0x00F8      	MOVWF      R8
;__Lib_MathDouble.c,1246 :: 		
0x0429	0x0871      	MOVF       R1, 0
;__Lib_MathDouble.c,1247 :: 		
0x042A	0x00F0      	MOVWF      R0
;__Lib_MathDouble.c,1248 :: 		
0x042B	0x0872      	MOVF       R2, 0
;__Lib_MathDouble.c,1249 :: 		
0x042C	0x00F1      	MOVWF      R1
;__Lib_MathDouble.c,1250 :: 		
0x042D	0x01F2      	CLRF       R2
;__Lib_MathDouble.c,1252 :: 		
0x042E	0x3008      	MOVLW      8
;__Lib_MathDouble.c,1253 :: 		
0x042F	0x0273      	SUBWF      R3, 0
;__Lib_MathDouble.c,1254 :: 		
0x0430	0x1C03      	BTFSS      STATUS, 0
;__Lib_MathDouble.c,1255 :: 		
0x0431	0x2C4D      	GOTO       TSHIFT3232
;__Lib_MathDouble.c,1256 :: 		
0x0432	0x00F3      	MOVWF      R3
;__Lib_MathDouble.c,1257 :: 		
0x0433	0x0DF8      	RLF        R8, 1
;__Lib_MathDouble.c,1258 :: 		
0x0434	0x0870      	MOVF       R0, 0
;__Lib_MathDouble.c,1259 :: 		
0x0435	0x00F8      	MOVWF      R8
;__Lib_MathDouble.c,1260 :: 		
0x0436	0x0871      	MOVF       R1, 0
;__Lib_MathDouble.c,1261 :: 		
0x0437	0x00F0      	MOVWF      R0
;__Lib_MathDouble.c,1262 :: 		
0x0438	0x01F1      	CLRF       R1
;__Lib_MathDouble.c,1264 :: 		
0x0439	0x3008      	MOVLW      8
;__Lib_MathDouble.c,1265 :: 		
0x043A	0x0273      	SUBWF      R3, 0
;__Lib_MathDouble.c,1266 :: 		
0x043B	0x1C03      	BTFSS      STATUS, 0
;__Lib_MathDouble.c,1267 :: 		
0x043C	0x2C4D      	GOTO       TSHIFT3232
;__Lib_MathDouble.c,1268 :: 		
0x043D	0x00F3      	MOVWF      R3
;__Lib_MathDouble.c,1269 :: 		
0x043E	0x0DF8      	RLF        R8, 1
;__Lib_MathDouble.c,1270 :: 		
0x043F	0x0870      	MOVF       R0, 0
;__Lib_MathDouble.c,1271 :: 		
0x0440	0x00F8      	MOVWF      R8
;__Lib_MathDouble.c,1272 :: 		
0x0441	0x01F0      	CLRF       R0
;__Lib_MathDouble.c,1274 :: 		
0x0442	0x3008      	MOVLW      8
;__Lib_MathDouble.c,1275 :: 		
0x0443	0x0273      	SUBWF      R3, 0
;__Lib_MathDouble.c,1276 :: 		
0x0444	0x1C03      	BTFSS      STATUS, 0
;__Lib_MathDouble.c,1277 :: 		
0x0445	0x2C4D      	GOTO       TSHIFT3232
;__Lib_MathDouble.c,1278 :: 		
0x0446	0x00F3      	MOVWF      R3
;__Lib_MathDouble.c,1279 :: 		
0x0447	0x0DF8      	RLF        R8, 1
;__Lib_MathDouble.c,1280 :: 		
0x0448	0x01F8      	CLRF       R8
;__Lib_MathDouble.c,1281 :: 		
0x0449	0x0873      	MOVF       R3, 0
;__Lib_MathDouble.c,1282 :: 		
0x044A	0x1D03      	BTFSS      STATUS, 2
;__Lib_MathDouble.c,1283 :: 		
0x044B	0x1003      	BCF        STATUS, 0
;__Lib_MathDouble.c,1284 :: 		
0x044C	0x2C57      	GOTO       SHIFT3232OK
;__Lib_MathDouble.c,1285 :: 		
TSHIFT3232:
;__Lib_MathDouble.c,1286 :: 		
0x044D	0x0873      	MOVF       R3, 0
;__Lib_MathDouble.c,1287 :: 		
0x044E	0x1903      	BTFSC      STATUS, 2
;__Lib_MathDouble.c,1288 :: 		
0x044F	0x2C57      	GOTO       SHIFT3232OK
;__Lib_MathDouble.c,1289 :: 		
SHIFT3232:
;__Lib_MathDouble.c,1290 :: 		
0x0450	0x1003      	BCF        STATUS, 0
;__Lib_MathDouble.c,1291 :: 		
0x0451	0x0CF2      	RRF        R2, 1
;__Lib_MathDouble.c,1292 :: 		
0x0452	0x0CF1      	RRF        R1, 1
;__Lib_MathDouble.c,1293 :: 		
0x0453	0x0CF0      	RRF        R0, 1
;__Lib_MathDouble.c,1294 :: 		
0x0454	0x0CF8      	RRF        R8, 1
;__Lib_MathDouble.c,1295 :: 		
0x0455	0x0BF3      	DECFSZ     R3, 1
;__Lib_MathDouble.c,1296 :: 		
0x0456	0x2C50      	GOTO       SHIFT3232
;__Lib_MathDouble.c,1297 :: 		
SHIFT3232OK:
;__Lib_MathDouble.c,1298 :: 		
0x0457	0x1B7B      	BTFSC      R11, 6
;__Lib_MathDouble.c,1299 :: 		
0x0458	0x1C78      	BTFSS      R8, 0
;__Lib_MathDouble.c,1300 :: 		
0x0459	0x2C65      	GOTO       INT3232OK
;__Lib_MathDouble.c,1301 :: 		
0x045A	0x1C03      	BTFSS      STATUS, 0
;__Lib_MathDouble.c,1302 :: 		
0x045B	0x2C65      	GOTO       INT3232OK
;__Lib_MathDouble.c,1303 :: 		
0x045C	0x0AF8      	INCF       R8, 1
;__Lib_MathDouble.c,1304 :: 		
0x045D	0x1903      	BTFSC      STATUS, 2
;__Lib_MathDouble.c,1305 :: 		
0x045E	0x0AF0      	INCF       R0, 1
;__Lib_MathDouble.c,1306 :: 		
0x045F	0x1903      	BTFSC      STATUS, 2
;__Lib_MathDouble.c,1307 :: 		
0x0460	0x0AF1      	INCF       R1, 1
;__Lib_MathDouble.c,1308 :: 		
0x0461	0x1903      	BTFSC      STATUS, 2
;__Lib_MathDouble.c,1309 :: 		
0x0462	0x0AF2      	INCF       R2, 1
;__Lib_MathDouble.c,1310 :: 		
0x0463	0x1BF2      	BTFSC      R2, 7
;__Lib_MathDouble.c,1311 :: 		
0x0464	0x2C85      	GOTO       JPISETIOV3224
;__Lib_MathDouble.c,1312 :: 		
INT3232OK:
;__Lib_MathDouble.c,1313 :: 		
0x0465	0x1FFA      	BTFSS      R10, 7
;__Lib_MathDouble.c,1314 :: 		
0x0466	0x2C88      	GOTO       INT3232EOK
;__Lib_MathDouble.c,1316 :: 		
0x0467	0x09F2      	COMF       R2, 1
;__Lib_MathDouble.c,1317 :: 		
0x0468	0x09F1      	COMF       R1, 1
;__Lib_MathDouble.c,1318 :: 		
0x0469	0x09F0      	COMF       R0, 1
;__Lib_MathDouble.c,1319 :: 		
0x046A	0x09F8      	COMF       R8, 1
;__Lib_MathDouble.c,1320 :: 		
0x046B	0x0AF8      	INCF       R8, 1
;__Lib_MathDouble.c,1321 :: 		
0x046C	0x1903      	BTFSC      STATUS, 2
;__Lib_MathDouble.c,1322 :: 		
0x046D	0x0AF0      	INCF       R0, 1
;__Lib_MathDouble.c,1323 :: 		
0x046E	0x1903      	BTFSC      STATUS, 2
;__Lib_MathDouble.c,1324 :: 		
0x046F	0x0AF1      	INCF       R1, 1
;__Lib_MathDouble.c,1325 :: 		
0x0470	0x1903      	BTFSC      STATUS, 2
;__Lib_MathDouble.c,1326 :: 		
0x0471	0x0AF2      	INCF       R2, 1
;__Lib_MathDouble.c,1327 :: 		
0x0472	0x2C88      	GOTO       INT3232EOK
;__Lib_MathDouble.c,1329 :: 		
0x0473	0x01F2      	CLRF       R2
;__Lib_MathDouble.c,1330 :: 		
0x0474	0x01F1      	CLRF       R1
;__Lib_MathDouble.c,1331 :: 		
0x0475	0x01F0      	CLRF       R0
;__Lib_MathDouble.c,1332 :: 		
0x0476	0x01F8      	CLRF       R8
;__Lib_MathDouble.c,1333 :: 		
0x0477	0x2C88      	GOTO       INT3232EOK
;__Lib_MathDouble.c,1334 :: 		
SETIOV32:
;__Lib_MathDouble.c,1335 :: 		
0x0478	0x147B      	BSF        R11, 0
;__Lib_MathDouble.c,1336 :: 		
0x0479	0x1FFB      	BTFSS      R11, 7
;__Lib_MathDouble.c,1337 :: 		
0x047A	0x2C8B      	GOTO       INT3232EER
;__Lib_MathDouble.c,1339 :: 		
0x047B	0x01F2      	CLRF       R2
;__Lib_MathDouble.c,1340 :: 		
0x047C	0x1FFA      	BTFSS      R10, 7
;__Lib_MathDouble.c,1341 :: 		
0x047D	0x2C8B      	GOTO       INT3232EER
;__Lib_MathDouble.c,1342 :: 		
0x047E	0x00F2      	MOVWF      R2
;__Lib_MathDouble.c,1343 :: 		
0x047F	0x00F1      	MOVWF      R1
;__Lib_MathDouble.c,1344 :: 		
0x0480	0x00F0      	MOVWF      R0
;__Lib_MathDouble.c,1345 :: 		
0x0481	0x00F8      	MOVWF      R8
;__Lib_MathDouble.c,1346 :: 		
0x0482	0x0DFA      	RLF        R10, 1
;__Lib_MathDouble.c,1347 :: 		
0x0483	0x0CF2      	RRF        R2, 1
;__Lib_MathDouble.c,1348 :: 		
0x0484	0x2C8B      	GOTO       INT3232EER
;__Lib_MathDouble.c,1349 :: 		
JPISETIOV3224:
;__Lib_MathDouble.c,1350 :: 		
0x0485	0x3001      	MOVLW      1
;__Lib_MathDouble.c,1351 :: 		
0x0486	0x00FC      	MOVWF      R12
;__Lib_MathDouble.c,1352 :: 		
0x0487	0x2C8D      	GOTO       INT3232EEE
;__Lib_MathDouble.c,1353 :: 		
INT3232EOK:
;__Lib_MathDouble.c,1354 :: 		
0x0488	0x3000      	MOVLW      0
;__Lib_MathDouble.c,1355 :: 		
0x0489	0x00FC      	MOVWF      R12
;__Lib_MathDouble.c,1356 :: 		
0x048A	0x2C8D      	GOTO       INT3232EEE
;__Lib_MathDouble.c,1357 :: 		
INT3232EER:
;__Lib_MathDouble.c,1358 :: 		
0x048B	0x30FF      	MOVLW      255
;__Lib_MathDouble.c,1359 :: 		
0x048C	0x00FC      	MOVWF      R12
;__Lib_MathDouble.c,1360 :: 		
INT3232EEE:
;__Lib_MathDouble.c,1364 :: 		
0x048D	0x08FC      	MOVF       R12, 1
;__Lib_MathDouble.c,1366 :: 		
0x048E	0x1903      	BTFSC      STATUS, 2
;__Lib_MathDouble.c,1367 :: 		
0x048F	0x2C91      	GOTO       L_Double2Longint_0
;__Lib_MathDouble.c,1369 :: 		
0x0490	0x222B      	CALL       _SETIOV3224
;__Lib_MathDouble.c,1372 :: 		
L_Double2Longint_0:
;__Lib_MathDouble.c,1373 :: 		
0x0491	0x0872      	MOVF       R2, 0
;__Lib_MathDouble.c,1374 :: 		
0x0492	0x00F3      	MOVWF      R3
;__Lib_MathDouble.c,1375 :: 		
0x0493	0x0871      	MOVF       R1, 0
;__Lib_MathDouble.c,1376 :: 		
0x0494	0x00F2      	MOVWF      R2
;__Lib_MathDouble.c,1377 :: 		
0x0495	0x0870      	MOVF       R0, 0
;__Lib_MathDouble.c,1378 :: 		
0x0496	0x00F1      	MOVWF      R1
;__Lib_MathDouble.c,1379 :: 		
0x0497	0x0878      	MOVF       R8, 0
;__Lib_MathDouble.c,1380 :: 		
0x0498	0x00F0      	MOVWF      R0
;__Lib_MathDouble.c,1382 :: 		
0x0499	0x0008      	RETURN
; end of _Double2Longint
___CC2DW:
;__Lib_System.c,24 :: 		
;__Lib_System.c,27 :: 		
_CC2D_Loop1:
;__Lib_System.c,29 :: 		
0x049A	0x2224      	CALL       _____DoICP
0x049B	0x118A      	BCF        PCLATH, 3
0x049C	0x120A      	BCF        PCLATH, 4
;__Lib_System.c,31 :: 		
0x049D	0x0080      	MOVWF      INDF
;__Lib_System.c,32 :: 		
0x049E	0x0A84      	INCF       FSR, 1
;__Lib_System.c,33 :: 		
0x049F	0x0AAB      	INCF       ___DoICPAddr, 1
;__Lib_System.c,35 :: 		
0x04A0	0x1903      	BTFSC      STATUS, 2
;__Lib_System.c,36 :: 		
0x04A1	0x0AAC      	INCF       ___DoICPAddr+1, 1
;__Lib_System.c,37 :: 		
0x04A2	0x03F0      	DECF       R0, 1
;__Lib_System.c,39 :: 		
0x04A3	0x1D03      	BTFSS      STATUS, 2
;__Lib_System.c,40 :: 		
0x04A4	0x2C9A      	GOTO       _CC2D_Loop1
;__Lib_System.c,42 :: 		
0x04A5	0x0008      	RETURN
; end of ___CC2DW
_UART1_Read:
;__Lib_UART_c67.c,21 :: 		
;__Lib_UART_c67.c,24 :: 		
0x04A6	0x1283      	BCF        STATUS, 5
0x04A7	0x1303      	BCF        STATUS, 6
0x04A8	0x081A      	MOVF       RCREG, 0
0x04A9	0x00F1      	MOVWF      R1
;__Lib_UART_c67.c,25 :: 		
0x04AA	0x1C98      	BTFSS      RCSTA, 1
0x04AB	0x2CAE      	GOTO       L_UART1_Read2
;__Lib_UART_c67.c,26 :: 		
0x04AC	0x1218      	BCF        RCSTA, 4
;__Lib_UART_c67.c,27 :: 		
0x04AD	0x1618      	BSF        RCSTA, 4
;__Lib_UART_c67.c,28 :: 		
L_UART1_Read2:
;__Lib_UART_c67.c,29 :: 		
0x04AE	0x0871      	MOVF       R1, 0
0x04AF	0x00F0      	MOVWF      R0
;__Lib_UART_c67.c,30 :: 		
0x04B0	0x0008      	RETURN
; end of _UART1_Read
_PWM1_Stop:
;__Lib_PWM_c21.c,57 :: 		
;__Lib_PWM_c21.c,58 :: 		
0x04B1	0x1683      	BSF        STATUS, 5
0x04B2	0x1303      	BCF        STATUS, 6
0x04B3	0x1507      	BSF        TRISC2_bit, 2
;__Lib_PWM_c21.c,59 :: 		
0x04B4	0x1283      	BCF        STATUS, 5
0x04B5	0x1112      	BCF        T2CON, 2
;__Lib_PWM_c21.c,60 :: 		
0x04B6	0x30F0      	MOVLW      240
0x04B7	0x0597      	ANDWF      CCP1CON, 1
;__Lib_PWM_c21.c,61 :: 		
0x04B8	0x0008      	RETURN
; end of _PWM1_Stop
_main:
0x04B9	0x306D      	MOVLW      109
0x04BA	0x1283      	BCF        STATUS, 5
0x04BB	0x1303      	BCF        STATUS, 6
0x04BC	0x00A3      	MOVWF      ?lstr1_PWM_USART_7_45seg
0x04BD	0x3056      	MOVLW      86
0x04BE	0x00A4      	MOVWF      36
0x04BF	0x01A5      	CLRF       37
;PWM_USART_7-seg.c,44 :: 		void main() {
;PWM_USART_7-seg.c,45 :: 		ANSEL  = 0x04;              // Configure AN2 pin as analog
0x04C0	0x3004      	MOVLW      4
0x04C1	0x1683      	BSF        STATUS, 5
0x04C2	0x1703      	BSF        STATUS, 6
0x04C3	0x0088      	MOVWF      ANSEL
;PWM_USART_7-seg.c,46 :: 		TRISA  = 0xFF;              // PORTA is input
0x04C4	0x30FF      	MOVLW      255
0x04C5	0x1303      	BCF        STATUS, 6
0x04C6	0x0085      	MOVWF      TRISA
;PWM_USART_7-seg.c,47 :: 		ANSELH = 0;                 // Configure other AN pins as digital I/O
0x04C7	0x1703      	BSF        STATUS, 6
0x04C8	0x0189      	CLRF       ANSELH
;PWM_USART_7-seg.c,48 :: 		TRISB  = 0x00;              // Salidas
0x04C9	0x0186      	CLRF       TRISB
;PWM_USART_7-seg.c,49 :: 		TRISC.RC1 = 0;
0x04CA	0x1303      	BCF        STATUS, 6
0x04CB	0x1087      	BCF        TRISC, 1
;PWM_USART_7-seg.c,50 :: 		PORTC.RC1 = 0;
0x04CC	0x1283      	BCF        STATUS, 5
0x04CD	0x1087      	BCF        PORTC, 1
;PWM_USART_7-seg.c,51 :: 		PORTB  = 0x00;
0x04CE	0x0186      	CLRF       PORTB
;PWM_USART_7-seg.c,52 :: 		INTCON = 0B11000000;        //Sólo GIE y PIE
0x04CF	0x30C0      	MOVLW      192
0x04D0	0x008B      	MOVWF      INTCON
;PWM_USART_7-seg.c,53 :: 		UART1_Init(115200);
0x04D1	0x300A      	MOVLW      10
0x04D2	0x1683      	BSF        STATUS, 5
0x04D3	0x0099      	MOVWF      SPBRG
0x04D4	0x1518      	BSF        TXSTA, 2
0x04D5	0x2400      	CALL       _UART1_Init
;PWM_USART_7-seg.c,54 :: 		PIE1.RCIE = 1;               //aCTIVA iNTERRUPCIÓN POR RECEPCION
0x04D6	0x1683      	BSF        STATUS, 5
0x04D7	0x168C      	BSF        PIE1, 5
;PWM_USART_7-seg.c,55 :: 		delay_ms(100);
0x04D8	0x3003      	MOVLW      3
0x04D9	0x00FB      	MOVWF      R11
0x04DA	0x308A      	MOVLW      138
0x04DB	0x00FC      	MOVWF      R12
0x04DC	0x3055      	MOVLW      85
0x04DD	0x00FD      	MOVWF      R13
L_main4:
0x04DE	0x0BFD      	DECFSZ     R13, 1
0x04DF	0x2CDE      	GOTO       L_main4
0x04E0	0x0BFC      	DECFSZ     R12, 1
0x04E1	0x2CDE      	GOTO       L_main4
0x04E2	0x0BFB      	DECFSZ     R11, 1
0x04E3	0x2CDE      	GOTO       L_main4
0x04E4	0x0000      	NOP
0x04E5	0x0000      	NOP
;PWM_USART_7-seg.c,57 :: 		PWM1_Init(5000);                    // Initialize PWM1 module at 5KHz
0x04E6	0x1283      	BCF        STATUS, 5
0x04E7	0x1412      	BSF        T2CON, 0
0x04E8	0x1092      	BCF        T2CON, 1
0x04E9	0x30F9      	MOVLW      249
0x04EA	0x1683      	BSF        STATUS, 5
0x04EB	0x0092      	MOVWF      PR2
0x04EC	0x23FA      	CALL       _PWM1_Init
;PWM_USART_7-seg.c,58 :: 		current_duty  = 127;                 // initial value for current_duty 50%
0x04ED	0x307F      	MOVLW      127
0x04EE	0x00B4      	MOVWF      _current_duty
;PWM_USART_7-seg.c,59 :: 		PWM1_Start();                       // start PWM1
0x04EF	0x23F2      	CALL       _PWM1_Start
;PWM_USART_7-seg.c,60 :: 		PWM1_Set_Duty(current_duty);        // Set current duty for PWM1
0x04F0	0x0834      	MOVF       _current_duty, 0
0x04F1	0x00BD      	MOVWF      FARG_PWM1_Set_Duty_new_duty
0x04F2	0x23B6      	CALL       _PWM1_Set_Duty
;PWM_USART_7-seg.c,62 :: 		estado_PWM = 1;
0x04F3	0x3001      	MOVLW      1
0x04F4	0x00B9      	MOVWF      _estado_PWM
0x04F5	0x3000      	MOVLW      0
0x04F6	0x00BA      	MOVWF      _estado_PWM+1
;PWM_USART_7-seg.c,64 :: 		do {
L_main5:
;PWM_USART_7-seg.c,65 :: 		temp_res = ADC_Read(2);   // Get 10-bit results of AD conversion
0x04F7	0x3002      	MOVLW      2
0x04F8	0x00BD      	MOVWF      FARG_ADC_Read_channel
0x04F9	0x2394      	CALL       _ADC_Read
0x04FA	0x0870      	MOVF       R0, 0
0x04FB	0x1283      	BCF        STATUS, 5
0x04FC	0x00B7      	MOVWF      _temp_res
0x04FD	0x0871      	MOVF       R0+1, 0
0x04FE	0x00B8      	MOVWF      _temp_res+1
;PWM_USART_7-seg.c,67 :: 		voltaje_mV = temp_res*(4.88758);
0x04FF	0x2362      	CALL       _Word2Double
0x0500	0x300E      	MOVLW      14
0x0501	0x00F4      	MOVWF      R4
0x0502	0x3067      	MOVLW      103
0x0503	0x00F5      	MOVWF      R4+1
0x0504	0x301C      	MOVLW      28
0x0505	0x00F6      	MOVWF      R4+2
0x0506	0x3081      	MOVLW      129
0x0507	0x00F7      	MOVWF      R4+3
0x0508	0x2301      	CALL       _Mul_32x32_FP
0x0509	0x22A2      	CALL       _Double2Word
0x050A	0x0870      	MOVF       R0, 0
0x050B	0x00B5      	MOVWF      _voltaje_mV
0x050C	0x0871      	MOVF       R0+1, 0
0x050D	0x00B6      	MOVWF      _voltaje_mV+1
;PWM_USART_7-seg.c,68 :: 		IntToStr(voltaje_mV,txt);
0x050E	0x0870      	MOVF       R0, 0
0x050F	0x00BD      	MOVWF      FARG_IntToStr_input
0x0510	0x0871      	MOVF       R0+1, 0
0x0511	0x00BE      	MOVWF      FARG_IntToStr_input+1
0x0512	0x302D      	MOVLW      _txt
0x0513	0x00BF      	MOVWF      FARG_IntToStr_output
0x0514	0x2238      	CALL       _IntToStr
;PWM_USART_7-seg.c,69 :: 		UART1_Write_Text(txt),UART1_Write_Text("mV"),UART1_Write(10),UART1_Write(13) ;
0x0515	0x302D      	MOVLW      _txt
0x0516	0x00BD      	MOVWF      FARG_UART1_Write_Text_uart_text
0x0517	0x237E      	CALL       _UART1_Write_Text
0x0518	0x3023      	MOVLW      ?lstr1_PWM_USART_7_45seg
0x0519	0x00BD      	MOVWF      FARG_UART1_Write_Text_uart_text
0x051A	0x237E      	CALL       _UART1_Write_Text
0x051B	0x300A      	MOVLW      10
0x051C	0x00C6      	MOVWF      FARG_UART1_Write_data_
0x051D	0x210F      	CALL       _UART1_Write
0x051E	0x300D      	MOVLW      13
0x051F	0x00C6      	MOVWF      FARG_UART1_Write_data_
0x0520	0x210F      	CALL       _UART1_Write
;PWM_USART_7-seg.c,71 :: 		long_current_duty = ((12.14)*temp_res) - 485.7142;
0x0521	0x0837      	MOVF       _temp_res, 0
0x0522	0x00F0      	MOVWF      R0
0x0523	0x0838      	MOVF       _temp_res+1, 0
0x0524	0x00F1      	MOVWF      R0+1
0x0525	0x2362      	CALL       _Word2Double
0x0526	0x3071      	MOVLW      113
0x0527	0x00F4      	MOVWF      R4
0x0528	0x303D      	MOVLW      61
0x0529	0x00F5      	MOVWF      R4+1
0x052A	0x3042      	MOVLW      66
0x052B	0x00F6      	MOVWF      R4+2
0x052C	0x3082      	MOVLW      130
0x052D	0x00F7      	MOVWF      R4+3
0x052E	0x2301      	CALL       _Mul_32x32_FP
0x052F	0x306B      	MOVLW      107
0x0530	0x00F4      	MOVWF      R4
0x0531	0x30DB      	MOVLW      219
0x0532	0x00F5      	MOVWF      R4+1
0x0533	0x3072      	MOVLW      114
0x0534	0x00F6      	MOVWF      R4+2
0x0535	0x3087      	MOVLW      135
0x0536	0x00F7      	MOVWF      R4+3
0x0537	0x2378      	CALL       _Sub_32x32_FP
0x0538	0x2410      	CALL       _Double2Longint
0x0539	0x0870      	MOVF       R0, 0
0x053A	0x00A7      	MOVWF      _long_current_duty
0x053B	0x0871      	MOVF       R0+1, 0
0x053C	0x00A8      	MOVWF      _long_current_duty+1
0x053D	0x0872      	MOVF       R0+2, 0
0x053E	0x00A9      	MOVWF      _long_current_duty+2
0x053F	0x0873      	MOVF       R0+3, 0
0x0540	0x00AA      	MOVWF      _long_current_duty+3
;PWM_USART_7-seg.c,72 :: 		if (long_current_duty<0) long_current_duty=0;
0x0541	0x3080      	MOVLW      128
0x0542	0x0673      	XORWF      R0+3, 0
0x0543	0x00F4      	MOVWF      R4
0x0544	0x3080      	MOVLW      128
0x0545	0x0274      	SUBWF      R4, 0
0x0546	0x1D03      	BTFSS      STATUS, 2
0x0547	0x2D52      	GOTO       L__main13
0x0548	0x3000      	MOVLW      0
0x0549	0x0272      	SUBWF      R0+2, 0
0x054A	0x1D03      	BTFSS      STATUS, 2
0x054B	0x2D52      	GOTO       L__main13
0x054C	0x3000      	MOVLW      0
0x054D	0x0271      	SUBWF      R0+1, 0
0x054E	0x1D03      	BTFSS      STATUS, 2
0x054F	0x2D52      	GOTO       L__main13
0x0550	0x3000      	MOVLW      0
0x0551	0x0270      	SUBWF      R0, 0
L__main13:
0x0552	0x1803      	BTFSC      STATUS, 0
0x0553	0x2D59      	GOTO       L_main8
0x0554	0x1283      	BCF        STATUS, 5
0x0555	0x01A7      	CLRF       _long_current_duty
0x0556	0x01A8      	CLRF       _long_current_duty+1
0x0557	0x01A9      	CLRF       _long_current_duty+2
0x0558	0x01AA      	CLRF       _long_current_duty+3
L_main8:
0x0559	0x1283      	BCF        STATUS, 5
;PWM_USART_7-seg.c,73 :: 		if (long_current_duty>255) long_current_duty=255;
0x055A	0x3080      	MOVLW      128
0x055B	0x00F0      	MOVWF      R0
0x055C	0x3080      	MOVLW      128
0x055D	0x062A      	XORWF      _long_current_duty+3, 0
0x055E	0x0270      	SUBWF      R0, 0
0x055F	0x1D03      	BTFSS      STATUS, 2
0x0560	0x2D6B      	GOTO       L__main14
0x0561	0x0829      	MOVF       _long_current_duty+2, 0
0x0562	0x3C00      	SUBLW      0
0x0563	0x1D03      	BTFSS      STATUS, 2
0x0564	0x2D6B      	GOTO       L__main14
0x0565	0x0828      	MOVF       _long_current_duty+1, 0
0x0566	0x3C00      	SUBLW      0
0x0567	0x1D03      	BTFSS      STATUS, 2
0x0568	0x2D6B      	GOTO       L__main14
0x0569	0x0827      	MOVF       _long_current_duty, 0
0x056A	0x3CFF      	SUBLW      255
L__main14:
0x056B	0x1803      	BTFSC      STATUS, 0
0x056C	0x2D72      	GOTO       L_main9
0x056D	0x30FF      	MOVLW      255
0x056E	0x00A7      	MOVWF      _long_current_duty
0x056F	0x01A8      	CLRF       _long_current_duty+1
0x0570	0x01A9      	CLRF       _long_current_duty+2
0x0571	0x01AA      	CLRF       _long_current_duty+3
L_main9:
;PWM_USART_7-seg.c,74 :: 		current_duty = long_current_duty;
0x0572	0x0827      	MOVF       _long_current_duty, 0
0x0573	0x00B4      	MOVWF      _current_duty
;PWM_USART_7-seg.c,75 :: 		PWM1_Set_Duty(current_duty);        // Set current duty for PWMM
0x0574	0x0827      	MOVF       _long_current_duty, 0
0x0575	0x00BD      	MOVWF      FARG_PWM1_Set_Duty_new_duty
0x0576	0x23B6      	CALL       _PWM1_Set_Duty
;PWM_USART_7-seg.c,77 :: 		} while(1);
0x0577	0x2CF7      	GOTO       L_main5
;PWM_USART_7-seg.c,78 :: 		}
0x0578	0x2D78      	GOTO       $+0
; end of _main
Symbol List:
//** Routines locations **
//ADDRESS    SIZE    PROCEDURE
//----------------------------------------------
0x0004      [58]    _interrupt
0x003E       [7]    _RES032
0x0045      [12]    _SETFOV32
0x0051       [4]    _FIXSIGN32
0x0055      [12]    _SETFUN32
0x0061      [47]    _NRM3232
0x0090      [90]    _NRM4032
0x00EA      [29]    _Div_16x16_U
0x0107       [8]    _Delay_22us
0x010F      [10]    _UART1_Write
0x0119     [160]    _Add_32x32_FP
0x01B9      [43]    _Mul_16x16_U
0x01E4      [64]    _WordToStr
0x0224       [7]    _____DoICP
0x022B      [13]    _SETIOV3224
0x0238     [106]    _IntToStr
0x02A2      [95]    _Double2Word
0x0301      [97]    _Mul_32x32_FP
0x0362      [22]    _Word2Double
0x0378       [6]    _Sub_32x32_FP
0x037E      [22]    _UART1_Write_Text
0x0394      [34]    _ADC_Read
0x03B6      [60]    _PWM1_Set_Duty
0x03F2       [8]    _PWM1_Start
0x03FA       [6]    _PWM1_Init
0x0400      [16]    _UART1_Init
0x0410     [138]    _Double2Longint
0x049A      [12]    ___CC2DW
0x04A6      [11]    _UART1_Read
0x04B1       [8]    _PWM1_Stop
0x04B9     [192]    _main
//** Variables locations ** 
//ADDRESS    SIZE    VARIABLE
//----------------------------------------------
0x0000       [1]    INDF
0x0001       [1]    TMR0
0x0002       [1]    PCL
0x0003       [0]    Z_bit
0x0003       [0]    C_bit
0x0003       [1]    STATUS
0x0003       [0]    DC_bit
0x0003       [0]    IRP_bit
0x0003       [0]    RP1_bit
0x0003       [0]    NOT_TO_bit
0x0003       [0]    NOT_PD_bit
0x0003       [0]    RP0_bit
0x0004       [1]    FSR
0x0004       [1]    FSRPTR
0x0005       [0]    RA3_bit
0x0005       [0]    RA7_bit
0x0005       [0]    RA6_bit
0x0005       [0]    RA0_bit
0x0005       [0]    RA2_bit
0x0005       [1]    PORTA
0x0005       [0]    RA1_bit
0x0005       [0]    RA4_bit
0x0005       [0]    RA5_bit
0x0006       [0]    RB3_bit
0x0006       [1]    PORTB
0x0006       [0]    RB4_bit
0x0006       [0]    RB1_bit
0x0006       [0]    RB7_bit
0x0006       [0]    RB2_bit
0x0006       [0]    RB6_bit
0x0006       [0]    RB5_bit
0x0006       [0]    RB0_bit
0x0007       [0]    RC5_bit
0x0007       [1]    PORTC
0x0007       [0]    RC7_bit
0x0007       [0]    RC6_bit
0x0007       [0]    RC4_bit
0x0007       [0]    RC1_bit
0x0007       [0]    RC0_bit
0x0007       [0]    RC3_bit
0x0007       [0]    RC2_bit
0x0009       [1]    PORTE
0x0009       [0]    RE3_bit
0x000A       [1]    PCLATH
0x000B       [0]    T0IF_bit
0x000B       [0]    TMR0IF_bit
0x000B       [1]    INTCON
0x000B       [0]    RBIE_bit
0x000B       [0]    T0IE_bit
0x000B       [0]    TMR0IE_bit
0x000B       [0]    PEIE_bit
0x000B       [0]    GIE_bit
0x000B       [0]    INTE_bit
0x000B       [0]    RBIF_bit
0x000B       [0]    INTF_bit
0x000C       [0]    RCIF_bit
0x000C       [0]    ADIF_bit
0x000C       [1]    PIR1
0x000C       [0]    TMR2IF_bit
0x000C       [0]    TMR1IF_bit
0x000C       [0]    CCP1IF_bit
0x000C       [0]    TXIF_bit
0x000C       [0]    SSPIF_bit
0x000D       [0]    OSFIF_bit
0x000D       [0]    C2IF_bit
0x000D       [1]    PIR2
0x000D       [0]    ULPWUIF_bit
0x000D       [0]    BCLIF_bit
0x000D       [0]    C1IF_bit
0x000D       [0]    CCP2IF_bit
0x000D       [0]    EEIF_bit
0x000E       [1]    TMR1L
0x000F       [1]    TMR1H
0x0010       [0]    T1INSYNC_bit
0x0010       [0]    TMR1ON_bit
0x0010       [0]    TMR1CS_bit
0x0010       [0]    TMR1GE_bit
0x0010       [0]    T1CKPS1_bit
0x0010       [0]    T1CKPS0_bit
0x0010       [0]    T1OSCEN_bit
0x0010       [0]    T1SYNC_bit
0x0010       [0]    T1GINV_bit
0x0010       [1]    T1CON
0x0010       [0]    NOT_T1SYNC_bit
0x0011       [1]    TMR2
0x0012       [0]    TOUTPS3_bit
0x0012       [1]    T2CON
0x0012       [0]    TMR2ON_bit
0x0012       [0]    T2CKPS1_bit
0x0012       [0]    TOUTPS2_bit
0x0012       [0]    TOUTPS1_bit
0x0012       [0]    TOUTPS0_bit
0x0012       [0]    T2CKPS0_bit
0x0013       [1]    SSPBUF
0x0014       [0]    SSPM3_bit
0x0014       [0]    CKP_bit
0x0014       [1]    SSPCON
0x0014       [0]    SSPOV_bit
0x0014       [0]    SSPM2_bit
0x0014       [0]    WCOL_bit
0x0014       [0]    SSPM1_bit
0x0014       [0]    SSPM0_bit
0x0014       [0]    SSPEN_bit
0x0015       [1]    CCPR1L
0x0015       [2]    CCPR1
0x0016       [1]    CCPR1H
0x0017       [0]    DC1B0_bit
0x0017       [0]    P1M0_bit
0x0017       [0]    CCP1M3_bit
0x0017       [0]    CCP1M0_bit
0x0017       [0]    CCP1M2_bit
0x0017       [0]    CCP1X_bit
0x0017       [0]    CCP1M1_bit
0x0017       [0]    CCP1Y_bit
0x0017       [1]    CCP1CON
0x0017       [0]    DC1B1_bit
0x0017       [0]    P1M1_bit
0x0018       [0]    RX9D_bit
0x0018       [0]    FERR_bit
0x0018       [0]    ADDEN_bit
0x0018       [0]    RCD8_bit
0x0018       [0]    OERR_bit
0x0018       [0]    CREN_bit
0x0018       [0]    RC9_bit
0x0018       [0]    NOT_RC8_bit
0x0018       [0]    RX9_bit
0x0018       [0]    SPEN_bit
0x0018       [1]    RCSTA
0x0018       [0]    RC8_9_bit
0x0018       [0]    SREN_bit
0x0019       [1]    TXREG
0x001A       [1]    RCREG
0x001B       [1]    CCPR2L
0x001B       [2]    CCPR2
0x001C       [1]    CCPR2H
0x001D       [1]    CCP2CON
0x001D       [0]    CCP2Y_bit
0x001D       [0]    CCP2M1_bit
0x001D       [0]    CCP2X_bit
0x001D       [0]    DC2B1_bit
0x001D       [0]    CCP2M0_bit
0x001D       [0]    CCP2M2_bit
0x001D       [0]    CCP2M3_bit
0x001D       [0]    DC2B0_bit
0x001E       [1]    ADRESH
0x001F       [0]    CHS3_bit
0x001F       [0]    ADCS0_bit
0x001F       [0]    CHS2_bit
0x001F       [0]    CHS0_bit
0x001F       [0]    CHS1_bit
0x001F       [0]    ADCS1_bit
0x001F       [0]    ADON_bit
0x001F       [1]    ADCON0
0x001F       [0]    GO_DONE_bit
0x001F       [0]    GO_bit
0x001F       [0]    NOT_DONE_bit
0x0020       [1]    __math_tempbD
0x0023       [3]    ?lstr1_PWM_USART_7_45seg
0x0026       [1]    _led
0x0027       [4]    _long_current_duty
0x002B       [2]    ___DoICPAddr
0x002D       [7]    _txt
0x0034       [1]    _current_duty
0x0035       [2]    _voltaje_mV
0x0037       [2]    _temp_res
0x0039       [2]    _estado_PWM
0x003B       [1]    ___saveSTATUS
0x003C       [1]    ___savePCLATH
0x003D       [4]    FARG_PWM1_Init_PWM_Freq
0x003D       [1]    FARG_UART1_Write_Text_uart_text
0x003D       [1]    FARG_ADC_Read_channel
0x003D       [1]    FARG_PWM1_Set_Duty_new_duty
0x003D       [2]    FARG_IntToStr_input
0x003E       [1]    UART1_Write_Text_data__L0
0x003F       [1]    FARG_IntToStr_output
0x003F       [1]    UART1_Write_Text_counter_L0
0x0040       [2]    IntToStr_i_L0
0x0042       [2]    IntToStr_negative_L0
0x0044       [2]    IntToStr_inword_L0
0x0046       [2]    FARG_WordToStr_input
0x0046       [1]    FARG_UART1_Write_data_
0x0048       [1]    FARG_WordToStr_output
0x0049       [1]    WordToStr_len_L0
0x004A       [1]    FLOC__WordToStr
0x0070       [1]    R0
0x0071       [1]    R1
0x0072       [1]    R2
0x0073       [1]    R3
0x0074       [1]    R4
0x0075       [1]    R5
0x0076       [1]    R6
0x0077       [1]    R7
0x0078       [1]    R8
0x0079       [1]    R9
0x007A       [1]    R10
0x007B       [1]    R11
0x007C       [1]    R12
0x007D       [1]    R13
0x007E       [1]    R14
0x007F       [1]    R15
0x0081       [0]    T0SE_bit
0x0081       [0]    PSA_bit
0x0081       [0]    PS2_bit
0x0081       [0]    NOT_RBPU_bit
0x0081       [0]    T0CS_bit
0x0081       [1]    OPTION_REG
0x0081       [0]    PS1_bit
0x0081       [0]    INTEDG_bit
0x0081       [0]    PS0_bit
0x0085       [1]    TRISA
0x0085       [0]    TRISA3_bit
0x0085       [0]    TRISA4_bit
0x0085       [0]    TRISA5_bit
0x0085       [0]    TRISA0_bit
0x0085       [0]    TRISA1_bit
0x0085       [0]    TRISA2_bit
0x0085       [0]    TRISA6_bit
0x0085       [0]    TRISA7_bit
0x0086       [0]    TRISB6_bit
0x0086       [0]    TRISB7_bit
0x0086       [1]    TRISB
0x0086       [0]    TRISB5_bit
0x0086       [0]    TRISB0_bit
0x0086       [0]    TRISB3_bit
0x0086       [0]    TRISB4_bit
0x0086       [0]    TRISB1_bit
0x0086       [0]    TRISB2_bit
0x0087       [0]    TRISC7_bit
0x0087       [0]    TRISC6_bit
0x0087       [1]    TRISC
0x0087       [0]    TRISC0_bit
0x0087       [0]    TRISC5_bit
0x0087       [0]    TRISC2_bit
0x0087       [0]    TRISC1_bit
0x0087       [0]    TRISC4_bit
0x0087       [0]    TRISC3_bit
0x0089       [1]    TRISE
0x0089       [0]    TRISE3_bit
0x008C       [0]    TMR1IE_bit
0x008C       [1]    PIE1
0x008C       [0]    TXIE_bit
0x008C       [0]    RCIE_bit
0x008C       [0]    ADIE_bit
0x008C       [0]    TMR2IE_bit
0x008C       [0]    CCP1IE_bit
0x008C       [0]    SSPIE_bit
0x008D       [0]    C1IE_bit
0x008D       [0]    EEIE_bit
0x008D       [0]    BCLIE_bit
0x008D       [1]    PIE2
0x008D       [0]    OSFIE_bit
0x008D       [0]    C2IE_bit
0x008D       [0]    ULPWUIE_bit
0x008D       [0]    CCP2IE_bit
0x008E       [1]    PCON
0x008E       [0]    NOT_BOR_bit
0x008E       [0]    NOT_POR_bit
0x008E       [0]    NOT_BO_bit
0x008E       [0]    ULPWUE_bit
0x008E       [0]    SBOREN_bit
0x008F       [0]    OSTS_bit
0x008F       [0]    HTS_bit
0x008F       [0]    SCS_bit
0x008F       [0]    LTS_bit
0x008F       [0]    IRCF2_bit
0x008F       [1]    OSCCON
0x008F       [0]    IRCF0_bit
0x008F       [0]    IRCF1_bit
0x0090       [0]    TUN0_bit
0x0090       [1]    OSCTUNE
0x0090       [0]    TUN1_bit
0x0090       [0]    TUN4_bit
0x0090       [0]    TUN3_bit
0x0090       [0]    TUN2_bit
0x0091       [1]    SSPCON2
0x0091       [0]    ACKEN_bit
0x0091       [0]    RCEN_bit
0x0091       [0]    PEN_bit
0x0091       [0]    GCEN_bit
0x0091       [0]    ACKSTAT_bit
0x0091       [0]    ACKDT_bit
0x0091       [0]    SEN_bit
0x0091       [0]    RSEN_bit
0x0092       [1]    PR2
0x0093       [1]    SSPADD
0x0093       [1]    MSK
0x0093       [1]    SSPMSK
0x0094       [0]    S_bit
0x0094       [0]    I2C_STOP__bit
0x0094       [0]    P_bit
0x0094       [0]    I2C_START__bit
0x0094       [0]    NOT_W_bit
0x0094       [0]    I2C_READ_bit
0x0094       [0]    R_bit
0x0094       [0]    DATA_ADDRESS_bit
0x0094       [0]    D_bit
0x0094       [0]    CKE_bit
0x0094       [0]    SMP_bit
0x0094       [0]    I2C_DATA_bit
0x0094       [0]    D_A_bit
0x0094       [0]    NOT_ADDRESS_bit
0x0094       [0]    NOT_A_bit
0x0094       [0]    NOT_WRITE_bit
0x0094       [0]    BF_bit
0x0094       [1]    SSPSTAT
0x0094       [0]    UA_bit
0x0094       [0]    R_W_bit
0x0094       [0]    READ_WRITE_bit
0x0095       [0]    WPUB1_bit
0x0095       [0]    WPUB2_bit
0x0095       [1]    WPUB
0x0095       [0]    WPUB0_bit
0x0095       [0]    WPUB6_bit
0x0095       [0]    WPUB7_bit
0x0095       [0]    WPUB5_bit
0x0095       [0]    WPUB3_bit
0x0095       [0]    WPUB4_bit
0x0096       [1]    IOCB
0x0096       [0]    IOCB2_bit
0x0096       [0]    IOCB3_bit
0x0096       [0]    IOCB0_bit
0x0096       [0]    IOCB1_bit
0x0096       [0]    IOCB6_bit
0x0096       [0]    IOCB7_bit
0x0096       [0]    IOCB4_bit
0x0096       [0]    IOCB5_bit
0x0097       [0]    VRR_bit
0x0097       [0]    VRSS_bit
0x0097       [0]    VR3_bit
0x0097       [0]    VREN_bit
0x0097       [1]    VRCON
0x0097       [0]    VROE_bit
0x0097       [0]    VR0_bit
0x0097       [0]    VR1_bit
0x0097       [0]    VR2_bit
0x0098       [0]    BRGH_bit
0x0098       [0]    SENDB_bit
0x0098       [0]    SYNC_bit
0x0098       [0]    TXD8_bit
0x0098       [0]    TX9D_bit
0x0098       [0]    TRMT_bit
0x0098       [0]    TXEN_bit
0x0098       [1]    TXSTA
0x0098       [0]    CSRC_bit
0x0098       [0]    TX9_bit
0x0098       [0]    TX8_9_bit
0x0098       [0]    NOT_TX8_bit
0x0099       [1]    SPBRG
0x0099       [0]    BRG2_bit
0x0099       [0]    BRG3_bit
0x0099       [0]    BRG0_bit
0x0099       [0]    BRG1_bit
0x0099       [0]    BRG6_bit
0x0099       [0]    BRG7_bit
0x0099       [0]    BRG4_bit
0x0099       [0]    BRG5_bit
0x009A       [0]    BRG10_bit
0x009A       [0]    BRG11_bit
0x009A       [0]    BRG8_bit
0x009A       [0]    BRG9_bit
0x009A       [1]    SPBRGH
0x009A       [0]    BRG14_bit
0x009A       [0]    BRG15_bit
0x009A       [0]    BRG13_bit
0x009A       [0]    BRG12_bit
0x009B       [0]    PDC2_bit
0x009B       [0]    PDC3_bit
0x009B       [0]    PDC0_bit
0x009B       [0]    PDC1_bit
0x009B       [0]    PDC4_bit
0x009B       [0]    PRSEN_bit
0x009B       [1]    PWM1CON
0x009B       [0]    PDC5_bit
0x009B       [0]    PDC6_bit
0x009C       [0]    ECCPAS2_bit
0x009C       [0]    ECCPASE_bit
0x009C       [0]    PSSBD1_bit
0x009C       [0]    PSSAC0_bit
0x009C       [1]    ECCPAS
0x009C       [0]    PSSBD0_bit
0x009C       [0]    ECCPAS0_bit
0x009C       [0]    ECCPAS1_bit
0x009C       [0]    PSSAC1_bit
0x009D       [0]    STRD_bit
0x009D       [1]    PSTRCON
0x009D       [0]    STRA_bit
0x009D       [0]    STRB_bit
0x009D       [0]    STRC_bit
0x009D       [0]    STRSYNC_bit
0x009E       [1]    ADRESL
0x009F       [0]    ADFM_bit
0x009F       [0]    VCFG0_bit
0x009F       [0]    VCFG1_bit
0x009F       [1]    ADCON1
0x0105       [0]    WDTPS2_bit
0x0105       [0]    WDTPS1_bit
0x0105       [0]    SWDTEN_bit
0x0105       [0]    WDTPS0_bit
0x0105       [1]    WDTCON
0x0105       [0]    WDTPS3_bit
0x0107       [1]    CM1CON0
0x0107       [0]    C1OUT_bit
0x0107       [0]    C1OE_bit
0x0107       [0]    C1POL_bit
0x0107       [0]    C1ON_bit
0x0107       [0]    C1R_bit
0x0107       [0]    C1CH1_bit
0x0107       [0]    C1CH0_bit
0x0108       [0]    C2CH1_bit
0x0108       [0]    C2R_bit
0x0108       [1]    CM2CON0
0x0108       [0]    C2CH0_bit
0x0108       [0]    C2OE_bit
0x0108       [0]    C2POL_bit
0x0108       [0]    C2ON_bit
0x0108       [0]    C2OUT_bit
0x0109       [0]    T1GSS_bit
0x0109       [1]    CM2CON1
0x0109       [0]    C2SYNC_bit
0x0109       [0]    C2RSEL_bit
0x0109       [0]    MC2OUT_bit
0x0109       [0]    MC1OUT_bit
0x0109       [0]    C1RSEL_bit
0x010C       [1]    EEDAT
0x010C       [1]    EEDATA
0x010D       [1]    EEADR
0x010E       [1]    EEDATH
0x010F       [1]    EEADRH
0x0185       [0]    SR1_bit
0x0185       [0]    C2REN_bit
0x0185       [0]    C1SEN_bit
0x0185       [0]    SR0_bit
0x0185       [0]    FVREN_bit
0x0185       [0]    PULSR_bit
0x0185       [0]    PULSS_bit
0x0185       [1]    SRCON
0x0187       [0]    SCKP_bit
0x0187       [0]    ABDEN_bit
0x0187       [1]    BAUDCTL
0x0187       [0]    BRG16_bit
0x0187       [0]    WUE_bit
0x0187       [0]    ABDOVF_bit
0x0187       [0]    RCIDL_bit
0x0188       [0]    ANS4_bit
0x0188       [1]    ANSEL
0x0188       [0]    ANS1_bit
0x0188       [0]    ANS2_bit
0x0188       [0]    ANS3_bit
0x0188       [0]    ANS0_bit
0x0189       [0]    ANS10_bit
0x0189       [0]    ANS12_bit
0x0189       [0]    ANS11_bit
0x0189       [0]    ANS13_bit
0x0189       [0]    ANS8_bit
0x0189       [0]    ANS9_bit
0x0189       [1]    ANSELH
0x018C       [0]    WR_bit
0x018C       [0]    RD_bit
0x018C       [0]    EEPGD_bit
0x018C       [1]    EECON1
0x018C       [0]    WRERR_bit
0x018C       [0]    WREN_bit
0x018D       [1]    EECON2
//** Label List: ** 
//----------------------------------------------
  L_interrupt0
  L_interrupt1
  L_interrupt2
  ___interrupt_salir
  L_interrupt3
  L_main4
  L_main5
  L_main6
  L_main7
  L_main8
  L_main9
  _interrupt
  L__interrupt10
  L__interrupt11
  L__interrupt12
  _main
  L__main13
  L__main14
  L_ADC_Get_Sample0
  L_ADC_Get_Sample1
  L_ADC_Read2
  L_ADC_Read3
  _ADC_Init
  _ADC_Get_Sample
  _ADC_Read
  L_ByteToStr0
  L_ByteToStr1
  L_ByteToStr2
  L_ByteToStr3
  L_ByteToStr4
  L_ByteToStr5
  L_WordToStr6
  L_WordToStr7
  L_WordToStr8
  L_WordToStr9
  L_WordToStr10
  L_WordToStr11
  L_WordToStrWithZeros12
  L_WordToStrWithZeros13
  L_WordToStrWithZeros14
  L_WordToStrWithZeros15
  L_WordToStrWithZeros16
  L_ShortToStr17
  L_ShortToStr18
  L_ShortToStr19
  L_ShortToStr20
  L_ShortToStr21
  L_ShortToStr22
  L_IntToStr23
  L_IntToStr24
  L_IntToStr25
  L_IntToStr26
  L_IntToStr27
  L_IntToStr28
  L_IntToStrWithZeros29
  L_IntToStrWithZeros30
  L_IntToStrWithZeros31
  L_IntToStrWithZeros32
  L_IntToStrWithZeros33
  L_IntToStrWithZeros34
  L_IntToStrWithZeros35
  L_IntToStrWithZeros36
  L_LongWordToStr37
  L_LongWordToStr38
  L_LongWordToStr39
  L_LongWordToStr40
  L_LongWordToStr41
  L_LongWordToStr42
  L_LongWordToStrWithZeros43
  L_LongWordToStrWithZeros44
  L_LongWordToStrWithZeros45
  L_LongWordToStrWithZeros46
  L_LongWordToStrWithZeros47
  L_LongToStr48
  L_LongToStr49
  L_LongToStr50
  L_LongToStr51
  L_LongToStr52
  L_LongToStr53
  L_LongIntToStrWithZeros54
  L_LongIntToStrWithZeros55
  L_LongIntToStrWithZeros56
  L_LongIntToStrWithZeros57
  L_LongIntToStrWithZeros58
  L_LongIntToStrWithZeros59
  L_LongIntToStrWithZeros60
  L_LongIntToStrWithZeros61
  L_Dec2Bcd62
  L_Dec2Bcd63
  L_Rtrim64
  L_Rtrim65
  L_Ltrim66
  L_Ltrim67
  L_Ltrim68
  L_Ltrim69
  L_Ltrim70
  L_Ltrim71
  L_FloatToStr72
  L_FloatToStr73
  L_FloatToStr74
  L_FloatToStr75
  L_FloatToStr76
  L_FloatToStr77
  L_FloatToStr78
  L_FloatToStr79
  L_FloatToStr80
  L_FloatToStr81
  L_FloatToStr82
  L_FloatToStr83
  L_FloatToStr84
  L_FloatToStr85
  L_FloatToStr86
  L_FloatToStr87
  L_FloatToStr88
  L_FloatToStr89
  L_FloatToStr90
  L_FloatToStr91
  L_FloatToStr92
  L_FloatToStr93
  L__Ltrim94
  L__FloatToStr95
  _ByteToHex
  _ShortToHex
  _WordToHex
  _IntToHex
  _LongWordToHex
  _LongIntToHex
  _ByteToStr
  _WordToStr
  L__WordToStr96
  _WordToStrWithZeros
  L__WordToStrWithZeros97
  _ShortToStr
  L__ShortToStr98
  _IntToStr
  L__IntToStr99
  L__IntToStr100
  _IntToStrWithZeros
  L__IntToStrWithZeros101
  L__IntToStrWithZeros102
  L__IntToStrWithZeros103
  _LongWordToStr
  L__LongWordToStr104
  L__LongWordToStr105
  _LongWordToStrWithZeros
  L__LongWordToStrWithZeros106
  _LongToStr
  L__LongToStr107
  L__LongToStr108
  _LongIntToStrWithZeros
  L__LongIntToStrWithZeros109
  L__LongIntToStrWithZeros110
  L__LongIntToStrWithZeros111
  _Dec2Bcd
  _Bcd2Dec
  _Bcd2Dec16
  L__Bcd2Dec16112
  L__Bcd2Dec16113
  _Dec2Bcd16
  L__Dec2Bcd16114
  L__Dec2Bcd16115
  _Rtrim
  _Ltrim
  _FloatToStr
  L__FloatToStr116
  L__FloatToStr117
  L__FloatToStr118
  L__FloatToStr119
  L__FloatToStr120
  L_Delay_10us0
  L_Delay_22us1
  L_Delay_50us2
  L_Delay_80us3
  L_Delay_500us4
  L_Delay_5500us5
  L_Delay_1ms6
  L_Delay_5ms7
  L_Delay_8ms8
  L_Delay_100ms9
  L_Delay_1sec10
  L_boot16_Delay_5ms11
  L_Delay_Cyc12
  L_Delay_Cyc13
  L_VDelay_ms14
  L_VDelay_ms15
  L_VDelay_ms16
  L_VDelay_Advanced_ms17
  L_VDelay_Advanced_ms18
  L_VDelay_Advanced_ms19
  _Get_Fosc_kHz
  _Delay_1us
  _Delay_10us
  _Delay_22us
  _Delay_50us
  _Delay_80us
  _Delay_500us
  _Delay_5500us
  _Delay_1ms
  _Delay_5ms
  _Delay_8ms
  _Delay_100ms
  _Delay_1sec
  _boot16_Delay_5ms
  _Delay_Cyc
  _VDelay_ms
  L__VDelay_ms20
  L__VDelay_ms21
  L__VDelay_ms22
  _VDelay_Advanced_ms
  L__VDelay_Advanced_ms23
  L__VDelay_Advanced_ms24
  L__VDelay_Advanced_ms25
  L_Div_16x16_S0
  L_Div_16x16_S1
  LOOPS3232A
  SADD22LA
  SOK22LA
  SADD22L8
  SOK22L8
  LOOPS3232B
  SADD22LB
  SOK22LB
  SADD22L16
  SOK22L16
  LOOPS3232C
  SADD22LC
  SOK22LC
  SADD22L24
  SOK22L24
  LOOPS3232D
  SADD22LD
  SOK22LD
  SOK22L
  L_Div_32x32_S6
  L_Div_32x32_S7
  L_Div_32x32_S8
  L_Div_32x32_S9
  FXD3232S
  END_ALL
  CA3232S
  C3232SX
  C3232SX1
  C3232S
  C3232S2
  C3232SX4
  C3232SOK
  C3232SX3
  C3232SX2
  avoid_comfrem
  LOOPU3232A
  UADD22LA
  UOK22LA
  UADD22L8
  UOK22L8
  LOOPU3232B
  UADD22LB
  UOK22LB
  UADD22L16
  UOK22L16
  LOOPU3232C
  UADD22LC
  UOK22LC
  UADD22L24
  UOK22L24
  LOOPU3232D
  UADD22LD
  UOK22LD
  UOK22L
  _NEXT
  _EXIT2
  _LOOP
  _EXIT1
  _IF_FIRST
  _IF_SECOND
  _INVERCE_FIRST
  _MULT
  _INBERSE_SECOND
  _EXIT
  _Mul_8x8_U
  _Mul_16x16_U
  _Div_8x8_U
  _Div_16x16_U
  _Mul_8x8_S
  _Mul_16x16_S
  _Div_16x16_S_L
  _Div_16x16_S
  _Div_8x8_S
  _SDIV3232L
  _COMFREM
  _Div_32x32_S
  _Div_32x32_U
  _Mul_32x32_U
  _Mul_32x32_S
  SETFOV32EEE
  SETFUN32EEE
  NORM3232
  JPNRES032
  JPNSETFUN32
  NORM3232A
  JMPNFIXSIGN32
  NORM32EEE
  NRMRND4032
  NRM4032
  JMPSETFOV32
  NORM4032
  JMPRES032
  JMPSETFUN32
  NORM4032A
  JMPFIXSIGN32
  NRM4032EEE
  USEA32
  JMPEEE
  ALIGNED32
  ALIGNB32
  ALOOPB32
  AOK32
  ACOMP32
  JMPNRMRND4032
  ADD_JMPSETFOV32
  JMPNRM4032
  JMPNRM32
  ADD32EEE
  FPM32
  JPMRES032
  M32BNE0
  MTUN32
  JPMSETFOV32
  MOK32
  JPMSETFUN32
  MLOOP32
  MNOADD32
  MADD32
  MROUND32
  MUL32OK
  MUL32EEE
  L_Div_32x32_FP7
  L_Div_32x32_FP8
  L_Div_32x32_FP9
  L_Div_32x32_FP10
  FPD32
  JPDSETFDZ32
  JPDRES032
  D32BNE0
  TALIGN32
  TS1ALIGN32
  TS2ALIGN32
  DALIGN32OK
  ALTB32
  AGEB32
  JPDSETFOV32
  DARGOK32
  JPDSETFUN32
  DLOOP32
  DS132
  DS232
  DREST32
  DOK32
  DAREST32
  DROUND32
  DIV32OK
  DIV32EEE
  SETIOV3224EEE
  INT3232U
  INT3232UEOK
  SETEXP32U
  SETIOV32U
  TSHIFT3232U
  SHIFT3232UOK
  SHIFT3232U
  INT3232UOK
  JPLSETIOV3224
  IRES032U
  INT3232UEER
  INT3232UEEE
  L_Double2Longword_0
  INT3232
  INT3232EOK
  SETIOV32
  TSHIFT3232
  SHIFT3232OK
  SHIFT3232
  INT3232OK
  JPISETIOV3224
  IRES032
  INT3232EER
  INT3232EEE
  L_Double2Longint_0
  INT3216
  IRES016
  SETIOV16
  TSHIFT3216
  SHIFT3216OK
  SHIFT3216
  INT3216OK
  JPJSETIOV3224
  INT3216EOK
  INT3216EER
  INT3216EEE
  L_Double2Int_0
  INT3216U
  IRES016U
  SETEXP16U
  SETIOV16U
  TSHIFT3216U
  SHIFT3216UOK
  SHIFT3216U
  INT3216UOK
  JPKSETIOV3224
  INT3216UEOK
  INT3216UEER
  INT3216UEEE
  L_Double2Word_0
  INT32U08
  IRES008
  SETEXP08
  SETIOV08
  TSHIFT3208
  SHIFT3208OK
  SHIFT3208
  INT3208OK
  D2B_JPKSETIOV3224
  INT3208EOK
  INT3208EER
  INT3208EEE
  L_Double2Byte_0
  FLO08U32
  FLO1632
  FLO1632EEE
  FLO16U32
  FLO3232
  FLO3232EEE
  FLO32U32
  EQU_FALSE
  COMPARE_EQU
  COMPARE_NOTZERO
  COMPARE_XNOTZERO
  COMPARE_YNOTZERO
  COMPARE_LT
  COMPARE_GT
  COMPARE_TESTALL
  COMPARE_C1
  GT_FALSE
  GT_TRUE
  COMPARE_C2
  COMPARE_C3
  _SETFOV32
  _SETFDZ32
  _FIXSIGN32
  _RES032
  _SETFUN32
  _NRM3232
  _NRM4032
  _Add_32x32_FP
  _Sub_32x32_FP
  _Mul_32x32_FP
  _Div_32x32_FP
  _SETIOV3224
  _Double2Longword
  _Double2Longint
  _Double2Int
  _Double2Word
  _Double2Byte
  _Byte2Double
  _Int2Double
  _Word2Double
  _Longint2Double
  _Longword2Double
  _Equals_Double
  _Compare_Double
  _PWM2_Init
  _PWM2_Set_Duty
  L__PWM2_Set_Duty0
  L__PWM2_Set_Duty1
  L__PWM2_Set_Duty2
  L__PWM2_Set_Duty3
  _PWM2_Start
  _PWM2_Stop
  _PWM1_Init
  _PWM1_Set_Duty
  L__PWM1_Set_Duty4
  L__PWM1_Set_Duty5
  L__PWM1_Set_Duty6
  L__PWM1_Set_Duty7
  _PWM1_Start
  _PWM1_Stop
  _CC2D_Loop1
  _____DoICP
  _____DoIFC
  ___CC2DW
  _Swap
  L_UART1_Init0
  L_UART1_Init1
  L_UART1_Read2
  L_UART1_Write3
  L_UART1_Write4
  L_UART1_Write_Text5
  L_UART1_Write_Text6
  L_UART1_Read_Text7
  L_UART1_Read_Text8
  L_UART1_Read_Text9
  L_UART1_Read_Text10
  L_UART1_Read_Text11
  L_UART1_Read_Text12
  L_UART1_Read_Text13
  L_UART1_Read_Text14
  L_UART1_Read_Text15
  _UART1_Init
  _UART1_Data_Ready
  _UART1_Read
  _UART1_Tx_Idle
  _UART1_Write
  _UART1_Write_Text
  _UART1_Read_Text
  L_interrupt0
  L_interrupt1
  L_interrupt2
  ___interrupt_salir
  L_interrupt3
  L_main4
  L_main5
  L_main6
  L_main7
  L_main8
  L_main9
  _interrupt
  L__interrupt10
  L__interrupt11
  L__interrupt12
  _main
  L__main13
  L__main14
  _PWM2_Init
  _PWM2_Set_Duty
  L__PWM2_Set_Duty0
  L__PWM2_Set_Duty1
  L__PWM2_Set_Duty2
  L__PWM2_Set_Duty3
  _PWM2_Start
  _PWM2_Stop
  _PWM1_Init
  _PWM1_Set_Duty
  L__PWM1_Set_Duty4
  L__PWM1_Set_Duty5
  L__PWM1_Set_Duty6
  L__PWM1_Set_Duty7
  _PWM1_Start
  _PWM1_Stop
  L_UART1_Init0
  L_UART1_Init1
  L_UART1_Read2
  L_UART1_Write3
  L_UART1_Write4
  L_UART1_Write_Text5
  L_UART1_Write_Text6
  L_UART1_Read_Text7
  L_UART1_Read_Text8
  L_UART1_Read_Text9
  L_UART1_Read_Text10
  L_UART1_Read_Text11
  L_UART1_Read_Text12
  L_UART1_Read_Text13
  L_UART1_Read_Text14
  L_UART1_Read_Text15
  _UART1_Init
  _UART1_Data_Ready
  _UART1_Read
  _UART1_Tx_Idle
  _UART1_Write
  _UART1_Write_Text
  _UART1_Read_Text
