;  LST file generated by mikroListExporter - v.2.0 
; Date/Time: 21/04/2011 17:33:39
;----------------------------------------------

;Address Opcode 	ASM
0x0000	0x158A      	BSF        PCLATH, 3
0x0001	0x2800      	GOTO       2048
_SETFUN32:
;__Lib_MathDouble.c,138 :: 		
;__Lib_MathDouble.c,145 :: 		
0x0003	0x157B      	BSF        R11, 2
;__Lib_MathDouble.c,146 :: 		
0x0004	0x1FFB      	BTFSS      R11, 7
;__Lib_MathDouble.c,147 :: 		
0x0005	0x280D      	GOTO       SETFUN32EEE
;__Lib_MathDouble.c,148 :: 		
0x0006	0x3001      	MOVLW      1
;__Lib_MathDouble.c,149 :: 		
0x0007	0x00F3      	MOVWF      R3
;__Lib_MathDouble.c,150 :: 		
0x0008	0x01F2      	CLRF       R2
;__Lib_MathDouble.c,151 :: 		
0x0009	0x01F1      	CLRF       R1
;__Lib_MathDouble.c,152 :: 		
0x000A	0x01F0      	CLRF       R0
;__Lib_MathDouble.c,153 :: 		
0x000B	0x0DFA      	RLF        R10, 1
;__Lib_MathDouble.c,154 :: 		
0x000C	0x0CF2      	RRF        R2, 1
;__Lib_MathDouble.c,155 :: 		
SETFUN32EEE:
;__Lib_MathDouble.c,156 :: 		
0x000D	0x30FF      	MOVLW      255
;__Lib_MathDouble.c,158 :: 		
0x000E	0x0008      	RETURN
; end of _SETFUN32
_FIXSIGN32:
;__Lib_MathDouble.c,112 :: 		
;__Lib_MathDouble.c,116 :: 		
0x000F	0x1FFA      	BTFSS      R10, 7
;__Lib_MathDouble.c,117 :: 		
0x0010	0x13F2      	BCF        R2, 7
;__Lib_MathDouble.c,118 :: 		
0x0011	0x3000      	MOVLW      0
;__Lib_MathDouble.c,120 :: 		
0x0012	0x0008      	RETURN
; end of _FIXSIGN32
_SETFOV32:
;__Lib_MathDouble.c,79 :: 		
;__Lib_MathDouble.c,86 :: 		
0x0013	0x14FB      	BSF        R11, 1
;__Lib_MathDouble.c,87 :: 		
0x0014	0x1FFB      	BTFSS      R11, 7
;__Lib_MathDouble.c,88 :: 		
0x0015	0x281D      	GOTO       SETFOV32EEE
;__Lib_MathDouble.c,89 :: 		
0x0016	0x30FF      	MOVLW      255
;__Lib_MathDouble.c,90 :: 		
0x0017	0x00F3      	MOVWF      R3
;__Lib_MathDouble.c,91 :: 		
0x0018	0x00F2      	MOVWF      R2
;__Lib_MathDouble.c,92 :: 		
0x0019	0x00F1      	MOVWF      R1
;__Lib_MathDouble.c,93 :: 		
0x001A	0x00F0      	MOVWF      R0
;__Lib_MathDouble.c,94 :: 		
0x001B	0x0DFA      	RLF        R10, 1
;__Lib_MathDouble.c,95 :: 		
0x001C	0x0CF2      	RRF        R2, 1
;__Lib_MathDouble.c,96 :: 		
SETFOV32EEE:
;__Lib_MathDouble.c,97 :: 		
0x001D	0x30FF      	MOVLW      255
;__Lib_MathDouble.c,99 :: 		
0x001E	0x0008      	RETURN
; end of _SETFOV32
_RES032:
;__Lib_MathDouble.c,123 :: 		
;__Lib_MathDouble.c,128 :: 		
0x001F	0x01F2      	CLRF       R2
;__Lib_MathDouble.c,129 :: 		
0x0020	0x01F1      	CLRF       R1
;__Lib_MathDouble.c,130 :: 		
0x0021	0x01F0      	CLRF       R0
;__Lib_MathDouble.c,131 :: 		
0x0022	0x01F8      	CLRF       R8
;__Lib_MathDouble.c,132 :: 		
0x0023	0x01F3      	CLRF       R3
;__Lib_MathDouble.c,133 :: 		
0x0024	0x3000      	MOVLW      0
;__Lib_MathDouble.c,135 :: 		
0x0025	0x0008      	RETURN
; end of _RES032
_Delay_1us:
;__Lib_Delays.c,7 :: 		void Delay_1us() {
;__Lib_Delays.c,8 :: 		Delay_us(1);
0x0026	0x0000      	NOP
0x0027	0x0000      	NOP
0x0028	0x0000      	NOP
0x0029	0x0000      	NOP
0x002A	0x0000      	NOP
;__Lib_Delays.c,9 :: 		}
0x002B	0x0008      	RETURN
; end of _Delay_1us
_Delay_50us:
;__Lib_Delays.c,19 :: 		void Delay_50us() {
;__Lib_Delays.c,20 :: 		Delay_us(50);
0x002C	0x3053      	MOVLW      83
0x002D	0x1283      	BCF        STATUS, 5
0x002E	0x1303      	BCF        STATUS, 6
0x002F	0x00FD      	MOVWF      R13
L_Delay_50us2:
0x0030	0x0BFD      	DECFSZ     R13, 1
0x0031	0x2830      	GOTO       L_Delay_50us2
;__Lib_Delays.c,21 :: 		}
0x0032	0x0008      	RETURN
; end of _Delay_50us
_Delay_5500us:
;__Lib_Delays.c,31 :: 		void Delay_5500us() {
;__Lib_Delays.c,32 :: 		Delay_us(5500);
0x0033	0x3024      	MOVLW      36
0x0034	0x1283      	BCF        STATUS, 5
0x0035	0x1303      	BCF        STATUS, 6
0x0036	0x00FC      	MOVWF      R12
0x0037	0x30B5      	MOVLW      181
0x0038	0x00FD      	MOVWF      R13
L_Delay_5500us5:
0x0039	0x0BFD      	DECFSZ     R13, 1
0x003A	0x2839      	GOTO       L_Delay_5500us5
0x003B	0x0BFC      	DECFSZ     R12, 1
0x003C	0x2839      	GOTO       L_Delay_5500us5
0x003D	0x0000      	NOP
0x003E	0x0000      	NOP
;__Lib_Delays.c,33 :: 		}
0x003F	0x0008      	RETURN
; end of _Delay_5500us
_NRM3232:
;__Lib_MathDouble.c,167 :: 		
;__Lib_MathDouble.c,173 :: 		
;__Lib_MathDouble.c,175 :: 		
0x0040	0x01A0      	CLRF       __math_tempbD
;__Lib_MathDouble.c,176 :: 		
0x0041	0x0872      	MOVF       R2, 0
;__Lib_MathDouble.c,177 :: 		
0x0042	0x1D03      	BTFSS      STATUS, 2
;__Lib_MathDouble.c,178 :: 		
0x0043	0x2855      	GOTO       NORM3232
;__Lib_MathDouble.c,179 :: 		
0x0044	0x0871      	MOVF       R1, 0
;__Lib_MathDouble.c,180 :: 		
0x0045	0x00F2      	MOVWF      R2
;__Lib_MathDouble.c,181 :: 		
0x0046	0x0870      	MOVF       R0, 0
;__Lib_MathDouble.c,182 :: 		
0x0047	0x00F1      	MOVWF      R1
;__Lib_MathDouble.c,183 :: 		
0x0048	0x01F0      	CLRF       R0
;__Lib_MathDouble.c,184 :: 		
0x0049	0x15A0      	BSF        __math_tempbD, 3
;__Lib_MathDouble.c,186 :: 		
0x004A	0x0872      	MOVF       R2, 0
;__Lib_MathDouble.c,187 :: 		
0x004B	0x1D03      	BTFSS      STATUS, 2
;__Lib_MathDouble.c,188 :: 		
0x004C	0x2855      	GOTO       NORM3232
;__Lib_MathDouble.c,189 :: 		
0x004D	0x0871      	MOVF       R1, 0
;__Lib_MathDouble.c,190 :: 		
0x004E	0x00F2      	MOVWF      R2
;__Lib_MathDouble.c,191 :: 		
0x004F	0x01F1      	CLRF       R1
;__Lib_MathDouble.c,192 :: 		
0x0050	0x11A0      	BCF        __math_tempbD, 3
;__Lib_MathDouble.c,193 :: 		
0x0051	0x1620      	BSF        __math_tempbD, 4
;__Lib_MathDouble.c,195 :: 		
0x0052	0x0872      	MOVF       R2, 0
;__Lib_MathDouble.c,196 :: 		
0x0053	0x1903      	BTFSC      STATUS, 2
;__Lib_MathDouble.c,197 :: 		
0x0054	0x2863      	GOTO       JPNRES032
;__Lib_MathDouble.c,198 :: 		
NORM3232:
;__Lib_MathDouble.c,199 :: 		
0x0055	0x0820      	MOVF       __math_tempbD, 0
;__Lib_MathDouble.c,200 :: 		
0x0056	0x02F3      	SUBWF      R3, 1
;__Lib_MathDouble.c,201 :: 		
0x0057	0x1D03      	BTFSS      STATUS, 2
;__Lib_MathDouble.c,202 :: 		
0x0058	0x1C03      	BTFSS      STATUS, 0
;__Lib_MathDouble.c,203 :: 		
0x0059	0x2867      	GOTO       JPNSETFUN32
;__Lib_MathDouble.c,204 :: 		
0x005A	0x1003      	BCF        STATUS, 0
;__Lib_MathDouble.c,205 :: 		
NORM3232A:
;__Lib_MathDouble.c,206 :: 		
0x005B	0x1BF2      	BTFSC      R2, 7
;__Lib_MathDouble.c,207 :: 		
0x005C	0x286B      	GOTO       JMPNFIXSIGN32
;__Lib_MathDouble.c,208 :: 		
0x005D	0x0DF0      	RLF        R0, 1
;__Lib_MathDouble.c,209 :: 		
0x005E	0x0DF1      	RLF        R1, 1
;__Lib_MathDouble.c,210 :: 		
0x005F	0x0DF2      	RLF        R2, 1
;__Lib_MathDouble.c,211 :: 		
0x0060	0x0BF3      	DECFSZ     R3, 1
;__Lib_MathDouble.c,212 :: 		
0x0061	0x285B      	GOTO       NORM3232A
;__Lib_MathDouble.c,213 :: 		
0x0062	0x2867      	GOTO       JPNSETFUN32
;__Lib_MathDouble.c,214 :: 		
JPNRES032:
;__Lib_MathDouble.c,215 :: 		
0x0063	0x3001      	MOVLW      1
;__Lib_MathDouble.c,216 :: 		
0x0064	0x00FC      	MOVWF      R12
;__Lib_MathDouble.c,218 :: 		
0x0065	0x201F      	CALL       _RES032
;__Lib_MathDouble.c,220 :: 		
0x0066	0x286E      	GOTO       NORM32EEE
;__Lib_MathDouble.c,221 :: 		
JPNSETFUN32:
;__Lib_MathDouble.c,222 :: 		
0x0067	0x3002      	MOVLW      2
;__Lib_MathDouble.c,223 :: 		
0x0068	0x00FC      	MOVWF      R12
;__Lib_MathDouble.c,225 :: 		
0x0069	0x2003      	CALL       _SETFUN32
;__Lib_MathDouble.c,227 :: 		
0x006A	0x286E      	GOTO       NORM32EEE
;__Lib_MathDouble.c,228 :: 		
JMPNFIXSIGN32:
;__Lib_MathDouble.c,229 :: 		
0x006B	0x3004      	MOVLW      4
;__Lib_MathDouble.c,230 :: 		
0x006C	0x00FC      	MOVWF      R12
;__Lib_MathDouble.c,232 :: 		
0x006D	0x200F      	CALL       _FIXSIGN32
;__Lib_MathDouble.c,234 :: 		
NORM32EEE:
;__Lib_MathDouble.c,236 :: 		
0x006E	0x0008      	RETURN
; end of _NRM3232
_NRM4032:
;__Lib_MathDouble.c,245 :: 		
;__Lib_MathDouble.c,252 :: 		
;__Lib_MathDouble.c,254 :: 		
0x006F	0x187C      	BTFSC      R12, 0
;__Lib_MathDouble.c,255 :: 		
0x0070	0x28A5      	GOTO       NRMRND4032
;__Lib_MathDouble.c,256 :: 		
0x0071	0x18FC      	BTFSC      R12, 1
;__Lib_MathDouble.c,257 :: 		
0x0072	0x2876      	GOTO       NRM4032
;__Lib_MathDouble.c,258 :: 		
0x0073	0x197C      	BTFSC      R12, 2
;__Lib_MathDouble.c,259 :: 		
0x0074	0x28C4      	GOTO       JMPSETFOV32
;__Lib_MathDouble.c,260 :: 		
0x0075	0x286F      	GOTO       $-6
;__Lib_MathDouble.c,261 :: 		
NRM4032:
;__Lib_MathDouble.c,262 :: 		
0x0076	0x01A0      	CLRF       __math_tempbD
;__Lib_MathDouble.c,263 :: 		
0x0077	0x0872      	MOVF       R2, 0
;__Lib_MathDouble.c,264 :: 		
0x0078	0x1D03      	BTFSS      STATUS, 2
;__Lib_MathDouble.c,265 :: 		
0x0079	0x2896      	GOTO       NORM4032
;__Lib_MathDouble.c,266 :: 		
0x007A	0x0871      	MOVF       R1, 0
;__Lib_MathDouble.c,267 :: 		
0x007B	0x00F2      	MOVWF      R2
;__Lib_MathDouble.c,268 :: 		
0x007C	0x0870      	MOVF       R0, 0
;__Lib_MathDouble.c,269 :: 		
0x007D	0x00F1      	MOVWF      R1
;__Lib_MathDouble.c,270 :: 		
0x007E	0x0878      	MOVF       R8, 0
;__Lib_MathDouble.c,271 :: 		
0x007F	0x00F0      	MOVWF      R0
;__Lib_MathDouble.c,272 :: 		
0x0080	0x01F8      	CLRF       R8
;__Lib_MathDouble.c,273 :: 		
0x0081	0x15A0      	BSF        __math_tempbD, 3
;__Lib_MathDouble.c,275 :: 		
0x0082	0x0872      	MOVF       R2, 0
;__Lib_MathDouble.c,276 :: 		
0x0083	0x1D03      	BTFSS      STATUS, 2
;__Lib_MathDouble.c,277 :: 		
0x0084	0x2896      	GOTO       NORM4032
;__Lib_MathDouble.c,278 :: 		
0x0085	0x0871      	MOVF       R1, 0
;__Lib_MathDouble.c,279 :: 		
0x0086	0x00F2      	MOVWF      R2
;__Lib_MathDouble.c,280 :: 		
0x0087	0x0870      	MOVF       R0, 0
;__Lib_MathDouble.c,281 :: 		
0x0088	0x00F1      	MOVWF      R1
;__Lib_MathDouble.c,282 :: 		
0x0089	0x01F0      	CLRF       R0
;__Lib_MathDouble.c,283 :: 		
0x008A	0x11A0      	BCF        __math_tempbD, 3
;__Lib_MathDouble.c,284 :: 		
0x008B	0x1620      	BSF        __math_tempbD, 4
;__Lib_MathDouble.c,286 :: 		
0x008C	0x0872      	MOVF       R2, 0
;__Lib_MathDouble.c,287 :: 		
0x008D	0x1D03      	BTFSS      STATUS, 2
;__Lib_MathDouble.c,288 :: 		
0x008E	0x2896      	GOTO       NORM4032
;__Lib_MathDouble.c,289 :: 		
0x008F	0x0871      	MOVF       R1, 0
;__Lib_MathDouble.c,290 :: 		
0x0090	0x00F2      	MOVWF      R2
;__Lib_MathDouble.c,291 :: 		
0x0091	0x01F1      	CLRF       R1
;__Lib_MathDouble.c,292 :: 		
0x0092	0x15A0      	BSF        __math_tempbD, 3
;__Lib_MathDouble.c,294 :: 		
0x0093	0x0872      	MOVF       R2, 0
;__Lib_MathDouble.c,295 :: 		
0x0094	0x1903      	BTFSC      STATUS, 2
;__Lib_MathDouble.c,296 :: 		
0x0095	0x28B8      	GOTO       JMPRES032
;__Lib_MathDouble.c,297 :: 		
NORM4032:
;__Lib_MathDouble.c,298 :: 		
0x0096	0x0820      	MOVF       __math_tempbD, 0
;__Lib_MathDouble.c,299 :: 		
0x0097	0x02F3      	SUBWF      R3, 1
;__Lib_MathDouble.c,300 :: 		
0x0098	0x1D03      	BTFSS      STATUS, 2
;__Lib_MathDouble.c,301 :: 		
0x0099	0x1C03      	BTFSS      STATUS, 0
;__Lib_MathDouble.c,302 :: 		
0x009A	0x28BC      	GOTO       JMPSETFUN32
;__Lib_MathDouble.c,303 :: 		
0x009B	0x1003      	BCF        STATUS, 0
;__Lib_MathDouble.c,304 :: 		
NORM4032A:
;__Lib_MathDouble.c,305 :: 		
0x009C	0x1BF2      	BTFSC      R2, 7
;__Lib_MathDouble.c,306 :: 		
0x009D	0x28A5      	GOTO       NRMRND4032
;__Lib_MathDouble.c,307 :: 		
0x009E	0x0DF8      	RLF        R8, 1
;__Lib_MathDouble.c,308 :: 		
0x009F	0x0DF0      	RLF        R0, 1
;__Lib_MathDouble.c,309 :: 		
0x00A0	0x0DF1      	RLF        R1, 1
;__Lib_MathDouble.c,310 :: 		
0x00A1	0x0DF2      	RLF        R2, 1
;__Lib_MathDouble.c,311 :: 		
0x00A2	0x0BF3      	DECFSZ     R3, 1
;__Lib_MathDouble.c,312 :: 		
0x00A3	0x289C      	GOTO       NORM4032A
;__Lib_MathDouble.c,313 :: 		
0x00A4	0x28BC      	GOTO       JMPSETFUN32
;__Lib_MathDouble.c,314 :: 		
NRMRND4032:
;__Lib_MathDouble.c,315 :: 		
0x00A5	0x1B7B      	BTFSC      R11, 6
;__Lib_MathDouble.c,316 :: 		
0x00A6	0x1C70      	BTFSS      R0, 0
;__Lib_MathDouble.c,317 :: 		
0x00A7	0x28C0      	GOTO       JMPFIXSIGN32
;__Lib_MathDouble.c,318 :: 		
0x00A8	0x1FF8      	BTFSS      R8, 7
;__Lib_MathDouble.c,319 :: 		
0x00A9	0x28C0      	GOTO       JMPFIXSIGN32
;__Lib_MathDouble.c,320 :: 		
0x00AA	0x0AF0      	INCF       R0, 1
;__Lib_MathDouble.c,321 :: 		
0x00AB	0x1903      	BTFSC      STATUS, 2
;__Lib_MathDouble.c,322 :: 		
0x00AC	0x0AF1      	INCF       R1, 1
;__Lib_MathDouble.c,323 :: 		
0x00AD	0x1903      	BTFSC      STATUS, 2
;__Lib_MathDouble.c,324 :: 		
0x00AE	0x0AF2      	INCF       R2, 1
;__Lib_MathDouble.c,325 :: 		
0x00AF	0x1D03      	BTFSS      STATUS, 2
;__Lib_MathDouble.c,326 :: 		
0x00B0	0x28C0      	GOTO       JMPFIXSIGN32
;__Lib_MathDouble.c,327 :: 		
0x00B1	0x0CF2      	RRF        R2, 1
;__Lib_MathDouble.c,328 :: 		
0x00B2	0x0CF1      	RRF        R1, 1
;__Lib_MathDouble.c,329 :: 		
0x00B3	0x0CF0      	RRF        R0, 1
;__Lib_MathDouble.c,330 :: 		
0x00B4	0x0AF3      	INCF       R3, 1
;__Lib_MathDouble.c,331 :: 		
0x00B5	0x1903      	BTFSC      STATUS, 2
;__Lib_MathDouble.c,332 :: 		
0x00B6	0x28C4      	GOTO       JMPSETFOV32
;__Lib_MathDouble.c,333 :: 		
0x00B7	0x28C0      	GOTO       JMPFIXSIGN32
;__Lib_MathDouble.c,334 :: 		
JMPRES032:
;__Lib_MathDouble.c,335 :: 		
0x00B8	0x3001      	MOVLW      1
;__Lib_MathDouble.c,336 :: 		
0x00B9	0x00FC      	MOVWF      R12
;__Lib_MathDouble.c,338 :: 		
0x00BA	0x201F      	CALL       _RES032
;__Lib_MathDouble.c,340 :: 		
0x00BB	0x28C7      	GOTO       NRM4032EEE
;__Lib_MathDouble.c,341 :: 		
JMPSETFUN32:
;__Lib_MathDouble.c,342 :: 		
0x00BC	0x3002      	MOVLW      2
;__Lib_MathDouble.c,343 :: 		
0x00BD	0x00FC      	MOVWF      R12
;__Lib_MathDouble.c,345 :: 		
0x00BE	0x2003      	CALL       _SETFUN32
;__Lib_MathDouble.c,347 :: 		
0x00BF	0x28C7      	GOTO       NRM4032EEE
;__Lib_MathDouble.c,348 :: 		
JMPFIXSIGN32:
;__Lib_MathDouble.c,349 :: 		
0x00C0	0x3004      	MOVLW      4
;__Lib_MathDouble.c,350 :: 		
0x00C1	0x00FC      	MOVWF      R12
;__Lib_MathDouble.c,352 :: 		
0x00C2	0x200F      	CALL       _FIXSIGN32
;__Lib_MathDouble.c,354 :: 		
0x00C3	0x28C7      	GOTO       NRM4032EEE
;__Lib_MathDouble.c,355 :: 		
JMPSETFOV32:
;__Lib_MathDouble.c,356 :: 		
0x00C4	0x3008      	MOVLW      8
;__Lib_MathDouble.c,357 :: 		
0x00C5	0x00FC      	MOVWF      R12
;__Lib_MathDouble.c,359 :: 		
0x00C6	0x2013      	CALL       _SETFOV32
;__Lib_MathDouble.c,361 :: 		
NRM4032EEE:
;__Lib_MathDouble.c,362 :: 		
0x00C7	0x0000      	NOP
;__Lib_MathDouble.c,370 :: 		
0x00C8	0x0008      	RETURN
; end of _NRM4032
_SETFDZ32:
;__Lib_MathDouble.c,102 :: 		
;__Lib_MathDouble.c,105 :: 		
0x00C9	0x15FB      	BSF        R11, 3
;__Lib_MathDouble.c,106 :: 		
0x00CA	0x30FF      	MOVLW      255
;__Lib_MathDouble.c,108 :: 		
0x00CB	0x0008      	RETURN
; end of _SETFDZ32
_Lcd_Cmd:
;__Lib_Lcd.c,18 :: 		
;__Lib_Lcd.c,20 :: 		
0x00CC	0x1283      	BCF        STATUS, 5
0x00CD	0x1703      	BSF        STATUS, 6
0x00CE	0x1BB0      	BTFSC      FARG_Lcd_Cmd_out_char, 7
0x00CF	0x28D2      	GOTO       L__Lcd_Cmd20
0x00D0	0x1186      	BCF        LCD_D7, BitPos(LCD_D7+0)
0x00D1	0x28D3      	GOTO       L__Lcd_Cmd21
L__Lcd_Cmd20:
0x00D2	0x1586      	BSF        LCD_D7, BitPos(LCD_D7+0)
L__Lcd_Cmd21:
;__Lib_Lcd.c,21 :: 		
0x00D3	0x1B30      	BTFSC      FARG_Lcd_Cmd_out_char, 6
0x00D4	0x28D7      	GOTO       L__Lcd_Cmd22
0x00D5	0x1106      	BCF        LCD_D6, BitPos(LCD_D6+0)
0x00D6	0x28D8      	GOTO       L__Lcd_Cmd23
L__Lcd_Cmd22:
0x00D7	0x1506      	BSF        LCD_D6, BitPos(LCD_D6+0)
L__Lcd_Cmd23:
;__Lib_Lcd.c,22 :: 		
0x00D8	0x1AB0      	BTFSC      FARG_Lcd_Cmd_out_char, 5
0x00D9	0x28DC      	GOTO       L__Lcd_Cmd24
0x00DA	0x1086      	BCF        LCD_D5, BitPos(LCD_D5+0)
0x00DB	0x28DD      	GOTO       L__Lcd_Cmd25
L__Lcd_Cmd24:
0x00DC	0x1486      	BSF        LCD_D5, BitPos(LCD_D5+0)
L__Lcd_Cmd25:
;__Lib_Lcd.c,23 :: 		
0x00DD	0x1A30      	BTFSC      FARG_Lcd_Cmd_out_char, 4
0x00DE	0x28E1      	GOTO       L__Lcd_Cmd26
0x00DF	0x1006      	BCF        LCD_D4, BitPos(LCD_D4+0)
0x00E0	0x28E2      	GOTO       L__Lcd_Cmd27
L__Lcd_Cmd26:
0x00E1	0x1406      	BSF        LCD_D4, BitPos(LCD_D4+0)
L__Lcd_Cmd27:
;__Lib_Lcd.c,25 :: 		
0x00E2	0x1303      	BCF        STATUS, 6
0x00E3	0x1868      	BTFSC      __Lib_Lcd_cmd_status, BitPos(__Lib_Lcd_cmd_status+0)
0x00E4	0x28E7      	GOTO       L__Lcd_Cmd28
0x00E5	0x1606      	BSF        LCD_RS, BitPos(LCD_RS+0)
0x00E6	0x28E8      	GOTO       L__Lcd_Cmd29
L__Lcd_Cmd28:
0x00E7	0x1206      	BCF        LCD_RS, BitPos(LCD_RS+0)
L__Lcd_Cmd29:
;__Lib_Lcd.c,28 :: 		
0x00E8	0x1686      	BSF        LCD_EN, BitPos(LCD_EN+0)
;__Lib_Lcd.c,29 :: 		
0x00E9	0x2026      	CALL       _Delay_1us
;__Lib_Lcd.c,30 :: 		
0x00EA	0x1286      	BCF        LCD_EN, BitPos(LCD_EN+0)
;__Lib_Lcd.c,33 :: 		
0x00EB	0x1703      	BSF        STATUS, 6
0x00EC	0x19B0      	BTFSC      FARG_Lcd_Cmd_out_char, 3
0x00ED	0x28F0      	GOTO       L__Lcd_Cmd30
0x00EE	0x1186      	BCF        LCD_D7, BitPos(LCD_D7+0)
0x00EF	0x28F1      	GOTO       L__Lcd_Cmd31
L__Lcd_Cmd30:
0x00F0	0x1586      	BSF        LCD_D7, BitPos(LCD_D7+0)
L__Lcd_Cmd31:
;__Lib_Lcd.c,34 :: 		
0x00F1	0x1930      	BTFSC      FARG_Lcd_Cmd_out_char, 2
0x00F2	0x28F5      	GOTO       L__Lcd_Cmd32
0x00F3	0x1106      	BCF        LCD_D6, BitPos(LCD_D6+0)
0x00F4	0x28F6      	GOTO       L__Lcd_Cmd33
L__Lcd_Cmd32:
0x00F5	0x1506      	BSF        LCD_D6, BitPos(LCD_D6+0)
L__Lcd_Cmd33:
;__Lib_Lcd.c,35 :: 		
0x00F6	0x18B0      	BTFSC      FARG_Lcd_Cmd_out_char, 1
0x00F7	0x28FA      	GOTO       L__Lcd_Cmd34
0x00F8	0x1086      	BCF        LCD_D5, BitPos(LCD_D5+0)
0x00F9	0x28FB      	GOTO       L__Lcd_Cmd35
L__Lcd_Cmd34:
0x00FA	0x1486      	BSF        LCD_D5, BitPos(LCD_D5+0)
L__Lcd_Cmd35:
;__Lib_Lcd.c,36 :: 		
0x00FB	0x1830      	BTFSC      FARG_Lcd_Cmd_out_char, 0
0x00FC	0x28FF      	GOTO       L__Lcd_Cmd36
0x00FD	0x1006      	BCF        LCD_D4, BitPos(LCD_D4+0)
0x00FE	0x2900      	GOTO       L__Lcd_Cmd37
L__Lcd_Cmd36:
0x00FF	0x1406      	BSF        LCD_D4, BitPos(LCD_D4+0)
L__Lcd_Cmd37:
;__Lib_Lcd.c,38 :: 		
0x0100	0x1303      	BCF        STATUS, 6
0x0101	0x1868      	BTFSC      __Lib_Lcd_cmd_status, BitPos(__Lib_Lcd_cmd_status+0)
0x0102	0x2905      	GOTO       L__Lcd_Cmd38
0x0103	0x1606      	BSF        LCD_RS, BitPos(LCD_RS+0)
0x0104	0x2906      	GOTO       L__Lcd_Cmd39
L__Lcd_Cmd38:
0x0105	0x1206      	BCF        LCD_RS, BitPos(LCD_RS+0)
L__Lcd_Cmd39:
;__Lib_Lcd.c,40 :: 		
0x0106	0x1686      	BSF        LCD_EN, BitPos(LCD_EN+0)
;__Lib_Lcd.c,41 :: 		
0x0107	0x2026      	CALL       _Delay_1us
;__Lib_Lcd.c,42 :: 		
0x0108	0x1286      	BCF        LCD_EN, BitPos(LCD_EN+0)
;__Lib_Lcd.c,44 :: 		
0x0109	0x1C68      	BTFSS      __Lib_Lcd_cmd_status, BitPos(__Lib_Lcd_cmd_status+0)
0x010A	0x290D      	GOTO       L_Lcd_Cmd0
;__Lib_Lcd.c,45 :: 		
0x010B	0x2033      	CALL       _Delay_5500us
0x010C	0x290E      	GOTO       L_Lcd_Cmd1
L_Lcd_Cmd0:
;__Lib_Lcd.c,47 :: 		
0x010D	0x202C      	CALL       _Delay_50us
L_Lcd_Cmd1:
;__Lib_Lcd.c,48 :: 		
0x010E	0x0008      	RETURN
; end of _Lcd_Cmd
_Add_32x32_FP:
;__Lib_MathDouble.c,379 :: 		
;__Lib_MathDouble.c,390 :: 		
;__Lib_MathDouble.c,392 :: 		
0x010F	0x1283      	BCF        STATUS, 5
;__Lib_MathDouble.c,393 :: 		
0x0110	0x1303      	BCF        STATUS, 6
;__Lib_MathDouble.c,394 :: 		
0x0111	0x0872      	MOVF       R2, 0
;__Lib_MathDouble.c,395 :: 		
0x0112	0x0676      	XORWF      R6, 0
;__Lib_MathDouble.c,396 :: 		
0x0113	0x00A0      	MOVWF      __math_tempbD
;__Lib_MathDouble.c,398 :: 		
0x0114	0x01F8      	CLRF       R8
;__Lib_MathDouble.c,399 :: 		
0x0115	0x01F9      	CLRF       R9
;__Lib_MathDouble.c,401 :: 		
0x0116	0x0873      	MOVF       R3, 0
;__Lib_MathDouble.c,402 :: 		
0x0117	0x0277      	SUBWF      R7, 0
;__Lib_MathDouble.c,403 :: 		
0x0118	0x1C03      	BTFSS      STATUS, 0
;__Lib_MathDouble.c,404 :: 		
0x0119	0x2932      	GOTO       USEA32
;__Lib_MathDouble.c,406 :: 		
0x011A	0x0877      	MOVF       R7, 0
;__Lib_MathDouble.c,407 :: 		
0x011B	0x00FD      	MOVWF      R13
;__Lib_MathDouble.c,408 :: 		
0x011C	0x0873      	MOVF       R3, 0
;__Lib_MathDouble.c,409 :: 		
0x011D	0x00F7      	MOVWF      R7
;__Lib_MathDouble.c,410 :: 		
0x011E	0x087D      	MOVF       R13, 0
;__Lib_MathDouble.c,411 :: 		
0x011F	0x00F3      	MOVWF      R3
;__Lib_MathDouble.c,413 :: 		
0x0120	0x0876      	MOVF       R6, 0
;__Lib_MathDouble.c,414 :: 		
0x0121	0x00FD      	MOVWF      R13
;__Lib_MathDouble.c,415 :: 		
0x0122	0x0872      	MOVF       R2, 0
;__Lib_MathDouble.c,416 :: 		
0x0123	0x00F6      	MOVWF      R6
;__Lib_MathDouble.c,417 :: 		
0x0124	0x087D      	MOVF       R13, 0
;__Lib_MathDouble.c,418 :: 		
0x0125	0x00F2      	MOVWF      R2
;__Lib_MathDouble.c,420 :: 		
0x0126	0x0875      	MOVF       R5, 0
;__Lib_MathDouble.c,421 :: 		
0x0127	0x00FD      	MOVWF      R13
;__Lib_MathDouble.c,422 :: 		
0x0128	0x0871      	MOVF       R1, 0
;__Lib_MathDouble.c,423 :: 		
0x0129	0x00F5      	MOVWF      R5
;__Lib_MathDouble.c,424 :: 		
0x012A	0x087D      	MOVF       R13, 0
;__Lib_MathDouble.c,425 :: 		
0x012B	0x00F1      	MOVWF      R1
;__Lib_MathDouble.c,427 :: 		
0x012C	0x0874      	MOVF       R4, 0
;__Lib_MathDouble.c,428 :: 		
0x012D	0x00FD      	MOVWF      R13
;__Lib_MathDouble.c,429 :: 		
0x012E	0x0870      	MOVF       R0, 0
;__Lib_MathDouble.c,430 :: 		
0x012F	0x00F4      	MOVWF      R4
;__Lib_MathDouble.c,431 :: 		
0x0130	0x087D      	MOVF       R13, 0
;__Lib_MathDouble.c,432 :: 		
0x0131	0x00F0      	MOVWF      R0
;__Lib_MathDouble.c,433 :: 		
USEA32:
;__Lib_MathDouble.c,434 :: 		
0x0132	0x0877      	MOVF       R7, 0
;__Lib_MathDouble.c,435 :: 		
0x0133	0x1903      	BTFSC      STATUS, 2
;__Lib_MathDouble.c,436 :: 		
0x0134	0x29AB      	GOTO       JMPEEE
;__Lib_MathDouble.c,437 :: 		
0x0135	0x0872      	MOVF       R2, 0
;__Lib_MathDouble.c,438 :: 		
0x0136	0x00FA      	MOVWF      R10
;__Lib_MathDouble.c,439 :: 		
0x0137	0x17F2      	BSF        R2, 7
;__Lib_MathDouble.c,440 :: 		
0x0138	0x17F6      	BSF        R6, 7
;__Lib_MathDouble.c,441 :: 		
0x0139	0x0877      	MOVF       R7, 0
;__Lib_MathDouble.c,442 :: 		
0x013A	0x0273      	SUBWF      R3, 0
;__Lib_MathDouble.c,443 :: 		
0x013B	0x00F7      	MOVWF      R7
;__Lib_MathDouble.c,444 :: 		
0x013C	0x1903      	BTFSC      STATUS, 2
;__Lib_MathDouble.c,445 :: 		
0x013D	0x2965      	GOTO       ALIGNED32
;__Lib_MathDouble.c,446 :: 		
0x013E	0x3008      	MOVLW      8
;__Lib_MathDouble.c,447 :: 		
0x013F	0x0277      	SUBWF      R7, 0
;__Lib_MathDouble.c,448 :: 		
0x0140	0x1C03      	BTFSS      STATUS, 0
;__Lib_MathDouble.c,449 :: 		
0x0141	0x295B      	GOTO       ALIGNB32
;__Lib_MathDouble.c,450 :: 		
0x0142	0x00F7      	MOVWF      R7
;__Lib_MathDouble.c,451 :: 		
0x0143	0x0874      	MOVF       R4, 0
;__Lib_MathDouble.c,452 :: 		
0x0144	0x00F9      	MOVWF      R9
;__Lib_MathDouble.c,453 :: 		
0x0145	0x0875      	MOVF       R5, 0
;__Lib_MathDouble.c,454 :: 		
0x0146	0x00F4      	MOVWF      R4
;__Lib_MathDouble.c,455 :: 		
0x0147	0x0876      	MOVF       R6, 0
;__Lib_MathDouble.c,456 :: 		
0x0148	0x00F5      	MOVWF      R5
;__Lib_MathDouble.c,457 :: 		
0x0149	0x01F6      	CLRF       R6
;__Lib_MathDouble.c,458 :: 		
0x014A	0x3008      	MOVLW      8
;__Lib_MathDouble.c,459 :: 		
0x014B	0x0277      	SUBWF      R7, 0
;__Lib_MathDouble.c,460 :: 		
0x014C	0x1C03      	BTFSS      STATUS, 0
;__Lib_MathDouble.c,461 :: 		
0x014D	0x295B      	GOTO       ALIGNB32
;__Lib_MathDouble.c,462 :: 		
0x014E	0x00F7      	MOVWF      R7
;__Lib_MathDouble.c,463 :: 		
0x014F	0x0874      	MOVF       R4, 0
;__Lib_MathDouble.c,464 :: 		
0x0150	0x00F9      	MOVWF      R9
;__Lib_MathDouble.c,465 :: 		
0x0151	0x0875      	MOVF       R5, 0
;__Lib_MathDouble.c,466 :: 		
0x0152	0x00F4      	MOVWF      R4
;__Lib_MathDouble.c,467 :: 		
0x0153	0x01F5      	CLRF       R5
;__Lib_MathDouble.c,468 :: 		
0x0154	0x3008      	MOVLW      8
;__Lib_MathDouble.c,469 :: 		
0x0155	0x0277      	SUBWF      R7, 0
;__Lib_MathDouble.c,470 :: 		
0x0156	0x1C03      	BTFSS      STATUS, 0
;__Lib_MathDouble.c,471 :: 		
0x0157	0x295B      	GOTO       ALIGNB32
;__Lib_MathDouble.c,472 :: 		
0x0158	0x087A      	MOVF       R10, 0
;__Lib_MathDouble.c,473 :: 		
0x0159	0x00F2      	MOVWF      R2
;__Lib_MathDouble.c,474 :: 		
0x015A	0x29AB      	GOTO       JMPEEE
;__Lib_MathDouble.c,475 :: 		
ALIGNB32:
;__Lib_MathDouble.c,476 :: 		
0x015B	0x0877      	MOVF       R7, 0
;__Lib_MathDouble.c,477 :: 		
0x015C	0x1903      	BTFSC      STATUS, 2
;__Lib_MathDouble.c,478 :: 		
0x015D	0x2965      	GOTO       ALIGNED32
;__Lib_MathDouble.c,479 :: 		
ALOOPB32:
;__Lib_MathDouble.c,480 :: 		
0x015E	0x1003      	BCF        STATUS, 0
;__Lib_MathDouble.c,481 :: 		
0x015F	0x0CF6      	RRF        R6, 1
;__Lib_MathDouble.c,482 :: 		
0x0160	0x0CF5      	RRF        R5, 1
;__Lib_MathDouble.c,483 :: 		
0x0161	0x0CF4      	RRF        R4, 1
;__Lib_MathDouble.c,484 :: 		
0x0162	0x0CF9      	RRF        R9, 1
;__Lib_MathDouble.c,485 :: 		
0x0163	0x0BF7      	DECFSZ     R7, 1
;__Lib_MathDouble.c,486 :: 		
0x0164	0x295E      	GOTO       ALOOPB32
;__Lib_MathDouble.c,487 :: 		
ALIGNED32:
;__Lib_MathDouble.c,488 :: 		
0x0165	0x1FA0      	BTFSS      __math_tempbD, 7
;__Lib_MathDouble.c,489 :: 		
0x0166	0x2972      	GOTO       AOK32
;__Lib_MathDouble.c,490 :: 		
0x0167	0x09F9      	COMF       R9, 1
;__Lib_MathDouble.c,491 :: 		
0x0168	0x09F4      	COMF       R4, 1
;__Lib_MathDouble.c,492 :: 		
0x0169	0x09F5      	COMF       R5, 1
;__Lib_MathDouble.c,493 :: 		
0x016A	0x09F6      	COMF       R6, 1
;__Lib_MathDouble.c,494 :: 		
0x016B	0x0AF9      	INCF       R9, 1
;__Lib_MathDouble.c,495 :: 		
0x016C	0x1903      	BTFSC      STATUS, 2
;__Lib_MathDouble.c,496 :: 		
0x016D	0x0AF4      	INCF       R4, 1
;__Lib_MathDouble.c,497 :: 		
0x016E	0x1903      	BTFSC      STATUS, 2
;__Lib_MathDouble.c,498 :: 		
0x016F	0x0AF5      	INCF       R5, 1
;__Lib_MathDouble.c,499 :: 		
0x0170	0x1903      	BTFSC      STATUS, 2
;__Lib_MathDouble.c,500 :: 		
0x0171	0x0AF6      	INCF       R6, 1
;__Lib_MathDouble.c,501 :: 		
AOK32:
;__Lib_MathDouble.c,502 :: 		
0x0172	0x0879      	MOVF       R9, 0
;__Lib_MathDouble.c,503 :: 		
0x0173	0x07F8      	ADDWF      R8, 1
;__Lib_MathDouble.c,504 :: 		
0x0174	0x0874      	MOVF       R4, 0
;__Lib_MathDouble.c,505 :: 		
0x0175	0x1803      	BTFSC      STATUS, 0
;__Lib_MathDouble.c,506 :: 		
0x0176	0x0F74      	INCFSZ     R4, 0
;__Lib_MathDouble.c,507 :: 		
0x0177	0x07F0      	ADDWF      R0, 1
;__Lib_MathDouble.c,508 :: 		
0x0178	0x0875      	MOVF       R5, 0
;__Lib_MathDouble.c,509 :: 		
0x0179	0x1803      	BTFSC      STATUS, 0
;__Lib_MathDouble.c,510 :: 		
0x017A	0x0F75      	INCFSZ     R5, 0
;__Lib_MathDouble.c,511 :: 		
0x017B	0x07F1      	ADDWF      R1, 1
;__Lib_MathDouble.c,512 :: 		
0x017C	0x0876      	MOVF       R6, 0
;__Lib_MathDouble.c,513 :: 		
0x017D	0x1803      	BTFSC      STATUS, 0
;__Lib_MathDouble.c,514 :: 		
0x017E	0x0F76      	INCFSZ     R6, 0
;__Lib_MathDouble.c,515 :: 		
0x017F	0x07F2      	ADDWF      R2, 1
;__Lib_MathDouble.c,516 :: 		
0x0180	0x1BA0      	BTFSC      __math_tempbD, 7
;__Lib_MathDouble.c,517 :: 		
0x0181	0x298B      	GOTO       ACOMP32
;__Lib_MathDouble.c,518 :: 		
0x0182	0x1C03      	BTFSS      STATUS, 0
;__Lib_MathDouble.c,519 :: 		
0x0183	0x299B      	GOTO       JMPNRMRND4032
;__Lib_MathDouble.c,520 :: 		
0x0184	0x0CF2      	RRF        R2, 1
;__Lib_MathDouble.c,521 :: 		
0x0185	0x0CF1      	RRF        R1, 1
;__Lib_MathDouble.c,522 :: 		
0x0186	0x0CF0      	RRF        R0, 1
;__Lib_MathDouble.c,523 :: 		
0x0187	0x0CF8      	RRF        R8, 1
;__Lib_MathDouble.c,524 :: 		
0x0188	0x0FF3      	INCFSZ     R3, 1
;__Lib_MathDouble.c,525 :: 		
0x0189	0x299B      	GOTO       JMPNRMRND4032
;__Lib_MathDouble.c,526 :: 		
0x018A	0x29A7      	GOTO       ADD_JMPSETFOV32
;__Lib_MathDouble.c,527 :: 		
ACOMP32:
;__Lib_MathDouble.c,528 :: 		
0x018B	0x1803      	BTFSC      STATUS, 0
;__Lib_MathDouble.c,529 :: 		
0x018C	0x299F      	GOTO       JMPNRM4032
;__Lib_MathDouble.c,530 :: 		
0x018D	0x09F8      	COMF       R8, 1
;__Lib_MathDouble.c,531 :: 		
0x018E	0x09F0      	COMF       R0, 1
;__Lib_MathDouble.c,532 :: 		
0x018F	0x09F1      	COMF       R1, 1
;__Lib_MathDouble.c,533 :: 		
0x0190	0x09F2      	COMF       R2, 1
;__Lib_MathDouble.c,534 :: 		
0x0191	0x0AF8      	INCF       R8, 1
;__Lib_MathDouble.c,535 :: 		
0x0192	0x1903      	BTFSC      STATUS, 2
;__Lib_MathDouble.c,536 :: 		
0x0193	0x0AF0      	INCF       R0, 1
;__Lib_MathDouble.c,537 :: 		
0x0194	0x1903      	BTFSC      STATUS, 2
;__Lib_MathDouble.c,538 :: 		
0x0195	0x0AF1      	INCF       R1, 1
;__Lib_MathDouble.c,539 :: 		
0x0196	0x1903      	BTFSC      STATUS, 2
;__Lib_MathDouble.c,540 :: 		
0x0197	0x0AF2      	INCF       R2, 1
;__Lib_MathDouble.c,541 :: 		
0x0198	0x3080      	MOVLW      128
;__Lib_MathDouble.c,542 :: 		
0x0199	0x06FA      	XORWF      R10, 1
;__Lib_MathDouble.c,543 :: 		
0x019A	0x29A3      	GOTO       JMPNRM32
;__Lib_MathDouble.c,544 :: 		
JMPNRMRND4032:
;__Lib_MathDouble.c,545 :: 		
0x019B	0x3001      	MOVLW      1
;__Lib_MathDouble.c,546 :: 		
0x019C	0x00FC      	MOVWF      R12
;__Lib_MathDouble.c,548 :: 		
0x019D	0x206F      	CALL       _NRM4032
;__Lib_MathDouble.c,550 :: 		
0x019E	0x29AD      	GOTO       ADD32EEE
;__Lib_MathDouble.c,551 :: 		
JMPNRM4032:
;__Lib_MathDouble.c,552 :: 		
0x019F	0x3002      	MOVLW      2
;__Lib_MathDouble.c,553 :: 		
0x01A0	0x00FC      	MOVWF      R12
;__Lib_MathDouble.c,555 :: 		
0x01A1	0x206F      	CALL       _NRM4032
;__Lib_MathDouble.c,557 :: 		
0x01A2	0x29AD      	GOTO       ADD32EEE
;__Lib_MathDouble.c,558 :: 		
JMPNRM32:
;__Lib_MathDouble.c,559 :: 		
0x01A3	0x3004      	MOVLW      4
;__Lib_MathDouble.c,560 :: 		
0x01A4	0x00FC      	MOVWF      R12
;__Lib_MathDouble.c,562 :: 		
0x01A5	0x2040      	CALL       _NRM3232
;__Lib_MathDouble.c,564 :: 		
0x01A6	0x29AD      	GOTO       ADD32EEE
;__Lib_MathDouble.c,565 :: 		
ADD_JMPSETFOV32:
;__Lib_MathDouble.c,566 :: 		
0x01A7	0x3008      	MOVLW      8
;__Lib_MathDouble.c,567 :: 		
0x01A8	0x00FC      	MOVWF      R12
;__Lib_MathDouble.c,569 :: 		
0x01A9	0x2013      	CALL       _SETFOV32
;__Lib_MathDouble.c,571 :: 		
0x01AA	0x29AD      	GOTO       ADD32EEE
;__Lib_MathDouble.c,572 :: 		
JMPEEE:
;__Lib_MathDouble.c,573 :: 		
0x01AB	0x3000      	MOVLW      0
;__Lib_MathDouble.c,574 :: 		
0x01AC	0x00FC      	MOVWF      R12
;__Lib_MathDouble.c,575 :: 		
ADD32EEE:
;__Lib_MathDouble.c,576 :: 		
0x01AD	0x0000      	NOP
;__Lib_MathDouble.c,584 :: 		
0x01AE	0x0008      	RETURN
; end of _Add_32x32_FP
_Keypad_Key_Press:
;__Lib_Keypad4x4.c,38 :: 		
;__Lib_Keypad4x4.c,42 :: 		
0x01AF	0x1283      	BCF        STATUS, 5
0x01B0	0x1703      	BSF        STATUS, 6
0x01B1	0x01AB      	CLRF       Keypad_Key_Press_rslt_L0
;__Lib_Keypad4x4.c,43 :: 		
0x01B2	0x01AD      	CLRF       Keypad_Key_Press_loc_L0
;__Lib_Keypad4x4.c,44 :: 		
0x01B3	0x01AE      	CLRF       Keypad_Key_Press_rowcnt_L0
;__Lib_Keypad4x4.c,45 :: 		
0x01B4	0x3010      	MOVLW      16
0x01B5	0x00AF      	MOVWF      Keypad_Key_Press_shifter_L0
;__Lib_Keypad4x4.c,47 :: 		
L_Keypad_Key_Press0:
0x01B6	0x3004      	MOVLW      4
0x01B7	0x022E      	SUBWF      Keypad_Key_Press_rowcnt_L0, 0
0x01B8	0x1803      	BTFSC      STATUS, 0
0x01B9	0x29DF      	GOTO       L_Keypad_Key_Press1
;__Lib_Keypad4x4.c,49 :: 		
0x01BA	0x30F0      	MOVLW      240
0x01BB	0x1303      	BCF        STATUS, 6
0x01BC	0x0087      	MOVWF      keypadPort
;__Lib_Keypad4x4.c,50 :: 		
0x01BD	0x1703      	BSF        STATUS, 6
0x01BE	0x092F      	COMF       Keypad_Key_Press_shifter_L0, 0
0x01BF	0x1683      	BSF        STATUS, 5
0x01C0	0x1303      	BCF        STATUS, 6
0x01C1	0x0087      	MOVWF      keypadPort+128
;__Lib_Keypad4x4.c,54 :: 		
0x01C2	0x2026      	CALL       _Delay_1us
;__Lib_Keypad4x4.c,55 :: 		
0x01C3	0x2026      	CALL       _Delay_1us
;__Lib_Keypad4x4.c,56 :: 		
0x01C4	0x300F      	MOVLW      15
0x01C5	0x1283      	BCF        STATUS, 5
0x01C6	0x0507      	ANDWF      keypadPort, 0
0x01C7	0x00F0      	MOVWF      R0
0x01C8	0x0870      	MOVF       R0, 0
0x01C9	0x1703      	BSF        STATUS, 6
0x01CA	0x00AC      	MOVWF      Keypad_Key_Press_kdata_L0
;__Lib_Keypad4x4.c,57 :: 		
0x01CB	0x0870      	MOVF       R0, 0
0x01CC	0x1903      	BTFSC      STATUS, 2
0x01CD	0x29D9      	GOTO       L_Keypad_Key_Press2
;__Lib_Keypad4x4.c,59 :: 		
0x01CE	0x082D      	MOVF       Keypad_Key_Press_loc_L0, 0
0x01CF	0x00AB      	MOVWF      Keypad_Key_Press_rslt_L0
;__Lib_Keypad4x4.c,60 :: 		
L_Keypad_Key_Press3:
0x01D0	0x082C      	MOVF       Keypad_Key_Press_kdata_L0, 0
0x01D1	0x1903      	BTFSC      STATUS, 2
0x01D2	0x29D7      	GOTO       L_Keypad_Key_Press4
;__Lib_Keypad4x4.c,61 :: 		
0x01D3	0x0CAC      	RRF        Keypad_Key_Press_kdata_L0, 1
0x01D4	0x13AC      	BCF        Keypad_Key_Press_kdata_L0, 7
;__Lib_Keypad4x4.c,62 :: 		
0x01D5	0x0AAB      	INCF       Keypad_Key_Press_rslt_L0, 1
;__Lib_Keypad4x4.c,63 :: 		
0x01D6	0x29D0      	GOTO       L_Keypad_Key_Press3
L_Keypad_Key_Press4:
;__Lib_Keypad4x4.c,65 :: 		
0x01D7	0x3004      	MOVLW      4
0x01D8	0x00AE      	MOVWF      Keypad_Key_Press_rowcnt_L0
;__Lib_Keypad4x4.c,66 :: 		
L_Keypad_Key_Press2:
;__Lib_Keypad4x4.c,67 :: 		
0x01D9	0x0DAF      	RLF        Keypad_Key_Press_shifter_L0, 1
0x01DA	0x102F      	BCF        Keypad_Key_Press_shifter_L0, 0
;__Lib_Keypad4x4.c,68 :: 		
0x01DB	0x3004      	MOVLW      4
0x01DC	0x07AD      	ADDWF      Keypad_Key_Press_loc_L0, 1
;__Lib_Keypad4x4.c,69 :: 		
0x01DD	0x0AAE      	INCF       Keypad_Key_Press_rowcnt_L0, 1
;__Lib_Keypad4x4.c,70 :: 		
0x01DE	0x29B6      	GOTO       L_Keypad_Key_Press0
L_Keypad_Key_Press1:
;__Lib_Keypad4x4.c,72 :: 		
0x01DF	0x082B      	MOVF       Keypad_Key_Press_rslt_L0, 0
0x01E0	0x00F0      	MOVWF      R0
;__Lib_Keypad4x4.c,73 :: 		
0x01E1	0x0008      	RETURN
; end of _Keypad_Key_Press
_Delay_10us:
;__Lib_Delays.c,11 :: 		void Delay_10us() {
;__Lib_Delays.c,12 :: 		Delay_us(10);
0x01E2	0x3010      	MOVLW      16
0x01E3	0x1283      	BCF        STATUS, 5
0x01E4	0x1303      	BCF        STATUS, 6
0x01E5	0x00FD      	MOVWF      R13
L_Delay_10us0:
0x01E6	0x0BFD      	DECFSZ     R13, 1
0x01E7	0x29E6      	GOTO       L_Delay_10us0
0x01E8	0x0000      	NOP
;__Lib_Delays.c,13 :: 		}
0x01E9	0x0008      	RETURN
; end of _Delay_10us
_Lcd_Chr_CP:
;__Lib_Lcd.c,50 :: 		
;__Lib_Lcd.c,52 :: 		
0x01EA	0x1283      	BCF        STATUS, 5
0x01EB	0x1303      	BCF        STATUS, 6
0x01EC	0x1068      	BCF        __Lib_Lcd_cmd_status, BitPos(__Lib_Lcd_cmd_status+0)
;__Lib_Lcd.c,53 :: 		
0x01ED	0x1703      	BSF        STATUS, 6
0x01EE	0x082B      	MOVF       FARG_Lcd_Chr_CP_out_char, 0
0x01EF	0x00B0      	MOVWF      FARG_Lcd_Cmd_out_char
0x01F0	0x20CC      	CALL       _Lcd_Cmd
;__Lib_Lcd.c,54 :: 		
0x01F1	0x1468      	BSF        __Lib_Lcd_cmd_status, BitPos(__Lib_Lcd_cmd_status+0)
;__Lib_Lcd.c,55 :: 		
0x01F2	0x0008      	RETURN
; end of _Lcd_Chr_CP
_strcpy:
;__Lib_CString.c,127 :: 		
;__Lib_CString.c,130 :: 		
0x01F3	0x1283      	BCF        STATUS, 5
0x01F4	0x1703      	BSF        STATUS, 6
0x01F5	0x082B      	MOVF       FARG_strcpy_to, 0
0x01F6	0x00F2      	MOVWF      R2
;__Lib_CString.c,131 :: 		
L_strcpy34:
0x01F7	0x0872      	MOVF       R2, 0
0x01F8	0x00F1      	MOVWF      R1
0x01F9	0x0AF2      	INCF       R2, 1
0x01FA	0x082C      	MOVF       FARG_strcpy_from, 0
0x01FB	0x00F0      	MOVWF      R0
0x01FC	0x0AAC      	INCF       FARG_strcpy_from, 1
0x01FD	0x0870      	MOVF       R0, 0
0x01FE	0x0084      	MOVWF      FSR
0x01FF	0x0800      	MOVF       INDF, 0
0x0200	0x00F0      	MOVWF      R0
0x0201	0x0871      	MOVF       R1, 0
0x0202	0x0084      	MOVWF      FSR
0x0203	0x0870      	MOVF       R0, 0
0x0204	0x0080      	MOVWF      INDF
0x0205	0x0871      	MOVF       R1, 0
0x0206	0x0084      	MOVWF      FSR
0x0207	0x0800      	MOVF       INDF, 0
0x0208	0x1903      	BTFSC      STATUS, 2
0x0209	0x2A0B      	GOTO       L_strcpy35
;__Lib_CString.c,132 :: 		
0x020A	0x29F7      	GOTO       L_strcpy34
L_strcpy35:
;__Lib_CString.c,133 :: 		
0x020B	0x082B      	MOVF       FARG_strcpy_to, 0
0x020C	0x00F0      	MOVWF      R0
;__Lib_CString.c,134 :: 		
0x020D	0x0008      	RETURN
; end of _strcpy
_Compare_Double:
;__Lib_MathDouble.c,2053 :: 		
;__Lib_MathDouble.c,2062 :: 		
;__Lib_MathDouble.c,2064 :: 		
0x020E	0x1283      	BCF        STATUS, 5
;__Lib_MathDouble.c,2065 :: 		
0x020F	0x1303      	BCF        STATUS, 6
;__Lib_MathDouble.c,2067 :: 		
0x0210	0x01FA      	CLRF       R10
;__Lib_MathDouble.c,2068 :: 		
0x0211	0x0873      	MOVF       R3, 0
;__Lib_MathDouble.c,2069 :: 		
0x0212	0x1D03      	BTFSS      STATUS, 2
;__Lib_MathDouble.c,2070 :: 		
0x0213	0x147A      	BSF        R10, 0
;__Lib_MathDouble.c,2071 :: 		
0x0214	0x0877      	MOVF       R7, 0
;__Lib_MathDouble.c,2072 :: 		
0x0215	0x1D03      	BTFSS      STATUS, 2
;__Lib_MathDouble.c,2073 :: 		
0x0216	0x14FA      	BSF        R10, 1
;__Lib_MathDouble.c,2075 :: 		
0x0217	0x087A      	MOVF       R10, 0
;__Lib_MathDouble.c,2076 :: 		
0x0218	0x1903      	BTFSC      STATUS, 2
;__Lib_MathDouble.c,2077 :: 		
0x0219	0x2A5A      	GOTO       COMPARE_EQU
;__Lib_MathDouble.c,2078 :: 		
0x021A	0x3A03      	XORLW      3
;__Lib_MathDouble.c,2079 :: 		
0x021B	0x1903      	BTFSC      STATUS, 2
;__Lib_MathDouble.c,2080 :: 		
0x021C	0x2A25      	GOTO       COMPARE_NOTZERO
;__Lib_MathDouble.c,2082 :: 		
0x021D	0x187A      	BTFSC      R10, 0
;__Lib_MathDouble.c,2083 :: 		
0x021E	0x2A22      	GOTO       COMPARE_XNOTZERO
;__Lib_MathDouble.c,2085 :: 		
0x021F	0x1FF6      	BTFSS      R6, 7
;__Lib_MathDouble.c,2086 :: 		
0x0220	0x2A58      	GOTO       COMPARE_LT
;__Lib_MathDouble.c,2087 :: 		
0x0221	0x2A56      	GOTO       COMPARE_GT
;__Lib_MathDouble.c,2088 :: 		
COMPARE_XNOTZERO:
;__Lib_MathDouble.c,2089 :: 		
0x0222	0x1FF2      	BTFSS      R2, 7
;__Lib_MathDouble.c,2090 :: 		
0x0223	0x2A56      	GOTO       COMPARE_GT
;__Lib_MathDouble.c,2091 :: 		
0x0224	0x2A58      	GOTO       COMPARE_LT
;__Lib_MathDouble.c,2093 :: 		
COMPARE_NOTZERO:
;__Lib_MathDouble.c,2094 :: 		
0x0225	0x0872      	MOVF       R2, 0
;__Lib_MathDouble.c,2095 :: 		
0x0226	0x3980      	ANDLW      128
;__Lib_MathDouble.c,2096 :: 		
0x0227	0x00FA      	MOVWF      R10
;__Lib_MathDouble.c,2097 :: 		
0x0228	0x13F2      	BCF        R2, 7
;__Lib_MathDouble.c,2099 :: 		
0x0229	0x0876      	MOVF       R6, 0
;__Lib_MathDouble.c,2100 :: 		
0x022A	0x3980      	ANDLW      128
;__Lib_MathDouble.c,2101 :: 		
0x022B	0x13F6      	BCF        R6, 7
;__Lib_MathDouble.c,2103 :: 		
0x022C	0x067A      	XORWF      R10, 0
;__Lib_MathDouble.c,2104 :: 		
0x022D	0x1903      	BTFSC      STATUS, 2
;__Lib_MathDouble.c,2105 :: 		
0x022E	0x2A33      	GOTO       COMPARE_TESTALL
;__Lib_MathDouble.c,2107 :: 		
0x022F	0x087A      	MOVF       R10, 0
;__Lib_MathDouble.c,2108 :: 		
0x0230	0x1903      	BTFSC      STATUS, 2
;__Lib_MathDouble.c,2109 :: 		
0x0231	0x2A56      	GOTO       COMPARE_GT
;__Lib_MathDouble.c,2110 :: 		
0x0232	0x2A58      	GOTO       COMPARE_LT
;__Lib_MathDouble.c,2112 :: 		
COMPARE_TESTALL:
;__Lib_MathDouble.c,2113 :: 		
0x0233	0x0877      	MOVF       R7, 0
;__Lib_MathDouble.c,2114 :: 		
0x0234	0x0273      	SUBWF      R3, 0
;__Lib_MathDouble.c,2115 :: 		
0x0235	0x1903      	BTFSC      STATUS, 2
;__Lib_MathDouble.c,2116 :: 		
0x0236	0x2A3A      	GOTO       COMPARE_C1
;__Lib_MathDouble.c,2117 :: 		
0x0237	0x1C03      	BTFSS      STATUS, 0
;__Lib_MathDouble.c,2118 :: 		
0x0238	0x2A4E      	GOTO       GT_FALSE
;__Lib_MathDouble.c,2119 :: 		
0x0239	0x2A52      	GOTO       GT_TRUE
;__Lib_MathDouble.c,2120 :: 		
COMPARE_C1:
;__Lib_MathDouble.c,2121 :: 		
0x023A	0x0876      	MOVF       R6, 0
;__Lib_MathDouble.c,2122 :: 		
0x023B	0x0272      	SUBWF      R2, 0
;__Lib_MathDouble.c,2123 :: 		
0x023C	0x1903      	BTFSC      STATUS, 2
;__Lib_MathDouble.c,2124 :: 		
0x023D	0x2A41      	GOTO       COMPARE_C2
;__Lib_MathDouble.c,2125 :: 		
0x023E	0x1C03      	BTFSS      STATUS, 0
;__Lib_MathDouble.c,2126 :: 		
0x023F	0x2A4E      	GOTO       GT_FALSE
;__Lib_MathDouble.c,2127 :: 		
0x0240	0x2A52      	GOTO       GT_TRUE
;__Lib_MathDouble.c,2128 :: 		
COMPARE_C2:
;__Lib_MathDouble.c,2129 :: 		
0x0241	0x0875      	MOVF       R5, 0
;__Lib_MathDouble.c,2130 :: 		
0x0242	0x0271      	SUBWF      R1, 0
;__Lib_MathDouble.c,2131 :: 		
0x0243	0x1903      	BTFSC      STATUS, 2
;__Lib_MathDouble.c,2132 :: 		
0x0244	0x2A48      	GOTO       COMPARE_C3
;__Lib_MathDouble.c,2133 :: 		
0x0245	0x1C03      	BTFSS      STATUS, 0
;__Lib_MathDouble.c,2134 :: 		
0x0246	0x2A4E      	GOTO       GT_FALSE
;__Lib_MathDouble.c,2135 :: 		
0x0247	0x2A52      	GOTO       GT_TRUE
;__Lib_MathDouble.c,2136 :: 		
COMPARE_C3:
;__Lib_MathDouble.c,2137 :: 		
0x0248	0x0874      	MOVF       R4, 0
;__Lib_MathDouble.c,2138 :: 		
0x0249	0x0270      	SUBWF      R0, 0
;__Lib_MathDouble.c,2139 :: 		
0x024A	0x1903      	BTFSC      STATUS, 2
;__Lib_MathDouble.c,2140 :: 		
0x024B	0x2A5A      	GOTO       COMPARE_EQU
;__Lib_MathDouble.c,2141 :: 		
0x024C	0x1803      	BTFSC      STATUS, 0
;__Lib_MathDouble.c,2142 :: 		
0x024D	0x2A52      	GOTO       GT_TRUE
;__Lib_MathDouble.c,2144 :: 		
GT_FALSE:
;__Lib_MathDouble.c,2145 :: 		
0x024E	0x08FA      	MOVF       R10, 1
;__Lib_MathDouble.c,2146 :: 		
0x024F	0x1903      	BTFSC      STATUS, 2
;__Lib_MathDouble.c,2147 :: 		
0x0250	0x2A58      	GOTO       COMPARE_LT
;__Lib_MathDouble.c,2148 :: 		
0x0251	0x2A56      	GOTO       COMPARE_GT
;__Lib_MathDouble.c,2149 :: 		
GT_TRUE:
;__Lib_MathDouble.c,2150 :: 		
0x0252	0x08FA      	MOVF       R10, 1
;__Lib_MathDouble.c,2151 :: 		
0x0253	0x1903      	BTFSC      STATUS, 2
;__Lib_MathDouble.c,2152 :: 		
0x0254	0x2A56      	GOTO       COMPARE_GT
;__Lib_MathDouble.c,2153 :: 		
0x0255	0x2A58      	GOTO       COMPARE_LT
;__Lib_MathDouble.c,2155 :: 		
COMPARE_GT:
;__Lib_MathDouble.c,2158 :: 		
0x0256	0x1403      	BSF        STATUS, 0
;__Lib_MathDouble.c,2159 :: 		
0x0257	0x0008      	RETURN
;__Lib_MathDouble.c,2160 :: 		
COMPARE_LT:
;__Lib_MathDouble.c,2163 :: 		
0x0258	0x1003      	BCF        STATUS, 0
;__Lib_MathDouble.c,2164 :: 		
0x0259	0x0008      	RETURN
;__Lib_MathDouble.c,2165 :: 		
COMPARE_EQU:
;__Lib_MathDouble.c,2168 :: 		
0x025A	0x1403      	BSF        STATUS, 0
;__Lib_MathDouble.c,2169 :: 		
0x025B	0x1503      	BSF        STATUS, 2
;__Lib_MathDouble.c,2170 :: 		
0x025C	0x0008      	RETURN
;__Lib_MathDouble.c,2172 :: 		
0x025D	0x0008      	RETURN
; end of _Compare_Double
_Div_8x8_U:
;__Lib_Math.c,189 :: 		
;__Lib_Math.c,196 :: 		
0x025E	0x1283      	BCF        STATUS, 5
;__Lib_Math.c,197 :: 		
0x025F	0x1303      	BCF        STATUS, 6
;__Lib_Math.c,198 :: 		
0x0260	0x01F8      	CLRF       R8
;__Lib_Math.c,199 :: 		
0x0261	0x3008      	MOVLW      8
;__Lib_Math.c,200 :: 		
0x0262	0x00FC      	MOVWF      R12
;__Lib_Math.c,201 :: 		
0x0263	0x0D70      	RLF        R0, 0
;__Lib_Math.c,202 :: 		
0x0264	0x0DF8      	RLF        R8, 1
;__Lib_Math.c,203 :: 		
0x0265	0x0874      	MOVF       R4, 0
;__Lib_Math.c,204 :: 		
0x0266	0x02F8      	SUBWF      R8, 1
;__Lib_Math.c,205 :: 		
0x0267	0x1803      	BTFSC      STATUS, 0
;__Lib_Math.c,206 :: 		
0x0268	0x2A6B      	GOTO       $+3
;__Lib_Math.c,207 :: 		
0x0269	0x07F8      	ADDWF      R8, 1
;__Lib_Math.c,208 :: 		
0x026A	0x1003      	BCF        STATUS, 0
;__Lib_Math.c,209 :: 		
0x026B	0x0DF0      	RLF        R0, 1
;__Lib_Math.c,210 :: 		
0x026C	0x0BFC      	DECFSZ     R12, 1
;__Lib_Math.c,211 :: 		
0x026D	0x2A63      	GOTO       $-10
;__Lib_Math.c,213 :: 		
0x026E	0x0008      	RETURN
; end of _Div_8x8_U
_____DoICP:
;__Lib_System.c,6 :: 		
;__Lib_System.c,9 :: 		
0x026F	0x1283      	BCF        STATUS, 5
0x0270	0x1303      	BCF        STATUS, 6
0x0271	0x086E      	MOVF       ___DoICPAddr+1, 0
0x0272	0x008A      	MOVWF      PCLATH
;__Lib_System.c,10 :: 		
0x0273	0x086D      	MOVF       ___DoICPAddr, 0
0x0274	0x0082      	MOVWF      PCL
;__Lib_System.c,12 :: 		
0x0275	0x0008      	RETURN
; end of _____DoICP
_Sub_32x32_FP:
;__Lib_MathDouble.c,593 :: 		
;__Lib_MathDouble.c,596 :: 		
0x0276	0x1283      	BCF        STATUS, 5
;__Lib_MathDouble.c,597 :: 		
0x0277	0x1303      	BCF        STATUS, 6
;__Lib_MathDouble.c,598 :: 		
0x0278	0x3080      	MOVLW      128
;__Lib_MathDouble.c,599 :: 		
0x0279	0x06F6      	XORWF      R6, 1
;__Lib_MathDouble.c,601 :: 		
0x027A	0x210F      	CALL       _Add_32x32_FP
;__Lib_MathDouble.c,602 :: 		
0x027B	0x0008      	RETURN
; end of _Sub_32x32_FP
_Div_32x32_FP:
;__Lib_MathDouble.c,761 :: 		
;__Lib_MathDouble.c,773 :: 		
;__Lib_MathDouble.c,776 :: 		
0x027C	0x1283      	BCF        STATUS, 5
0x027D	0x1303      	BCF        STATUS, 6
0x027E	0x0874      	MOVF       R4, 0
0x027F	0x3A00      	XORLW      0
0x0280	0x1D03      	BTFSS      STATUS, 2
0x0281	0x2A97      	GOTO       L_Div_32x32_FP7
;__Lib_MathDouble.c,777 :: 		
0x0282	0x0875      	MOVF       R5, 0
0x0283	0x3A00      	XORLW      0
0x0284	0x1D03      	BTFSS      STATUS, 2
0x0285	0x2A97      	GOTO       L_Div_32x32_FP8
;__Lib_MathDouble.c,778 :: 		
0x0286	0x0876      	MOVF       R6, 0
0x0287	0x3A00      	XORLW      0
0x0288	0x1D03      	BTFSS      STATUS, 2
0x0289	0x2A97      	GOTO       L_Div_32x32_FP9
;__Lib_MathDouble.c,779 :: 		
0x028A	0x0877      	MOVF       R7, 0
0x028B	0x3A00      	XORLW      0
0x028C	0x1D03      	BTFSS      STATUS, 2
0x028D	0x2A97      	GOTO       L_Div_32x32_FP10
;__Lib_MathDouble.c,780 :: 		
0x028E	0x30FF      	MOVLW      255
0x028F	0x00F0      	MOVWF      R0
;__Lib_MathDouble.c,781 :: 		
0x0290	0x30FF      	MOVLW      255
0x0291	0x00F1      	MOVWF      R1
;__Lib_MathDouble.c,782 :: 		
0x0292	0x307F      	MOVLW      127
0x0293	0x00F2      	MOVWF      R2
;__Lib_MathDouble.c,783 :: 		
0x0294	0x30FF      	MOVLW      255
0x0295	0x00F3      	MOVWF      R3
;__Lib_MathDouble.c,784 :: 		
0x0296	0x0008      	RETURN
;__Lib_MathDouble.c,785 :: 		
L_Div_32x32_FP10:
L_Div_32x32_FP9:
L_Div_32x32_FP8:
L_Div_32x32_FP7:
;__Lib_MathDouble.c,788 :: 		
0x0297	0x1283      	BCF        STATUS, 5
;__Lib_MathDouble.c,789 :: 		
0x0298	0x1303      	BCF        STATUS, 6
;__Lib_MathDouble.c,791 :: 		
0x0299	0x0877      	MOVF       R7, 0
;__Lib_MathDouble.c,792 :: 		
0x029A	0x1903      	BTFSC      STATUS, 2
;__Lib_MathDouble.c,793 :: 		
0x029B	0x2B26      	GOTO       JPDSETFDZ32
;__Lib_MathDouble.c,795 :: 		
0x029C	0x0873      	MOVF       R3, 0
;__Lib_MathDouble.c,796 :: 		
0x029D	0x1903      	BTFSC      STATUS, 2
;__Lib_MathDouble.c,797 :: 		
0x029E	0x2B29      	GOTO       JPDRES032
;__Lib_MathDouble.c,799 :: 		
0x029F	0x0872      	MOVF       R2, 0
;__Lib_MathDouble.c,800 :: 		
0x02A0	0x0676      	XORWF      R6, 0
;__Lib_MathDouble.c,801 :: 		
0x02A1	0x3980      	ANDLW      128
;__Lib_MathDouble.c,802 :: 		
0x02A2	0x00FA      	MOVWF      R10
;__Lib_MathDouble.c,803 :: 		
0x02A3	0x17F2      	BSF        R2, 7
;__Lib_MathDouble.c,804 :: 		
0x02A4	0x17F6      	BSF        R6, 7
;__Lib_MathDouble.c,806 :: 		
0x02A5	0x01A0      	CLRF       __math_tempbD
;__Lib_MathDouble.c,807 :: 		
0x02A6	0x0872      	MOVF       R2, 0
;__Lib_MathDouble.c,808 :: 		
0x02A7	0x00F8      	MOVWF      R8
;__Lib_MathDouble.c,809 :: 		
0x02A8	0x0871      	MOVF       R1, 0
;__Lib_MathDouble.c,810 :: 		
0x02A9	0x00FC      	MOVWF      R12
;__Lib_MathDouble.c,811 :: 		
0x02AA	0x0870      	MOVF       R0, 0
;__Lib_MathDouble.c,812 :: 		
0x02AB	0x00FD      	MOVWF      R13
;__Lib_MathDouble.c,814 :: 		
0x02AC	0x0874      	MOVF       R4, 0
;__Lib_MathDouble.c,815 :: 		
0x02AD	0x02FD      	SUBWF      R13, 1
;__Lib_MathDouble.c,816 :: 		
0x02AE	0x0875      	MOVF       R5, 0
;__Lib_MathDouble.c,817 :: 		
0x02AF	0x1C03      	BTFSS      STATUS, 0
;__Lib_MathDouble.c,818 :: 		
0x02B0	0x0F75      	INCFSZ     R5, 0
;__Lib_MathDouble.c,820 :: 		
0x02B1	0x02FC      	SUBWF      R12, 1
;__Lib_MathDouble.c,821 :: 		
0x02B2	0x0876      	MOVF       R6, 0
;__Lib_MathDouble.c,822 :: 		
0x02B3	0x1C03      	BTFSS      STATUS, 0
;__Lib_MathDouble.c,823 :: 		
0x02B4	0x0F76      	INCFSZ     R6, 0
;__Lib_MathDouble.c,825 :: 		
0x02B5	0x02F8      	SUBWF      R8, 1
;__Lib_MathDouble.c,826 :: 		
0x02B6	0x01F8      	CLRF       R8
;__Lib_MathDouble.c,827 :: 		
0x02B7	0x01FC      	CLRF       R12
;__Lib_MathDouble.c,828 :: 		
0x02B8	0x01FD      	CLRF       R13
;__Lib_MathDouble.c,829 :: 		
0x02B9	0x1C03      	BTFSS      STATUS, 0
;__Lib_MathDouble.c,830 :: 		
0x02BA	0x2AC2      	GOTO       DALIGN32OK
;__Lib_MathDouble.c,832 :: 		
0x02BB	0x1003      	BCF        STATUS, 0
;__Lib_MathDouble.c,833 :: 		
0x02BC	0x0CF2      	RRF        R2, 1
;__Lib_MathDouble.c,834 :: 		
0x02BD	0x0CF1      	RRF        R1, 1
;__Lib_MathDouble.c,835 :: 		
0x02BE	0x0CF0      	RRF        R0, 1
;__Lib_MathDouble.c,836 :: 		
0x02BF	0x0CF8      	RRF        R8, 1
;__Lib_MathDouble.c,837 :: 		
0x02C0	0x3001      	MOVLW      1
;__Lib_MathDouble.c,838 :: 		
0x02C1	0x00A0      	MOVWF      __math_tempbD
;__Lib_MathDouble.c,839 :: 		
DALIGN32OK:
;__Lib_MathDouble.c,840 :: 		
0x02C2	0x0877      	MOVF       R7, 0
;__Lib_MathDouble.c,841 :: 		
0x02C3	0x02F3      	SUBWF      R3, 1
;__Lib_MathDouble.c,842 :: 		
0x02C4	0x1C03      	BTFSS      STATUS, 0
;__Lib_MathDouble.c,843 :: 		
0x02C5	0x2ACC      	GOTO       ALTB32
;__Lib_MathDouble.c,845 :: 		
0x02C6	0x307E      	MOVLW      126
;__Lib_MathDouble.c,846 :: 		
0x02C7	0x0720      	ADDWF      __math_tempbD, 0
;__Lib_MathDouble.c,847 :: 		
0x02C8	0x07F3      	ADDWF      R3, 1
;__Lib_MathDouble.c,848 :: 		
0x02C9	0x1803      	BTFSC      STATUS, 0
;__Lib_MathDouble.c,849 :: 		
0x02CA	0x2B2C      	GOTO       JPDSETFOV32
;__Lib_MathDouble.c,850 :: 		
0x02CB	0x2AD1      	GOTO       DARGOK32
;__Lib_MathDouble.c,851 :: 		
ALTB32:
;__Lib_MathDouble.c,852 :: 		
0x02CC	0x307E      	MOVLW      126
;__Lib_MathDouble.c,853 :: 		
0x02CD	0x0720      	ADDWF      __math_tempbD, 0
;__Lib_MathDouble.c,854 :: 		
0x02CE	0x07F3      	ADDWF      R3, 1
;__Lib_MathDouble.c,855 :: 		
0x02CF	0x1C03      	BTFSS      STATUS, 0
;__Lib_MathDouble.c,856 :: 		
0x02D0	0x2B2F      	GOTO       JPDSETFUN32
;__Lib_MathDouble.c,857 :: 		
DARGOK32:
;__Lib_MathDouble.c,858 :: 		
0x02D1	0x3018      	MOVLW      24
;__Lib_MathDouble.c,860 :: 		
0x02D2	0x07FA      	ADDWF      R10, 1
;__Lib_MathDouble.c,861 :: 		
DLOOP32:
;__Lib_MathDouble.c,862 :: 		
0x02D3	0x0DFD      	RLF        R13, 1
;__Lib_MathDouble.c,863 :: 		
0x02D4	0x0DFC      	RLF        R12, 1
;__Lib_MathDouble.c,864 :: 		
0x02D5	0x0DF8      	RLF        R8, 1
;__Lib_MathDouble.c,865 :: 		
0x02D6	0x0DF0      	RLF        R0, 1
;__Lib_MathDouble.c,866 :: 		
0x02D7	0x0DF1      	RLF        R1, 1
;__Lib_MathDouble.c,867 :: 		
0x02D8	0x0DF2      	RLF        R2, 1
;__Lib_MathDouble.c,868 :: 		
0x02D9	0x0DA0      	RLF        __math_tempbD, 1
;__Lib_MathDouble.c,870 :: 		
0x02DA	0x0874      	MOVF       R4, 0
;__Lib_MathDouble.c,871 :: 		
0x02DB	0x02F0      	SUBWF      R0, 1
;__Lib_MathDouble.c,872 :: 		
0x02DC	0x0875      	MOVF       R5, 0
;__Lib_MathDouble.c,873 :: 		
0x02DD	0x1C03      	BTFSS      STATUS, 0
;__Lib_MathDouble.c,874 :: 		
0x02DE	0x0F75      	INCFSZ     R5, 0
;__Lib_MathDouble.c,876 :: 		
0x02DF	0x02F1      	SUBWF      R1, 1
;__Lib_MathDouble.c,877 :: 		
0x02E0	0x0876      	MOVF       R6, 0
;__Lib_MathDouble.c,878 :: 		
0x02E1	0x1C03      	BTFSS      STATUS, 0
;__Lib_MathDouble.c,879 :: 		
0x02E2	0x0F76      	INCFSZ     R6, 0
;__Lib_MathDouble.c,881 :: 		
0x02E3	0x02F2      	SUBWF      R2, 1
;__Lib_MathDouble.c,882 :: 		
0x02E4	0x0D76      	RLF        R6, 0
;__Lib_MathDouble.c,883 :: 		
0x02E5	0x04A0      	IORWF      __math_tempbD, 1
;__Lib_MathDouble.c,884 :: 		
0x02E6	0x1C20      	BTFSS      __math_tempbD, 0
;__Lib_MathDouble.c,885 :: 		
0x02E7	0x2AEA      	GOTO       DREST32
;__Lib_MathDouble.c,886 :: 		
0x02E8	0x147D      	BSF        R13, 0
;__Lib_MathDouble.c,887 :: 		
0x02E9	0x2AF5      	GOTO       DOK32
;__Lib_MathDouble.c,888 :: 		
DREST32:
;__Lib_MathDouble.c,889 :: 		
0x02EA	0x0874      	MOVF       R4, 0
;__Lib_MathDouble.c,890 :: 		
0x02EB	0x07F0      	ADDWF      R0, 1
;__Lib_MathDouble.c,891 :: 		
0x02EC	0x0875      	MOVF       R5, 0
;__Lib_MathDouble.c,892 :: 		
0x02ED	0x1803      	BTFSC      STATUS, 0
;__Lib_MathDouble.c,893 :: 		
0x02EE	0x0F75      	INCFSZ     R5, 0
;__Lib_MathDouble.c,895 :: 		
0x02EF	0x07F1      	ADDWF      R1, 1
;__Lib_MathDouble.c,896 :: 		
0x02F0	0x0876      	MOVF       R6, 0
;__Lib_MathDouble.c,897 :: 		
0x02F1	0x1803      	BTFSC      STATUS, 0
;__Lib_MathDouble.c,898 :: 		
0x02F2	0x0A76      	INCF       R6, 0
;__Lib_MathDouble.c,899 :: 		
0x02F3	0x07F2      	ADDWF      R2, 1
;__Lib_MathDouble.c,900 :: 		
0x02F4	0x107D      	BCF        R13, 0
;__Lib_MathDouble.c,901 :: 		
DOK32:
;__Lib_MathDouble.c,903 :: 		
0x02F5	0x03FA      	DECF       R10, 1
;__Lib_MathDouble.c,904 :: 		
0x02F6	0x301F      	MOVLW      31
;__Lib_MathDouble.c,905 :: 		
0x02F7	0x057A      	ANDWF      R10, 0
;__Lib_MathDouble.c,906 :: 		
0x02F8	0x1D03      	BTFSS      STATUS, 2
;__Lib_MathDouble.c,907 :: 		
0x02F9	0x2AD3      	GOTO       DLOOP32
;__Lib_MathDouble.c,909 :: 		
0x02FA	0x1B7B      	BTFSC      R11, 6
;__Lib_MathDouble.c,910 :: 		
0x02FB	0x1C7D      	BTFSS      R13, 0
;__Lib_MathDouble.c,911 :: 		
0x02FC	0x2B1C      	GOTO       DIV32OK
;__Lib_MathDouble.c,912 :: 		
0x02FD	0x1003      	BCF        STATUS, 0
;__Lib_MathDouble.c,913 :: 		
0x02FE	0x0DF0      	RLF        R0, 1
;__Lib_MathDouble.c,914 :: 		
0x02FF	0x0DF1      	RLF        R1, 1
;__Lib_MathDouble.c,915 :: 		
0x0300	0x0DF2      	RLF        R2, 1
;__Lib_MathDouble.c,916 :: 		
0x0301	0x0DA0      	RLF        __math_tempbD, 1
;__Lib_MathDouble.c,918 :: 		
0x0302	0x0874      	MOVF       R4, 0
;__Lib_MathDouble.c,919 :: 		
0x0303	0x02F0      	SUBWF      R0, 1
;__Lib_MathDouble.c,920 :: 		
0x0304	0x0875      	MOVF       R5, 0
;__Lib_MathDouble.c,921 :: 		
0x0305	0x1C03      	BTFSS      STATUS, 0
;__Lib_MathDouble.c,922 :: 		
0x0306	0x0F75      	INCFSZ     R5, 0
;__Lib_MathDouble.c,923 :: 		
0x0307	0x02F1      	SUBWF      R1, 1
;__Lib_MathDouble.c,924 :: 		
0x0308	0x0876      	MOVF       R6, 0
;__Lib_MathDouble.c,925 :: 		
0x0309	0x1C03      	BTFSS      STATUS, 0
;__Lib_MathDouble.c,926 :: 		
0x030A	0x0F76      	INCFSZ     R6, 0
;__Lib_MathDouble.c,927 :: 		
0x030B	0x02F2      	SUBWF      R2, 1
;__Lib_MathDouble.c,928 :: 		
0x030C	0x0D76      	RLF        R6, 0
;__Lib_MathDouble.c,929 :: 		
0x030D	0x0420      	IORWF      __math_tempbD, 0
;__Lib_MathDouble.c,930 :: 		
0x030E	0x3901      	ANDLW      1
;__Lib_MathDouble.c,931 :: 		
0x030F	0x07FD      	ADDWF      R13, 1
;__Lib_MathDouble.c,932 :: 		
0x0310	0x1803      	BTFSC      STATUS, 0
;__Lib_MathDouble.c,933 :: 		
0x0311	0x0AFC      	INCF       R12, 1
;__Lib_MathDouble.c,934 :: 		
0x0312	0x1903      	BTFSC      STATUS, 2
;__Lib_MathDouble.c,935 :: 		
0x0313	0x0AF8      	INCF       R8, 1
;__Lib_MathDouble.c,936 :: 		
0x0314	0x1D03      	BTFSS      STATUS, 2
;__Lib_MathDouble.c,937 :: 		
0x0315	0x2B1C      	GOTO       DIV32OK
;__Lib_MathDouble.c,938 :: 		
0x0316	0x0CF8      	RRF        R8, 1
;__Lib_MathDouble.c,939 :: 		
0x0317	0x0CFC      	RRF        R12, 1
;__Lib_MathDouble.c,940 :: 		
0x0318	0x0CFD      	RRF        R13, 1
;__Lib_MathDouble.c,941 :: 		
0x0319	0x0AF3      	INCF       R3, 1
;__Lib_MathDouble.c,942 :: 		
0x031A	0x1903      	BTFSC      STATUS, 2
;__Lib_MathDouble.c,943 :: 		
0x031B	0x2B2C      	GOTO       JPDSETFOV32
;__Lib_MathDouble.c,944 :: 		
DIV32OK:
;__Lib_MathDouble.c,945 :: 		
0x031C	0x1FFA      	BTFSS      R10, 7
;__Lib_MathDouble.c,946 :: 		
0x031D	0x13F8      	BCF        R8, 7
;__Lib_MathDouble.c,947 :: 		
0x031E	0x0878      	MOVF       R8, 0
;__Lib_MathDouble.c,948 :: 		
0x031F	0x00F2      	MOVWF      R2
;__Lib_MathDouble.c,949 :: 		
0x0320	0x087C      	MOVF       R12, 0
;__Lib_MathDouble.c,950 :: 		
0x0321	0x00F1      	MOVWF      R1
;__Lib_MathDouble.c,951 :: 		
0x0322	0x087D      	MOVF       R13, 0
;__Lib_MathDouble.c,952 :: 		
0x0323	0x00F0      	MOVWF      R0
;__Lib_MathDouble.c,954 :: 		
0x0324	0x3000      	MOVLW      0
;__Lib_MathDouble.c,956 :: 		
0x0325	0x2B31      	GOTO       DIV32EEE
;__Lib_MathDouble.c,957 :: 		
JPDSETFDZ32:
;__Lib_MathDouble.c,958 :: 		
0x0326	0x3001      	MOVLW      1
;__Lib_MathDouble.c,961 :: 		
0x0327	0x20C9      	CALL       _SETFDZ32
;__Lib_MathDouble.c,963 :: 		
0x0328	0x2B31      	GOTO       DIV32EEE
;__Lib_MathDouble.c,964 :: 		
JPDRES032:
;__Lib_MathDouble.c,965 :: 		
0x0329	0x3002      	MOVLW      2
;__Lib_MathDouble.c,968 :: 		
0x032A	0x201F      	CALL       _RES032
;__Lib_MathDouble.c,970 :: 		
0x032B	0x2B31      	GOTO       DIV32EEE
;__Lib_MathDouble.c,971 :: 		
JPDSETFOV32:
;__Lib_MathDouble.c,972 :: 		
0x032C	0x3004      	MOVLW      4
;__Lib_MathDouble.c,975 :: 		
0x032D	0x2013      	CALL       _SETFOV32
;__Lib_MathDouble.c,977 :: 		
0x032E	0x2B31      	GOTO       DIV32EEE
;__Lib_MathDouble.c,978 :: 		
JPDSETFUN32:
;__Lib_MathDouble.c,979 :: 		
0x032F	0x3008      	MOVLW      8
;__Lib_MathDouble.c,982 :: 		
0x0330	0x2003      	CALL       _SETFUN32
;__Lib_MathDouble.c,984 :: 		
DIV32EEE:
;__Lib_MathDouble.c,985 :: 		
0x0331	0x0000      	NOP
;__Lib_MathDouble.c,994 :: 		
0x0332	0x0008      	RETURN
; end of _Div_32x32_FP
_Mul_32x32_FP:
;__Lib_MathDouble.c,610 :: 		
;__Lib_MathDouble.c,622 :: 		
;__Lib_MathDouble.c,624 :: 		
0x0333	0x1283      	BCF        STATUS, 5
;__Lib_MathDouble.c,625 :: 		
0x0334	0x1303      	BCF        STATUS, 6
;__Lib_MathDouble.c,627 :: 		
0x0335	0x01FB      	CLRF       R11
;__Lib_MathDouble.c,628 :: 		
0x0336	0x0873      	MOVF       R3, 0
;__Lib_MathDouble.c,629 :: 		
0x0337	0x1D03      	BTFSS      STATUS, 2
;__Lib_MathDouble.c,630 :: 		
0x0338	0x0877      	MOVF       R7, 0
;__Lib_MathDouble.c,631 :: 		
0x0339	0x1903      	BTFSC      STATUS, 2
;__Lib_MathDouble.c,632 :: 		
0x033A	0x2B8A      	GOTO       JPMRES032
;__Lib_MathDouble.c,634 :: 		
0x033B	0x0872      	MOVF       R2, 0
;__Lib_MathDouble.c,635 :: 		
0x033C	0x0676      	XORWF      R6, 0
;__Lib_MathDouble.c,636 :: 		
0x033D	0x00FA      	MOVWF      R10
;__Lib_MathDouble.c,637 :: 		
0x033E	0x0877      	MOVF       R7, 0
;__Lib_MathDouble.c,638 :: 		
0x033F	0x07F3      	ADDWF      R3, 1
;__Lib_MathDouble.c,639 :: 		
0x0340	0x307E      	MOVLW      126
;__Lib_MathDouble.c,640 :: 		
0x0341	0x1C03      	BTFSS      STATUS, 0
;__Lib_MathDouble.c,641 :: 		
0x0342	0x2B47      	GOTO       MTUN32
;__Lib_MathDouble.c,642 :: 		
0x0343	0x02F3      	SUBWF      R3, 1
;__Lib_MathDouble.c,643 :: 		
0x0344	0x1803      	BTFSC      STATUS, 0
;__Lib_MathDouble.c,644 :: 		
0x0345	0x2B8D      	GOTO       JPMSETFOV32
;__Lib_MathDouble.c,645 :: 		
0x0346	0x2B4A      	GOTO       MOK32
;__Lib_MathDouble.c,646 :: 		
MTUN32:
;__Lib_MathDouble.c,647 :: 		
0x0347	0x02F3      	SUBWF      R3, 1
;__Lib_MathDouble.c,648 :: 		
0x0348	0x1C03      	BTFSS      STATUS, 0
;__Lib_MathDouble.c,649 :: 		
0x0349	0x2B90      	GOTO       JPMSETFUN32
;__Lib_MathDouble.c,650 :: 		
MOK32:
;__Lib_MathDouble.c,651 :: 		
0x034A	0x0872      	MOVF       R2, 0
;__Lib_MathDouble.c,652 :: 		
0x034B	0x00F8      	MOVWF      R8
;__Lib_MathDouble.c,653 :: 		
0x034C	0x0871      	MOVF       R1, 0
;__Lib_MathDouble.c,654 :: 		
0x034D	0x00FC      	MOVWF      R12
;__Lib_MathDouble.c,655 :: 		
0x034E	0x0870      	MOVF       R0, 0
;__Lib_MathDouble.c,656 :: 		
0x034F	0x00FD      	MOVWF      R13
;__Lib_MathDouble.c,657 :: 		
0x0350	0x17F8      	BSF        R8, 7
;__Lib_MathDouble.c,658 :: 		
0x0351	0x17F6      	BSF        R6, 7
;__Lib_MathDouble.c,659 :: 		
0x0352	0x1003      	BCF        STATUS, 0
;__Lib_MathDouble.c,660 :: 		
0x0353	0x01F2      	CLRF       R2
;__Lib_MathDouble.c,661 :: 		
0x0354	0x01F1      	CLRF       R1
;__Lib_MathDouble.c,662 :: 		
0x0355	0x01F0      	CLRF       R0
;__Lib_MathDouble.c,663 :: 		
0x0356	0x3018      	MOVLW      24
;__Lib_MathDouble.c,664 :: 		
0x0357	0x00A0      	MOVWF      __math_tempbD
;__Lib_MathDouble.c,665 :: 		
MLOOP32:
;__Lib_MathDouble.c,666 :: 		
0x0358	0x1C7D      	BTFSS      R13, 0
;__Lib_MathDouble.c,667 :: 		
0x0359	0x2B64      	GOTO       MNOADD32
;__Lib_MathDouble.c,669 :: 		
0x035A	0x0874      	MOVF       R4, 0
;__Lib_MathDouble.c,670 :: 		
0x035B	0x07F0      	ADDWF      R0, 1
;__Lib_MathDouble.c,671 :: 		
0x035C	0x0875      	MOVF       R5, 0
;__Lib_MathDouble.c,672 :: 		
0x035D	0x1803      	BTFSC      STATUS, 0
;__Lib_MathDouble.c,673 :: 		
0x035E	0x0F75      	INCFSZ     R5, 0
;__Lib_MathDouble.c,674 :: 		
0x035F	0x07F1      	ADDWF      R1, 1
;__Lib_MathDouble.c,675 :: 		
0x0360	0x0876      	MOVF       R6, 0
;__Lib_MathDouble.c,676 :: 		
0x0361	0x1803      	BTFSC      STATUS, 0
;__Lib_MathDouble.c,677 :: 		
0x0362	0x0F76      	INCFSZ     R6, 0
;__Lib_MathDouble.c,678 :: 		
0x0363	0x07F2      	ADDWF      R2, 1
;__Lib_MathDouble.c,679 :: 		
MNOADD32:
;__Lib_MathDouble.c,680 :: 		
0x0364	0x0CF2      	RRF        R2, 1
;__Lib_MathDouble.c,681 :: 		
0x0365	0x0CF1      	RRF        R1, 1
;__Lib_MathDouble.c,682 :: 		
0x0366	0x0CF0      	RRF        R0, 1
;__Lib_MathDouble.c,683 :: 		
0x0367	0x0CF8      	RRF        R8, 1
;__Lib_MathDouble.c,684 :: 		
0x0368	0x0CFC      	RRF        R12, 1
;__Lib_MathDouble.c,685 :: 		
0x0369	0x0CFD      	RRF        R13, 1
;__Lib_MathDouble.c,686 :: 		
0x036A	0x1003      	BCF        STATUS, 0
;__Lib_MathDouble.c,687 :: 		
0x036B	0x0BA0      	DECFSZ     __math_tempbD, 1
;__Lib_MathDouble.c,688 :: 		
0x036C	0x2B58      	GOTO       MLOOP32
;__Lib_MathDouble.c,689 :: 		
0x036D	0x1BF2      	BTFSC      R2, 7
;__Lib_MathDouble.c,690 :: 		
0x036E	0x2B74      	GOTO       MROUND32
;__Lib_MathDouble.c,691 :: 		
0x036F	0x0DF8      	RLF        R8, 1
;__Lib_MathDouble.c,692 :: 		
0x0370	0x0DF0      	RLF        R0, 1
;__Lib_MathDouble.c,693 :: 		
0x0371	0x0DF1      	RLF        R1, 1
;__Lib_MathDouble.c,694 :: 		
0x0372	0x0DF2      	RLF        R2, 1
;__Lib_MathDouble.c,695 :: 		
0x0373	0x03F3      	DECF       R3, 1
;__Lib_MathDouble.c,696 :: 		
MROUND32:
;__Lib_MathDouble.c,697 :: 		
0x0374	0x1B7B      	BTFSC      R11, 6
;__Lib_MathDouble.c,698 :: 		
0x0375	0x1C70      	BTFSS      R0, 0
;__Lib_MathDouble.c,699 :: 		
0x0376	0x2B86      	GOTO       MUL32OK
;__Lib_MathDouble.c,700 :: 		
0x0377	0x1FF8      	BTFSS      R8, 7
;__Lib_MathDouble.c,701 :: 		
0x0378	0x2B86      	GOTO       MUL32OK
;__Lib_MathDouble.c,702 :: 		
0x0379	0x0AF0      	INCF       R0, 1
;__Lib_MathDouble.c,703 :: 		
0x037A	0x1903      	BTFSC      STATUS, 2
;__Lib_MathDouble.c,704 :: 		
0x037B	0x0AF1      	INCF       R1, 1
;__Lib_MathDouble.c,705 :: 		
0x037C	0x1903      	BTFSC      STATUS, 2
;__Lib_MathDouble.c,706 :: 		
0x037D	0x0AF2      	INCF       R2, 1
;__Lib_MathDouble.c,707 :: 		
0x037E	0x1D03      	BTFSS      STATUS, 2
;__Lib_MathDouble.c,708 :: 		
0x037F	0x2B86      	GOTO       MUL32OK
;__Lib_MathDouble.c,709 :: 		
0x0380	0x0CF2      	RRF        R2, 1
;__Lib_MathDouble.c,710 :: 		
0x0381	0x0CF1      	RRF        R1, 1
;__Lib_MathDouble.c,711 :: 		
0x0382	0x0CF0      	RRF        R0, 1
;__Lib_MathDouble.c,712 :: 		
0x0383	0x0AF3      	INCF       R3, 1
;__Lib_MathDouble.c,713 :: 		
0x0384	0x1903      	BTFSC      STATUS, 2
;__Lib_MathDouble.c,714 :: 		
0x0385	0x2B8D      	GOTO       JPMSETFOV32
;__Lib_MathDouble.c,715 :: 		
MUL32OK:
;__Lib_MathDouble.c,716 :: 		
0x0386	0x1FFA      	BTFSS      R10, 7
;__Lib_MathDouble.c,717 :: 		
0x0387	0x13F2      	BCF        R2, 7
;__Lib_MathDouble.c,718 :: 		
0x0388	0x3000      	MOVLW      0
;__Lib_MathDouble.c,720 :: 		
0x0389	0x2B92      	GOTO       MUL32EEE
;__Lib_MathDouble.c,721 :: 		
JPMRES032:
;__Lib_MathDouble.c,722 :: 		
0x038A	0x3001      	MOVLW      1
;__Lib_MathDouble.c,725 :: 		
0x038B	0x201F      	CALL       _RES032
;__Lib_MathDouble.c,727 :: 		
0x038C	0x2B92      	GOTO       MUL32EEE
;__Lib_MathDouble.c,728 :: 		
JPMSETFOV32:
;__Lib_MathDouble.c,729 :: 		
0x038D	0x3002      	MOVLW      2
;__Lib_MathDouble.c,732 :: 		
0x038E	0x2013      	CALL       _SETFOV32
;__Lib_MathDouble.c,734 :: 		
0x038F	0x2B92      	GOTO       MUL32EEE
;__Lib_MathDouble.c,735 :: 		
JPMSETFUN32:
;__Lib_MathDouble.c,736 :: 		
0x0390	0x3004      	MOVLW      4
;__Lib_MathDouble.c,739 :: 		
0x0391	0x2003      	CALL       _SETFUN32
;__Lib_MathDouble.c,741 :: 		
MUL32EEE:
;__Lib_MathDouble.c,742 :: 		
0x0392	0x0000      	NOP
;__Lib_MathDouble.c,749 :: 		
0x0393	0x0008      	RETURN
; end of _Mul_32x32_FP
_Mul_8x8_S:
;__Lib_Math.c,253 :: 		
;__Lib_Math.c,261 :: 		
0x0394	0x1283      	BCF        STATUS, 5
;__Lib_Math.c,262 :: 		
0x0395	0x1303      	BCF        STATUS, 6
;__Lib_Math.c,263 :: 		
0x0396	0x0870      	MOVF       R0, 0
;__Lib_Math.c,264 :: 		
0x0397	0x00F1      	MOVWF      R1
;__Lib_Math.c,265 :: 		
0x0398	0x01F0      	CLRF       R0
;__Lib_Math.c,266 :: 		
0x0399	0x01FD      	CLRF       R13
;__Lib_Math.c,267 :: 		
0x039A	0x0871      	MOVF       R1, 0
;__Lib_Math.c,268 :: 		
0x039B	0x1903      	BTFSC      STATUS, 2
;__Lib_Math.c,269 :: 		
0x039C	0x3400      	RETLW      0
;__Lib_Math.c,271 :: 		
0x039D	0x0674      	XORWF      R4, 0
;__Lib_Math.c,272 :: 		
0x039E	0x00F2      	MOVWF      R2
;__Lib_Math.c,273 :: 		
0x039F	0x1BF2      	BTFSC      R2, 7
;__Lib_Math.c,274 :: 		
0x03A0	0x09FD      	COMF       R13, 1
;__Lib_Math.c,276 :: 		
0x03A1	0x1FF4      	BTFSS      R4, 7
;__Lib_Math.c,277 :: 		
0x03A2	0x2BA9      	GOTO       $+7
;__Lib_Math.c,278 :: 		
0x03A3	0x09F4      	COMF       R4, 1
;__Lib_Math.c,279 :: 		
0x03A4	0x0AF4      	INCF       R4, 1
;__Lib_Math.c,280 :: 		
0x03A5	0x09F1      	COMF       R1, 1
;__Lib_Math.c,281 :: 		
0x03A6	0x0AF1      	INCF       R1, 1
;__Lib_Math.c,283 :: 		
0x03A7	0x1BF4      	BTFSC      R4, 7
;__Lib_Math.c,284 :: 		
0x03A8	0x2BBF      	GOTO       $+23
;__Lib_Math.c,286 :: 		
0x03A9	0x3007      	MOVLW      7
;__Lib_Math.c,287 :: 		
0x03AA	0x00FC      	MOVWF      R12
;__Lib_Math.c,288 :: 		
0x03AB	0x0871      	MOVF       R1, 0
;__Lib_Math.c,290 :: 		
0x03AC	0x0CF4      	RRF        R4, 1
;__Lib_Math.c,291 :: 		
0x03AD	0x1803      	BTFSC      STATUS, 0
;__Lib_Math.c,292 :: 		
0x03AE	0x2BB6      	GOTO       $+8
;__Lib_Math.c,293 :: 		
0x03AF	0x0BFC      	DECFSZ     R12, 1
;__Lib_Math.c,294 :: 		
0x03B0	0x2BAC      	GOTO       $-4
;__Lib_Math.c,296 :: 		
0x03B1	0x01F1      	CLRF       R1
;__Lib_Math.c,297 :: 		
0x03B2	0x3400      	RETLW      0
;__Lib_Math.c,299 :: 		
0x03B3	0x0CF4      	RRF        R4, 1
;__Lib_Math.c,300 :: 		
0x03B4	0x1803      	BTFSC      STATUS, 0
;__Lib_Math.c,301 :: 		
0x03B5	0x07F1      	ADDWF      R1, 1
;__Lib_Math.c,302 :: 		
0x03B6	0x0DFD      	RLF        R13, 1
;__Lib_Math.c,303 :: 		
0x03B7	0x0CF1      	RRF        R1, 1
;__Lib_Math.c,304 :: 		
0x03B8	0x0CF0      	RRF        R0, 1
;__Lib_Math.c,305 :: 		
0x03B9	0x0BFC      	DECFSZ     R12, 1
;__Lib_Math.c,306 :: 		
0x03BA	0x2BB3      	GOTO       $-7
;__Lib_Math.c,308 :: 		
0x03BB	0x0DFD      	RLF        R13, 1
;__Lib_Math.c,309 :: 		
0x03BC	0x0CF1      	RRF        R1, 1
;__Lib_Math.c,310 :: 		
0x03BD	0x0CF0      	RRF        R0, 1
;__Lib_Math.c,312 :: 		
0x03BE	0x3400      	RETLW      0
;__Lib_Math.c,314 :: 		
0x03BF	0x01F1      	CLRF       R1
;__Lib_Math.c,315 :: 		
0x03C0	0x0D7D      	RLF        R13, 0
;__Lib_Math.c,316 :: 		
0x03C1	0x0CF1      	RRF        R1, 1
;__Lib_Math.c,317 :: 		
0x03C2	0x0CF0      	RRF        R0, 1
;__Lib_Math.c,319 :: 		
0x03C3	0x3400      	RETLW      0
;__Lib_Math.c,321 :: 		
0x03C4	0x0008      	RETURN
; end of _Mul_8x8_S
_FloatToStr:
;__Lib_Conversions.c,460 :: 		
;__Lib_Conversions.c,462 :: 		
0x03C5	0x1283      	BCF        STATUS, 5
0x03C6	0x1703      	BSF        STATUS, 6
0x03C7	0x01A9      	CLRF       FloatToStr_bpoint_L0
0x03C8	0x01AA      	CLRF       FloatToStr_dexpon_L0
;__Lib_Conversions.c,467 :: 		
0x03C9	0x0820      	MOVF       FARG_FloatToStr_fnum, 0
0x03CA	0x00A5      	MOVWF      FloatToStr_un_L0
0x03CB	0x0821      	MOVF       FARG_FloatToStr_fnum+1, 0
0x03CC	0x00A6      	MOVWF      FloatToStr_un_L0+1
0x03CD	0x0822      	MOVF       FARG_FloatToStr_fnum+2, 0
0x03CE	0x00A7      	MOVWF      FloatToStr_un_L0+2
0x03CF	0x0823      	MOVF       FARG_FloatToStr_fnum+3, 0
0x03D0	0x00A8      	MOVWF      FloatToStr_un_L0+3
;__Lib_Conversions.c,468 :: 		
0x03D1	0x0828      	MOVF       FloatToStr_un_L0+3, 0
0x03D2	0x3AFF      	XORLW      255
0x03D3	0x1D03      	BTFSS      STATUS, 2
0x03D4	0x2BDF      	GOTO       L__FloatToStr116
0x03D5	0x0827      	MOVF       FloatToStr_un_L0+2, 0
0x03D6	0x3AFF      	XORLW      255
0x03D7	0x1D03      	BTFSS      STATUS, 2
0x03D8	0x2BDF      	GOTO       L__FloatToStr116
0x03D9	0x0826      	MOVF       FloatToStr_un_L0+1, 0
0x03DA	0x3AFF      	XORLW      255
0x03DB	0x1D03      	BTFSS      STATUS, 2
0x03DC	0x2BDF      	GOTO       L__FloatToStr116
0x03DD	0x0825      	MOVF       FloatToStr_un_L0, 0
0x03DE	0x3AFF      	XORLW      255
L__FloatToStr116:
0x03DF	0x1D03      	BTFSS      STATUS, 2
0x03E0	0x2BE9      	GOTO       L_FloatToStr72
;__Lib_Conversions.c,469 :: 		
0x03E1	0x0824      	MOVF       FARG_FloatToStr_str, 0
0x03E2	0x00AB      	MOVWF      FARG_strcpy_to
0x03E3	0x3062      	MOVLW      ?lstr3___Lib_Conversions
0x03E4	0x00AC      	MOVWF      FARG_strcpy_from
0x03E5	0x21F3      	CALL       _strcpy
;__Lib_Conversions.c,470 :: 		
0x03E6	0x3003      	MOVLW      3
0x03E7	0x00F0      	MOVWF      R0
0x03E8	0x0008      	RETURN
;__Lib_Conversions.c,471 :: 		
L_FloatToStr72:
0x03E9	0x1683      	BSF        STATUS, 5
0x03EA	0x1303      	BCF        STATUS, 6
;__Lib_Conversions.c,472 :: 		
0x03EB	0x3001      	MOVLW      1
0x03EC	0x00EE      	MOVWF      FloatToStr_i_L0
;__Lib_Conversions.c,473 :: 		
0x03ED	0x1283      	BCF        STATUS, 5
0x03EE	0x1703      	BSF        STATUS, 6
0x03EF	0x1FA7      	BTFSS      FloatToStr_un_L0+2, 7
0x03F0	0x2C00      	GOTO       L_FloatToStr73
;__Lib_Conversions.c,474 :: 		
0x03F1	0x3080      	MOVLW      128
0x03F2	0x0627      	XORWF      FloatToStr_un_L0+2, 0
0x03F3	0x00F0      	MOVWF      R0
0x03F4	0x0870      	MOVF       R0, 0
0x03F5	0x00A7      	MOVWF      FloatToStr_un_L0+2
;__Lib_Conversions.c,475 :: 		
0x03F6	0x1683      	BSF        STATUS, 5
0x03F7	0x1303      	BCF        STATUS, 6
0x03F8	0x0AEE      	INCF       FloatToStr_i_L0, 1
;__Lib_Conversions.c,476 :: 		
0x03F9	0x1283      	BCF        STATUS, 5
0x03FA	0x1703      	BSF        STATUS, 6
0x03FB	0x0824      	MOVF       FARG_FloatToStr_str, 0
0x03FC	0x0084      	MOVWF      FSR
0x03FD	0x302D      	MOVLW      45
0x03FE	0x0080      	MOVWF      INDF
0x03FF	0x0AA4      	INCF       FARG_FloatToStr_str, 1
;__Lib_Conversions.c,477 :: 		
L_FloatToStr73:
;__Lib_Conversions.c,478 :: 		
0x0400	0x3000      	MOVLW      0
0x0401	0x00F0      	MOVWF      R0
0x0402	0x0628      	XORWF      FloatToStr_un_L0+3, 0
0x0403	0x1D03      	BTFSS      STATUS, 2
0x0404	0x2C0F      	GOTO       L__FloatToStr117
0x0405	0x0870      	MOVF       R0, 0
0x0406	0x0627      	XORWF      FloatToStr_un_L0+2, 0
0x0407	0x1D03      	BTFSS      STATUS, 2
0x0408	0x2C0F      	GOTO       L__FloatToStr117
0x0409	0x0870      	MOVF       R0, 0
0x040A	0x0626      	XORWF      FloatToStr_un_L0+1, 0
0x040B	0x1D03      	BTFSS      STATUS, 2
0x040C	0x2C0F      	GOTO       L__FloatToStr117
0x040D	0x0825      	MOVF       FloatToStr_un_L0, 0
0x040E	0x3A00      	XORLW      0
L__FloatToStr117:
0x040F	0x1D03      	BTFSS      STATUS, 2
0x0410	0x2C18      	GOTO       L_FloatToStr74
;__Lib_Conversions.c,479 :: 		
0x0411	0x0824      	MOVF       FARG_FloatToStr_str, 0
0x0412	0x00AB      	MOVWF      FARG_strcpy_to
0x0413	0x3060      	MOVLW      ?lstr4___Lib_Conversions
0x0414	0x00AC      	MOVWF      FARG_strcpy_from
0x0415	0x21F3      	CALL       _strcpy
;__Lib_Conversions.c,480 :: 		
0x0416	0x01F0      	CLRF       R0
0x0417	0x0008      	RETURN
;__Lib_Conversions.c,481 :: 		
L_FloatToStr74:
;__Lib_Conversions.c,482 :: 		
0x0418	0x0828      	MOVF       FloatToStr_un_L0+3, 0
0x0419	0x3AFF      	XORLW      255
0x041A	0x1D03      	BTFSS      STATUS, 2
0x041B	0x2C26      	GOTO       L__FloatToStr118
0x041C	0x0827      	MOVF       FloatToStr_un_L0+2, 0
0x041D	0x3A00      	XORLW      0
0x041E	0x1D03      	BTFSS      STATUS, 2
0x041F	0x2C26      	GOTO       L__FloatToStr118
0x0420	0x0826      	MOVF       FloatToStr_un_L0+1, 0
0x0421	0x3A00      	XORLW      0
0x0422	0x1D03      	BTFSS      STATUS, 2
0x0423	0x2C26      	GOTO       L__FloatToStr118
0x0424	0x0825      	MOVF       FloatToStr_un_L0, 0
0x0425	0x3A00      	XORLW      0
L__FloatToStr118:
0x0426	0x1D03      	BTFSS      STATUS, 2
0x0427	0x2C32      	GOTO       L_FloatToStr75
;__Lib_Conversions.c,483 :: 		
0x0428	0x0824      	MOVF       FARG_FloatToStr_str, 0
0x0429	0x00AB      	MOVWF      FARG_strcpy_to
0x042A	0x305C      	MOVLW      ?lstr5___Lib_Conversions
0x042B	0x00AC      	MOVWF      FARG_strcpy_from
0x042C	0x21F3      	CALL       _strcpy
;__Lib_Conversions.c,484 :: 		
0x042D	0x1683      	BSF        STATUS, 5
0x042E	0x1303      	BCF        STATUS, 6
0x042F	0x086E      	MOVF       FloatToStr_i_L0, 0
0x0430	0x00F0      	MOVWF      R0
0x0431	0x0008      	RETURN
;__Lib_Conversions.c,485 :: 		
L_FloatToStr75:
;__Lib_Conversions.c,493 :: 		
L_FloatToStr76:
0x0432	0x3000      	MOVLW      0
0x0433	0x00F4      	MOVWF      R4
0x0434	0x3000      	MOVLW      0
0x0435	0x00F5      	MOVWF      R4+1
0x0436	0x3000      	MOVLW      0
0x0437	0x00F6      	MOVWF      R4+2
0x0438	0x307F      	MOVLW      127
0x0439	0x00F7      	MOVWF      R4+3
0x043A	0x1283      	BCF        STATUS, 5
0x043B	0x1703      	BSF        STATUS, 6
0x043C	0x0825      	MOVF       FloatToStr_un_L0, 0
0x043D	0x00F0      	MOVWF      R0
0x043E	0x0826      	MOVF       FloatToStr_un_L0+1, 0
0x043F	0x00F1      	MOVWF      R0+1
0x0440	0x0827      	MOVF       FloatToStr_un_L0+2, 0
0x0441	0x00F2      	MOVWF      R0+2
0x0442	0x0828      	MOVF       FloatToStr_un_L0+3, 0
0x0443	0x00F3      	MOVWF      R0+3
0x0444	0x220E      	CALL       _Compare_Double
0x0445	0x3001      	MOVLW      1
0x0446	0x1803      	BTFSC      STATUS, 0
0x0447	0x3000      	MOVLW      0
0x0448	0x00F0      	MOVWF      R0
0x0449	0x0870      	MOVF       R0, 0
0x044A	0x1903      	BTFSC      STATUS, 2
0x044B	0x2C69      	GOTO       L_FloatToStr77
;__Lib_Conversions.c,494 :: 		
0x044C	0x1703      	BSF        STATUS, 6
0x044D	0x0825      	MOVF       FloatToStr_un_L0, 0
0x044E	0x00F0      	MOVWF      R0
0x044F	0x0826      	MOVF       FloatToStr_un_L0+1, 0
0x0450	0x00F1      	MOVWF      R0+1
0x0451	0x0827      	MOVF       FloatToStr_un_L0+2, 0
0x0452	0x00F2      	MOVWF      R0+2
0x0453	0x0828      	MOVF       FloatToStr_un_L0+3, 0
0x0454	0x00F3      	MOVWF      R0+3
0x0455	0x3000      	MOVLW      0
0x0456	0x00F4      	MOVWF      R4
0x0457	0x3000      	MOVLW      0
0x0458	0x00F5      	MOVWF      R4+1
0x0459	0x3020      	MOVLW      32
0x045A	0x00F6      	MOVWF      R4+2
0x045B	0x3082      	MOVLW      130
0x045C	0x00F7      	MOVWF      R4+3
0x045D	0x2333      	CALL       _Mul_32x32_FP
0x045E	0x0870      	MOVF       R0, 0
0x045F	0x1703      	BSF        STATUS, 6
0x0460	0x00A5      	MOVWF      FloatToStr_un_L0
0x0461	0x0871      	MOVF       R0+1, 0
0x0462	0x00A6      	MOVWF      FloatToStr_un_L0+1
0x0463	0x0872      	MOVF       R0+2, 0
0x0464	0x00A7      	MOVWF      FloatToStr_un_L0+2
0x0465	0x0873      	MOVF       R0+3, 0
0x0466	0x00A8      	MOVWF      FloatToStr_un_L0+3
;__Lib_Conversions.c,495 :: 		
0x0467	0x03AA      	DECF       FloatToStr_dexpon_L0, 1
;__Lib_Conversions.c,496 :: 		
0x0468	0x2C32      	GOTO       L_FloatToStr76
L_FloatToStr77:
;__Lib_Conversions.c,501 :: 		
L_FloatToStr78:
0x0469	0x1703      	BSF        STATUS, 6
0x046A	0x3000      	MOVLW      0
0x046B	0x00F4      	MOVWF      R4
0x046C	0x3000      	MOVLW      0
0x046D	0x00F5      	MOVWF      R4+1
0x046E	0x3020      	MOVLW      32
0x046F	0x00F6      	MOVWF      R4+2
0x0470	0x3082      	MOVLW      130
0x0471	0x00F7      	MOVWF      R4+3
0x0472	0x0825      	MOVF       FloatToStr_un_L0, 0
0x0473	0x00F0      	MOVWF      R0
0x0474	0x0826      	MOVF       FloatToStr_un_L0+1, 0
0x0475	0x00F1      	MOVWF      R0+1
0x0476	0x0827      	MOVF       FloatToStr_un_L0+2, 0
0x0477	0x00F2      	MOVWF      R0+2
0x0478	0x0828      	MOVF       FloatToStr_un_L0+3, 0
0x0479	0x00F3      	MOVWF      R0+3
0x047A	0x220E      	CALL       _Compare_Double
0x047B	0x3001      	MOVLW      1
0x047C	0x1C03      	BTFSS      STATUS, 0
0x047D	0x3000      	MOVLW      0
0x047E	0x00F0      	MOVWF      R0
0x047F	0x0870      	MOVF       R0, 0
0x0480	0x1903      	BTFSC      STATUS, 2
0x0481	0x2C9F      	GOTO       L_FloatToStr79
;__Lib_Conversions.c,502 :: 		
0x0482	0x1703      	BSF        STATUS, 6
0x0483	0x0825      	MOVF       FloatToStr_un_L0, 0
0x0484	0x00F0      	MOVWF      R0
0x0485	0x0826      	MOVF       FloatToStr_un_L0+1, 0
0x0486	0x00F1      	MOVWF      R0+1
0x0487	0x0827      	MOVF       FloatToStr_un_L0+2, 0
0x0488	0x00F2      	MOVWF      R0+2
0x0489	0x0828      	MOVF       FloatToStr_un_L0+3, 0
0x048A	0x00F3      	MOVWF      R0+3
0x048B	0x30CD      	MOVLW      205
0x048C	0x00F4      	MOVWF      R4
0x048D	0x30CC      	MOVLW      204
0x048E	0x00F5      	MOVWF      R4+1
0x048F	0x304C      	MOVLW      76
0x0490	0x00F6      	MOVWF      R4+2
0x0491	0x307B      	MOVLW      123
0x0492	0x00F7      	MOVWF      R4+3
0x0493	0x2333      	CALL       _Mul_32x32_FP
0x0494	0x0870      	MOVF       R0, 0
0x0495	0x1703      	BSF        STATUS, 6
0x0496	0x00A5      	MOVWF      FloatToStr_un_L0
0x0497	0x0871      	MOVF       R0+1, 0
0x0498	0x00A6      	MOVWF      FloatToStr_un_L0+1
0x0499	0x0872      	MOVF       R0+2, 0
0x049A	0x00A7      	MOVWF      FloatToStr_un_L0+2
0x049B	0x0873      	MOVF       R0+3, 0
0x049C	0x00A8      	MOVWF      FloatToStr_un_L0+3
;__Lib_Conversions.c,503 :: 		
0x049D	0x0AAA      	INCF       FloatToStr_dexpon_L0, 1
;__Lib_Conversions.c,504 :: 		
0x049E	0x2C69      	GOTO       L_FloatToStr78
L_FloatToStr79:
0x049F	0x1703      	BSF        STATUS, 6
;__Lib_Conversions.c,513 :: 		
0x04A0	0x30FF      	MOVLW      255
0x04A1	0x0525      	ANDWF      FloatToStr_un_L0, 0
0x04A2	0x00F8      	MOVWF      R8
0x04A3	0x30FF      	MOVLW      255
0x04A4	0x0526      	ANDWF      FloatToStr_un_L0+1, 0
0x04A5	0x00F9      	MOVWF      R8+1
0x04A6	0x307F      	MOVLW      127
0x04A7	0x0527      	ANDWF      FloatToStr_un_L0+2, 0
0x04A8	0x00FA      	MOVWF      R8+2
0x04A9	0x3000      	MOVLW      0
0x04AA	0x0528      	ANDWF      FloatToStr_un_L0+3, 0
0x04AB	0x00FB      	MOVWF      R8+3
;__Lib_Conversions.c,514 :: 		
0x04AC	0x0878      	MOVF       R8, 0
0x04AD	0x00F4      	MOVWF      R4
0x04AE	0x0879      	MOVF       R8+1, 0
0x04AF	0x00F5      	MOVWF      R4+1
0x04B0	0x087A      	MOVF       R8+2, 0
0x04B1	0x00F6      	MOVWF      R4+2
0x04B2	0x087B      	MOVF       R8+3, 0
0x04B3	0x00F7      	MOVWF      R4+3
0x04B4	0x0DF4      	RLF        R4, 1
0x04B5	0x0DF5      	RLF        R4+1, 1
0x04B6	0x0DF6      	RLF        R4+2, 1
0x04B7	0x0DF7      	RLF        R4+3, 1
0x04B8	0x1074      	BCF        R4, 0
;__Lib_Conversions.c,515 :: 		
0x04B9	0x3000      	MOVLW      0
0x04BA	0x0525      	ANDWF      FloatToStr_un_L0, 0
0x04BB	0x00F0      	MOVWF      R0
0x04BC	0x3000      	MOVLW      0
0x04BD	0x0526      	ANDWF      FloatToStr_un_L0+1, 0
0x04BE	0x00F1      	MOVWF      R0+1
0x04BF	0x3000      	MOVLW      0
0x04C0	0x0527      	ANDWF      FloatToStr_un_L0+2, 0
0x04C1	0x00F2      	MOVWF      R0+2
0x04C2	0x30FF      	MOVLW      255
0x04C3	0x0528      	ANDWF      FloatToStr_un_L0+3, 0
0x04C4	0x00F3      	MOVWF      R0+3
0x04C5	0x0870      	MOVF       R0, 0
0x04C6	0x00A5      	MOVWF      FloatToStr_un_L0
0x04C7	0x0871      	MOVF       R0+1, 0
0x04C8	0x00A6      	MOVWF      FloatToStr_un_L0+1
0x04C9	0x0872      	MOVF       R0+2, 0
0x04CA	0x00A7      	MOVWF      FloatToStr_un_L0+2
0x04CB	0x0873      	MOVF       R0+3, 0
0x04CC	0x00A8      	MOVWF      FloatToStr_un_L0+3
;__Lib_Conversions.c,516 :: 		
0x04CD	0x0874      	MOVF       R4, 0
0x04CE	0x0425      	IORWF      FloatToStr_un_L0, 0
0x04CF	0x00F0      	MOVWF      R0
0x04D0	0x0875      	MOVF       R4+1, 0
0x04D1	0x0426      	IORWF      FloatToStr_un_L0+1, 0
0x04D2	0x00F1      	MOVWF      R0+1
0x04D3	0x0876      	MOVF       R4+2, 0
0x04D4	0x0427      	IORWF      FloatToStr_un_L0+2, 0
0x04D5	0x00F2      	MOVWF      R0+2
0x04D6	0x0877      	MOVF       R4+3, 0
0x04D7	0x0428      	IORWF      FloatToStr_un_L0+3, 0
0x04D8	0x00F3      	MOVWF      R0+3
0x04D9	0x0870      	MOVF       R0, 0
0x04DA	0x00A5      	MOVWF      FloatToStr_un_L0
0x04DB	0x0871      	MOVF       R0+1, 0
0x04DC	0x00A6      	MOVWF      FloatToStr_un_L0+1
0x04DD	0x0872      	MOVF       R0+2, 0
0x04DE	0x00A7      	MOVWF      FloatToStr_un_L0+2
0x04DF	0x0873      	MOVF       R0+3, 0
0x04E0	0x00A8      	MOVWF      FloatToStr_un_L0+3
;__Lib_Conversions.c,518 :: 		
0x04E1	0x307F      	MOVLW      127
0x04E2	0x0228      	SUBWF      FloatToStr_un_L0+3, 0
0x04E3	0x00F0      	MOVWF      R0
0x04E4	0x0870      	MOVF       R0, 0
0x04E5	0x1683      	BSF        STATUS, 5
0x04E6	0x1303      	BCF        STATUS, 6
0x04E7	0x00EF      	MOVWF      FloatToStr_d_L0
;__Lib_Conversions.c,521 :: 		
0x04E8	0x3001      	MOVLW      1
0x04E9	0x1283      	BCF        STATUS, 5
0x04EA	0x1703      	BSF        STATUS, 6
0x04EB	0x00A8      	MOVWF      FloatToStr_un_L0+3
;__Lib_Conversions.c,522 :: 		
0x04EC	0x0870      	MOVF       R0, 0
0x04ED	0x00F4      	MOVWF      R4
0x04EE	0x0825      	MOVF       FloatToStr_un_L0, 0
0x04EF	0x00F0      	MOVWF      R0
0x04F0	0x0826      	MOVF       FloatToStr_un_L0+1, 0
0x04F1	0x00F1      	MOVWF      R0+1
0x04F2	0x0827      	MOVF       FloatToStr_un_L0+2, 0
0x04F3	0x00F2      	MOVWF      R0+2
0x04F4	0x0828      	MOVF       FloatToStr_un_L0+3, 0
0x04F5	0x00F3      	MOVWF      R0+3
0x04F6	0x0874      	MOVF       R4, 0
L__FloatToStr119:
0x04F7	0x1903      	BTFSC      STATUS, 2
0x04F8	0x2D00      	GOTO       L__FloatToStr120
0x04F9	0x0DF0      	RLF        R0, 1
0x04FA	0x0DF1      	RLF        R0+1, 1
0x04FB	0x0DF2      	RLF        R0+2, 1
0x04FC	0x0DF3      	RLF        R0+3, 1
0x04FD	0x1070      	BCF        R0, 0
0x04FE	0x3EFF      	ADDLW      255
0x04FF	0x2CF7      	GOTO       L__FloatToStr119
L__FloatToStr120:
0x0500	0x0870      	MOVF       R0, 0
0x0501	0x00A5      	MOVWF      FloatToStr_un_L0
0x0502	0x0871      	MOVF       R0+1, 0
0x0503	0x00A6      	MOVWF      FloatToStr_un_L0+1
0x0504	0x0872      	MOVF       R0+2, 0
0x0505	0x00A7      	MOVWF      FloatToStr_un_L0+2
0x0506	0x0873      	MOVF       R0+3, 0
0x0507	0x00A8      	MOVWF      FloatToStr_un_L0+3
;__Lib_Conversions.c,523 :: 		
0x0508	0x0828      	MOVF       FloatToStr_un_L0+3, 0
0x0509	0x3E30      	ADDLW      48
0x050A	0x00F0      	MOVWF      R0
0x050B	0x0824      	MOVF       FARG_FloatToStr_str, 0
0x050C	0x0084      	MOVWF      FSR
0x050D	0x0870      	MOVF       R0, 0
0x050E	0x0080      	MOVWF      INDF
0x050F	0x0AA4      	INCF       FARG_FloatToStr_str, 1
;__Lib_Conversions.c,524 :: 		
0x0510	0x3080      	MOVLW      128
0x0511	0x062A      	XORWF      FloatToStr_dexpon_L0, 0
0x0512	0x00F0      	MOVWF      R0
0x0513	0x3080      	MOVLW      128
0x0514	0x3A01      	XORLW      1
0x0515	0x0270      	SUBWF      R0, 0
0x0516	0x1C03      	BTFSS      STATUS, 0
0x0517	0x2D21      	GOTO       L__FloatToStr95
0x0518	0x3080      	MOVLW      128
0x0519	0x3A06      	XORLW      6
0x051A	0x00F0      	MOVWF      R0
0x051B	0x3080      	MOVLW      128
0x051C	0x062A      	XORWF      FloatToStr_dexpon_L0, 0
0x051D	0x0270      	SUBWF      R0, 0
0x051E	0x1C03      	BTFSS      STATUS, 0
0x051F	0x2D21      	GOTO       L__FloatToStr95
0x0520	0x2D28      	GOTO       L_FloatToStr82
L__FloatToStr95:
;__Lib_Conversions.c,525 :: 		
0x0521	0x0824      	MOVF       FARG_FloatToStr_str, 0
0x0522	0x0084      	MOVWF      FSR
0x0523	0x302E      	MOVLW      46
0x0524	0x0080      	MOVWF      INDF
0x0525	0x0AA4      	INCF       FARG_FloatToStr_str, 1
;__Lib_Conversions.c,526 :: 		
0x0526	0x3001      	MOVLW      1
0x0527	0x00A9      	MOVWF      FloatToStr_bpoint_L0
;__Lib_Conversions.c,527 :: 		
L_FloatToStr82:
;__Lib_Conversions.c,528 :: 		
0x0528	0x3006      	MOVLW      6
0x0529	0x1683      	BSF        STATUS, 5
0x052A	0x1303      	BCF        STATUS, 6
0x052B	0x00EF      	MOVWF      FloatToStr_d_L0
L_FloatToStr83:
0x052C	0x086F      	MOVF       FloatToStr_d_L0, 0
0x052D	0x3A00      	XORLW      0
0x052E	0x1903      	BTFSC      STATUS, 2
0x052F	0x2D8C      	GOTO       L_FloatToStr84
;__Lib_Conversions.c,529 :: 		
0x0530	0x1283      	BCF        STATUS, 5
0x0531	0x1703      	BSF        STATUS, 6
0x0532	0x01A8      	CLRF       FloatToStr_un_L0+3
;__Lib_Conversions.c,530 :: 		
0x0533	0x0825      	MOVF       FloatToStr_un_L0, 0
0x0534	0x00F0      	MOVWF      R0
0x0535	0x0826      	MOVF       FloatToStr_un_L0+1, 0
0x0536	0x00F1      	MOVWF      R0+1
0x0537	0x0827      	MOVF       FloatToStr_un_L0+2, 0
0x0538	0x00F2      	MOVWF      R0+2
0x0539	0x0828      	MOVF       FloatToStr_un_L0+3, 0
0x053A	0x00F3      	MOVWF      R0+3
0x053B	0x0DF0      	RLF        R0, 1
0x053C	0x0DF1      	RLF        R0+1, 1
0x053D	0x0DF2      	RLF        R0+2, 1
0x053E	0x0DF3      	RLF        R0+3, 1
0x053F	0x1070      	BCF        R0, 0
0x0540	0x0DF0      	RLF        R0, 1
0x0541	0x0DF1      	RLF        R0+1, 1
0x0542	0x0DF2      	RLF        R0+2, 1
0x0543	0x0DF3      	RLF        R0+3, 1
0x0544	0x1070      	BCF        R0, 0
0x0545	0x0825      	MOVF       FloatToStr_un_L0, 0
0x0546	0x07F0      	ADDWF      R0, 1
0x0547	0x0826      	MOVF       FloatToStr_un_L0+1, 0
0x0548	0x1803      	BTFSC      STATUS, 0
0x0549	0x0F26      	INCFSZ     FloatToStr_un_L0+1, 0
0x054A	0x07F1      	ADDWF      R0+1, 1
0x054B	0x0827      	MOVF       FloatToStr_un_L0+2, 0
0x054C	0x1803      	BTFSC      STATUS, 0
0x054D	0x0F27      	INCFSZ     FloatToStr_un_L0+2, 0
0x054E	0x07F2      	ADDWF      R0+2, 1
0x054F	0x0828      	MOVF       FloatToStr_un_L0+3, 0
0x0550	0x1803      	BTFSC      STATUS, 0
0x0551	0x0F28      	INCFSZ     FloatToStr_un_L0+3, 0
0x0552	0x07F3      	ADDWF      R0+3, 1
0x0553	0x0870      	MOVF       R0, 0
0x0554	0x00A5      	MOVWF      FloatToStr_un_L0
0x0555	0x0871      	MOVF       R0+1, 0
0x0556	0x00A6      	MOVWF      FloatToStr_un_L0+1
0x0557	0x0872      	MOVF       R0+2, 0
0x0558	0x00A7      	MOVWF      FloatToStr_un_L0+2
0x0559	0x0873      	MOVF       R0+3, 0
0x055A	0x00A8      	MOVWF      FloatToStr_un_L0+3
;__Lib_Conversions.c,531 :: 		
0x055B	0x0825      	MOVF       FloatToStr_un_L0, 0
0x055C	0x00F0      	MOVWF      R0
0x055D	0x0826      	MOVF       FloatToStr_un_L0+1, 0
0x055E	0x00F1      	MOVWF      R0+1
0x055F	0x0827      	MOVF       FloatToStr_un_L0+2, 0
0x0560	0x00F2      	MOVWF      R0+2
0x0561	0x0828      	MOVF       FloatToStr_un_L0+3, 0
0x0562	0x00F3      	MOVWF      R0+3
0x0563	0x0DF0      	RLF        R0, 1
0x0564	0x0DF1      	RLF        R0+1, 1
0x0565	0x0DF2      	RLF        R0+2, 1
0x0566	0x0DF3      	RLF        R0+3, 1
0x0567	0x1070      	BCF        R0, 0
0x0568	0x0870      	MOVF       R0, 0
0x0569	0x00A5      	MOVWF      FloatToStr_un_L0
0x056A	0x0871      	MOVF       R0+1, 0
0x056B	0x00A6      	MOVWF      FloatToStr_un_L0+1
0x056C	0x0872      	MOVF       R0+2, 0
0x056D	0x00A7      	MOVWF      FloatToStr_un_L0+2
0x056E	0x0873      	MOVF       R0+3, 0
0x056F	0x00A8      	MOVWF      FloatToStr_un_L0+3
;__Lib_Conversions.c,532 :: 		
0x0570	0x0828      	MOVF       FloatToStr_un_L0+3, 0
0x0571	0x3E30      	ADDLW      48
0x0572	0x00F0      	MOVWF      R0
0x0573	0x0824      	MOVF       FARG_FloatToStr_str, 0
0x0574	0x0084      	MOVWF      FSR
0x0575	0x0870      	MOVF       R0, 0
0x0576	0x0080      	MOVWF      INDF
0x0577	0x0AA4      	INCF       FARG_FloatToStr_str, 1
;__Lib_Conversions.c,533 :: 		
0x0578	0x0829      	MOVF       FloatToStr_bpoint_L0, 0
0x0579	0x3A00      	XORLW      0
0x057A	0x1D03      	BTFSS      STATUS, 2
0x057B	0x2D88      	GOTO       L_FloatToStr86
;__Lib_Conversions.c,534 :: 		
0x057C	0x03AA      	DECF       FloatToStr_dexpon_L0, 1
0x057D	0x082A      	MOVF       FloatToStr_dexpon_L0, 0
0x057E	0x3A00      	XORLW      0
0x057F	0x1D03      	BTFSS      STATUS, 2
0x0580	0x2D88      	GOTO       L_FloatToStr87
;__Lib_Conversions.c,535 :: 		
0x0581	0x0824      	MOVF       FARG_FloatToStr_str, 0
0x0582	0x0084      	MOVWF      FSR
0x0583	0x302E      	MOVLW      46
0x0584	0x0080      	MOVWF      INDF
0x0585	0x0AA4      	INCF       FARG_FloatToStr_str, 1
;__Lib_Conversions.c,536 :: 		
0x0586	0x3001      	MOVLW      1
0x0587	0x00A9      	MOVWF      FloatToStr_bpoint_L0
;__Lib_Conversions.c,537 :: 		
L_FloatToStr87:
L_FloatToStr86:
;__Lib_Conversions.c,528 :: 		
0x0588	0x1683      	BSF        STATUS, 5
0x0589	0x1303      	BCF        STATUS, 6
0x058A	0x03EF      	DECF       FloatToStr_d_L0, 1
;__Lib_Conversions.c,538 :: 		
0x058B	0x2D2C      	GOTO       L_FloatToStr83
L_FloatToStr84:
;__Lib_Conversions.c,539 :: 		
L_FloatToStr88:
0x058C	0x30FF      	MOVLW      255
0x058D	0x1283      	BCF        STATUS, 5
0x058E	0x1703      	BSF        STATUS, 6
0x058F	0x0724      	ADDWF      FARG_FloatToStr_str, 0
0x0590	0x0084      	MOVWF      FSR
0x0591	0x0800      	MOVF       INDF, 0
0x0592	0x3A30      	XORLW      48
0x0593	0x1D03      	BTFSS      STATUS, 2
0x0594	0x2D97      	GOTO       L_FloatToStr89
;__Lib_Conversions.c,540 :: 		
0x0595	0x03A4      	DECF       FARG_FloatToStr_str, 1
0x0596	0x2D8C      	GOTO       L_FloatToStr88
L_FloatToStr89:
;__Lib_Conversions.c,541 :: 		
0x0597	0x30FF      	MOVLW      255
0x0598	0x0724      	ADDWF      FARG_FloatToStr_str, 0
0x0599	0x0084      	MOVWF      FSR
0x059A	0x0800      	MOVF       INDF, 0
0x059B	0x3A2E      	XORLW      46
0x059C	0x1D03      	BTFSS      STATUS, 2
0x059D	0x2D9F      	GOTO       L_FloatToStr90
;__Lib_Conversions.c,542 :: 		
0x059E	0x03A4      	DECF       FARG_FloatToStr_str, 1
L_FloatToStr90:
;__Lib_Conversions.c,543 :: 		
0x059F	0x082A      	MOVF       FloatToStr_dexpon_L0, 0
0x05A0	0x3A00      	XORLW      0
0x05A1	0x1903      	BTFSC      STATUS, 2
0x05A2	0x2DE2      	GOTO       L_FloatToStr91
;__Lib_Conversions.c,544 :: 		
0x05A3	0x0824      	MOVF       FARG_FloatToStr_str, 0
0x05A4	0x0084      	MOVWF      FSR
0x05A5	0x3065      	MOVLW      101
0x05A6	0x0080      	MOVWF      INDF
0x05A7	0x0AA4      	INCF       FARG_FloatToStr_str, 1
;__Lib_Conversions.c,545 :: 		
0x05A8	0x3080      	MOVLW      128
0x05A9	0x062A      	XORWF      FloatToStr_dexpon_L0, 0
0x05AA	0x00F0      	MOVWF      R0
0x05AB	0x3080      	MOVLW      128
0x05AC	0x3A00      	XORLW      0
0x05AD	0x0270      	SUBWF      R0, 0
0x05AE	0x1803      	BTFSC      STATUS, 0
0x05AF	0x2DB8      	GOTO       L_FloatToStr92
;__Lib_Conversions.c,546 :: 		
0x05B0	0x0824      	MOVF       FARG_FloatToStr_str, 0
0x05B1	0x0084      	MOVWF      FSR
0x05B2	0x302D      	MOVLW      45
0x05B3	0x0080      	MOVWF      INDF
0x05B4	0x0AA4      	INCF       FARG_FloatToStr_str, 1
;__Lib_Conversions.c,547 :: 		
0x05B5	0x082A      	MOVF       FloatToStr_dexpon_L0, 0
0x05B6	0x3C00      	SUBLW      0
0x05B7	0x00AA      	MOVWF      FloatToStr_dexpon_L0
;__Lib_Conversions.c,548 :: 		
L_FloatToStr92:
;__Lib_Conversions.c,549 :: 		
0x05B8	0x082A      	MOVF       FloatToStr_dexpon_L0, 0
0x05B9	0x1683      	BSF        STATUS, 5
0x05BA	0x1303      	BCF        STATUS, 6
0x05BB	0x00EF      	MOVWF      FloatToStr_d_L0
;__Lib_Conversions.c,550 :: 		
0x05BC	0x1283      	BCF        STATUS, 5
0x05BD	0x1703      	BSF        STATUS, 6
0x05BE	0x082A      	MOVF       FloatToStr_dexpon_L0, 0
0x05BF	0x3C09      	SUBLW      9
0x05C0	0x1803      	BTFSC      STATUS, 0
0x05C1	0x2DD1      	GOTO       L_FloatToStr93
;__Lib_Conversions.c,551 :: 		
0x05C2	0x300A      	MOVLW      10
0x05C3	0x00F4      	MOVWF      R4
0x05C4	0x1683      	BSF        STATUS, 5
0x05C5	0x1303      	BCF        STATUS, 6
0x05C6	0x086F      	MOVF       FloatToStr_d_L0, 0
0x05C7	0x00F0      	MOVWF      R0
0x05C8	0x225E      	CALL       _Div_8x8_U
0x05C9	0x3030      	MOVLW      48
0x05CA	0x07F0      	ADDWF      R0, 1
0x05CB	0x1703      	BSF        STATUS, 6
0x05CC	0x0824      	MOVF       FARG_FloatToStr_str, 0
0x05CD	0x0084      	MOVWF      FSR
0x05CE	0x0870      	MOVF       R0, 0
0x05CF	0x0080      	MOVWF      INDF
0x05D0	0x0AA4      	INCF       FARG_FloatToStr_str, 1
L_FloatToStr93:
;__Lib_Conversions.c,552 :: 		
0x05D1	0x300A      	MOVLW      10
0x05D2	0x00F4      	MOVWF      R4
0x05D3	0x1683      	BSF        STATUS, 5
0x05D4	0x1303      	BCF        STATUS, 6
0x05D5	0x086F      	MOVF       FloatToStr_d_L0, 0
0x05D6	0x00F0      	MOVWF      R0
0x05D7	0x225E      	CALL       _Div_8x8_U
0x05D8	0x0878      	MOVF       R8, 0
0x05D9	0x00F0      	MOVWF      R0
0x05DA	0x3030      	MOVLW      48
0x05DB	0x07F0      	ADDWF      R0, 1
0x05DC	0x1703      	BSF        STATUS, 6
0x05DD	0x0824      	MOVF       FARG_FloatToStr_str, 0
0x05DE	0x0084      	MOVWF      FSR
0x05DF	0x0870      	MOVF       R0, 0
0x05E0	0x0080      	MOVWF      INDF
0x05E1	0x0AA4      	INCF       FARG_FloatToStr_str, 1
;__Lib_Conversions.c,553 :: 		
L_FloatToStr91:
;__Lib_Conversions.c,554 :: 		
0x05E2	0x0824      	MOVF       FARG_FloatToStr_str, 0
0x05E3	0x0084      	MOVWF      FSR
0x05E4	0x0180      	CLRF       INDF
;__Lib_Conversions.c,555 :: 		
0x05E5	0x01F0      	CLRF       R0
;__Lib_Conversions.c,556 :: 		
0x05E6	0x0008      	RETURN
; end of _FloatToStr
_Keypad_Key_Click:
;__Lib_Keypad4x4.c,76 :: 		
;__Lib_Keypad4x4.c,80 :: 		
0x05E7	0x21AF      	CALL       _Keypad_Key_Press
0x05E8	0x0870      	MOVF       R0, 0
0x05E9	0x1683      	BSF        STATUS, 5
0x05EA	0x1303      	BCF        STATUS, 6
0x05EB	0x00EE      	MOVWF      Keypad_Key_Click_rslt_L0
;__Lib_Keypad4x4.c,82 :: 		
L_Keypad_Key_Click5:
0x05EC	0x300F      	MOVLW      15
0x05ED	0x1283      	BCF        STATUS, 5
0x05EE	0x0507      	ANDWF      keypadPort, 0
0x05EF	0x00F0      	MOVWF      R0
0x05F0	0x1903      	BTFSC      STATUS, 2
0x05F1	0x2DF4      	GOTO       L_Keypad_Key_Click6
;__Lib_Keypad4x4.c,83 :: 		
0x05F2	0x21E2      	CALL       _Delay_10us
0x05F3	0x2DEC      	GOTO       L_Keypad_Key_Click5
L_Keypad_Key_Click6:
;__Lib_Keypad4x4.c,85 :: 		
0x05F4	0x1683      	BSF        STATUS, 5
0x05F5	0x086E      	MOVF       Keypad_Key_Click_rslt_L0, 0
0x05F6	0x00F0      	MOVWF      R0
;__Lib_Keypad4x4.c,86 :: 		
0x05F7	0x0008      	RETURN
; end of _Keypad_Key_Click
_Int2Double:
;__Lib_MathDouble.c,1812 :: 		
;__Lib_MathDouble.c,1818 :: 		
0x05F8	0x1283      	BCF        STATUS, 5
;__Lib_MathDouble.c,1819 :: 		
0x05F9	0x1303      	BCF        STATUS, 6
;__Lib_MathDouble.c,1820 :: 		
0x05FA	0x0870      	MOVF       R0, 0
;__Lib_MathDouble.c,1821 :: 		
0x05FB	0x00F8      	MOVWF      R8
;__Lib_MathDouble.c,1822 :: 		
0x05FC	0x0871      	MOVF       R1, 0
;__Lib_MathDouble.c,1823 :: 		
0x05FD	0x00F0      	MOVWF      R0
;__Lib_MathDouble.c,1824 :: 		
0x05FE	0x01F1      	CLRF       R1
;__Lib_MathDouble.c,1825 :: 		
0x05FF	0x01F2      	CLRF       R2
;__Lib_MathDouble.c,1826 :: 		
0x0600	0x01F3      	CLRF       R3
;__Lib_MathDouble.c,1829 :: 		
0x0601	0x01FB      	CLRF       R11
;__Lib_MathDouble.c,1830 :: 		
0x0602	0x01FC      	CLRF       R12
;__Lib_MathDouble.c,1832 :: 		
0x0603	0x3096      	MOVLW      150
;__Lib_MathDouble.c,1833 :: 		
0x0604	0x00F3      	MOVWF      R3
;__Lib_MathDouble.c,1834 :: 		
0x0605	0x01FA      	CLRF       R10
;__Lib_MathDouble.c,1835 :: 		
0x0606	0x1FF0      	BTFSS      R0, 7
;__Lib_MathDouble.c,1836 :: 		
0x0607	0x2E0E      	GOTO       FLO1632EEE
;__Lib_MathDouble.c,1838 :: 		
0x0608	0x09F8      	COMF       R8, 1
;__Lib_MathDouble.c,1839 :: 		
0x0609	0x09F0      	COMF       R0, 1
;__Lib_MathDouble.c,1841 :: 		
0x060A	0x0AF8      	INCF       R8, 1
;__Lib_MathDouble.c,1842 :: 		
0x060B	0x1903      	BTFSC      STATUS, 2
;__Lib_MathDouble.c,1843 :: 		
0x060C	0x0AF0      	INCF       R0, 1
;__Lib_MathDouble.c,1845 :: 		
0x060D	0x17FA      	BSF        R10, 7
;__Lib_MathDouble.c,1846 :: 		
FLO1632EEE:
;__Lib_MathDouble.c,1847 :: 		
0x060E	0x0870      	MOVF       R0, 0
;__Lib_MathDouble.c,1848 :: 		
0x060F	0x00F1      	MOVWF      R1
;__Lib_MathDouble.c,1849 :: 		
0x0610	0x0878      	MOVF       R8, 0
;__Lib_MathDouble.c,1850 :: 		
0x0611	0x00F0      	MOVWF      R0
;__Lib_MathDouble.c,1851 :: 		
0x0612	0x01F8      	CLRF       R8
;__Lib_MathDouble.c,1852 :: 		
0x0613	0x01F2      	CLRF       R2
;__Lib_MathDouble.c,1854 :: 		
0x0614	0x2040      	CALL       _NRM3232
;__Lib_MathDouble.c,1855 :: 		
0x0615	0x0008      	RETURN
; end of _Int2Double
_Lcd_Chr:
;__Lib_Lcd.c,65 :: 		
;__Lib_Lcd.c,66 :: 		
0x0616	0x2E28      	GOTO       L_Lcd_Chr4
;__Lib_Lcd.c,67 :: 		
L_Lcd_Chr6:
0x0617	0x3080      	MOVLW      128
0x0618	0x1283      	BCF        STATUS, 5
0x0619	0x1703      	BSF        STATUS, 6
0x061A	0x00A0      	MOVWF      FARG_Lcd_Chr_row
0x061B	0x2E3B      	GOTO       L_Lcd_Chr5
;__Lib_Lcd.c,68 :: 		
L_Lcd_Chr7:
0x061C	0x30C0      	MOVLW      192
0x061D	0x00A0      	MOVWF      FARG_Lcd_Chr_row
0x061E	0x2E3B      	GOTO       L_Lcd_Chr5
;__Lib_Lcd.c,69 :: 		
L_Lcd_Chr8:
0x061F	0x3094      	MOVLW      148
0x0620	0x00A0      	MOVWF      FARG_Lcd_Chr_row
0x0621	0x2E3B      	GOTO       L_Lcd_Chr5
;__Lib_Lcd.c,70 :: 		
L_Lcd_Chr9:
0x0622	0x30D4      	MOVLW      212
0x0623	0x00A0      	MOVWF      FARG_Lcd_Chr_row
0x0624	0x2E3B      	GOTO       L_Lcd_Chr5
;__Lib_Lcd.c,71 :: 		
L_Lcd_Chr10:
0x0625	0x3080      	MOVLW      128
0x0626	0x00A0      	MOVWF      FARG_Lcd_Chr_row
;__Lib_Lcd.c,72 :: 		
0x0627	0x2E3B      	GOTO       L_Lcd_Chr5
L_Lcd_Chr4:
0x0628	0x1283      	BCF        STATUS, 5
0x0629	0x1703      	BSF        STATUS, 6
0x062A	0x0820      	MOVF       FARG_Lcd_Chr_row, 0
0x062B	0x3A01      	XORLW      1
0x062C	0x1903      	BTFSC      STATUS, 2
0x062D	0x2E17      	GOTO       L_Lcd_Chr6
0x062E	0x0820      	MOVF       FARG_Lcd_Chr_row, 0
0x062F	0x3A02      	XORLW      2
0x0630	0x1903      	BTFSC      STATUS, 2
0x0631	0x2E1C      	GOTO       L_Lcd_Chr7
0x0632	0x0820      	MOVF       FARG_Lcd_Chr_row, 0
0x0633	0x3A03      	XORLW      3
0x0634	0x1903      	BTFSC      STATUS, 2
0x0635	0x2E1F      	GOTO       L_Lcd_Chr8
0x0636	0x0820      	MOVF       FARG_Lcd_Chr_row, 0
0x0637	0x3A04      	XORLW      4
0x0638	0x1903      	BTFSC      STATUS, 2
0x0639	0x2E22      	GOTO       L_Lcd_Chr9
0x063A	0x2E25      	GOTO       L_Lcd_Chr10
L_Lcd_Chr5:
;__Lib_Lcd.c,74 :: 		
0x063B	0x0321      	DECF       FARG_Lcd_Chr_column, 0
0x063C	0x00F0      	MOVWF      R0
0x063D	0x0820      	MOVF       FARG_Lcd_Chr_row, 0
0x063E	0x07F0      	ADDWF      R0, 1
0x063F	0x0870      	MOVF       R0, 0
0x0640	0x00A0      	MOVWF      FARG_Lcd_Chr_row
;__Lib_Lcd.c,76 :: 		
0x0641	0x1303      	BCF        STATUS, 6
0x0642	0x1468      	BSF        __Lib_Lcd_cmd_status, BitPos(__Lib_Lcd_cmd_status+0)
;__Lib_Lcd.c,77 :: 		
0x0643	0x0870      	MOVF       R0, 0
0x0644	0x1703      	BSF        STATUS, 6
0x0645	0x00B0      	MOVWF      FARG_Lcd_Cmd_out_char
0x0646	0x20CC      	CALL       _Lcd_Cmd
;__Lib_Lcd.c,79 :: 		
0x0647	0x1068      	BCF        __Lib_Lcd_cmd_status, BitPos(__Lib_Lcd_cmd_status+0)
;__Lib_Lcd.c,80 :: 		
0x0648	0x1703      	BSF        STATUS, 6
0x0649	0x0822      	MOVF       FARG_Lcd_Chr_out_char, 0
0x064A	0x00B0      	MOVWF      FARG_Lcd_Cmd_out_char
0x064B	0x20CC      	CALL       _Lcd_Cmd
;__Lib_Lcd.c,81 :: 		
0x064C	0x1468      	BSF        __Lib_Lcd_cmd_status, BitPos(__Lib_Lcd_cmd_status+0)
;__Lib_Lcd.c,82 :: 		
0x064D	0x0008      	RETURN
; end of _Lcd_Chr
_efectuar:
;LCD_Calc_Teclado.c,29 :: 		void efectuar () {
;LCD_Calc_Teclado.c,30 :: 		switch (kp) {
0x064E	0x2EC4      	GOTO       L_efectuar0
;LCD_Calc_Teclado.c,31 :: 		case  '+': resultado = (variable1+variable2); break;
L_efectuar2:
0x064F	0x1683      	BSF        STATUS, 5
0x0650	0x1303      	BCF        STATUS, 6
0x0651	0x084A      	MOVF       _variable1, 0
0x0652	0x00F0      	MOVWF      R0
0x0653	0x084B      	MOVF       _variable1+1, 0
0x0654	0x00F1      	MOVWF      R0+1
0x0655	0x084C      	MOVF       _variable1+2, 0
0x0656	0x00F2      	MOVWF      R0+2
0x0657	0x084D      	MOVF       _variable1+3, 0
0x0658	0x00F3      	MOVWF      R0+3
0x0659	0x1283      	BCF        STATUS, 5
0x065A	0x0869      	MOVF       _variable2, 0
0x065B	0x00F4      	MOVWF      R4
0x065C	0x086A      	MOVF       _variable2+1, 0
0x065D	0x00F5      	MOVWF      R4+1
0x065E	0x086B      	MOVF       _variable2+2, 0
0x065F	0x00F6      	MOVWF      R4+2
0x0660	0x086C      	MOVF       _variable2+3, 0
0x0661	0x00F7      	MOVWF      R4+3
0x0662	0x210F      	CALL       _Add_32x32_FP
0x0663	0x0870      	MOVF       R0, 0
0x0664	0x1683      	BSF        STATUS, 5
0x0665	0x00CE      	MOVWF      _resultado
0x0666	0x0871      	MOVF       R0+1, 0
0x0667	0x00CF      	MOVWF      _resultado+1
0x0668	0x0872      	MOVF       R0+2, 0
0x0669	0x00D0      	MOVWF      _resultado+2
0x066A	0x0873      	MOVF       R0+3, 0
0x066B	0x00D1      	MOVWF      _resultado+3
0x066C	0x2ED6      	GOTO       L_efectuar1
;LCD_Calc_Teclado.c,32 :: 		case  '-': resultado = (variable1-variable2); break;
L_efectuar3:
0x066D	0x1283      	BCF        STATUS, 5
0x066E	0x0869      	MOVF       _variable2, 0
0x066F	0x00F4      	MOVWF      R4
0x0670	0x086A      	MOVF       _variable2+1, 0
0x0671	0x00F5      	MOVWF      R4+1
0x0672	0x086B      	MOVF       _variable2+2, 0
0x0673	0x00F6      	MOVWF      R4+2
0x0674	0x086C      	MOVF       _variable2+3, 0
0x0675	0x00F7      	MOVWF      R4+3
0x0676	0x1683      	BSF        STATUS, 5
0x0677	0x084A      	MOVF       _variable1, 0
0x0678	0x00F0      	MOVWF      R0
0x0679	0x084B      	MOVF       _variable1+1, 0
0x067A	0x00F1      	MOVWF      R0+1
0x067B	0x084C      	MOVF       _variable1+2, 0
0x067C	0x00F2      	MOVWF      R0+2
0x067D	0x084D      	MOVF       _variable1+3, 0
0x067E	0x00F3      	MOVWF      R0+3
0x067F	0x2276      	CALL       _Sub_32x32_FP
0x0680	0x0870      	MOVF       R0, 0
0x0681	0x1683      	BSF        STATUS, 5
0x0682	0x00CE      	MOVWF      _resultado
0x0683	0x0871      	MOVF       R0+1, 0
0x0684	0x00CF      	MOVWF      _resultado+1
0x0685	0x0872      	MOVF       R0+2, 0
0x0686	0x00D0      	MOVWF      _resultado+2
0x0687	0x0873      	MOVF       R0+3, 0
0x0688	0x00D1      	MOVWF      _resultado+3
0x0689	0x2ED6      	GOTO       L_efectuar1
;LCD_Calc_Teclado.c,33 :: 		case  'x': resultado = (variable1*variable2); break;
L_efectuar4:
0x068A	0x1683      	BSF        STATUS, 5
0x068B	0x084A      	MOVF       _variable1, 0
0x068C	0x00F0      	MOVWF      R0
0x068D	0x084B      	MOVF       _variable1+1, 0
0x068E	0x00F1      	MOVWF      R0+1
0x068F	0x084C      	MOVF       _variable1+2, 0
0x0690	0x00F2      	MOVWF      R0+2
0x0691	0x084D      	MOVF       _variable1+3, 0
0x0692	0x00F3      	MOVWF      R0+3
0x0693	0x1283      	BCF        STATUS, 5
0x0694	0x0869      	MOVF       _variable2, 0
0x0695	0x00F4      	MOVWF      R4
0x0696	0x086A      	MOVF       _variable2+1, 0
0x0697	0x00F5      	MOVWF      R4+1
0x0698	0x086B      	MOVF       _variable2+2, 0
0x0699	0x00F6      	MOVWF      R4+2
0x069A	0x086C      	MOVF       _variable2+3, 0
0x069B	0x00F7      	MOVWF      R4+3
0x069C	0x2333      	CALL       _Mul_32x32_FP
0x069D	0x0870      	MOVF       R0, 0
0x069E	0x1683      	BSF        STATUS, 5
0x069F	0x00CE      	MOVWF      _resultado
0x06A0	0x0871      	MOVF       R0+1, 0
0x06A1	0x00CF      	MOVWF      _resultado+1
0x06A2	0x0872      	MOVF       R0+2, 0
0x06A3	0x00D0      	MOVWF      _resultado+2
0x06A4	0x0873      	MOVF       R0+3, 0
0x06A5	0x00D1      	MOVWF      _resultado+3
0x06A6	0x2ED6      	GOTO       L_efectuar1
;LCD_Calc_Teclado.c,34 :: 		case  '/': resultado = (variable1/variable2); break;
L_efectuar5:
0x06A7	0x1283      	BCF        STATUS, 5
0x06A8	0x0869      	MOVF       _variable2, 0
0x06A9	0x00F4      	MOVWF      R4
0x06AA	0x086A      	MOVF       _variable2+1, 0
0x06AB	0x00F5      	MOVWF      R4+1
0x06AC	0x086B      	MOVF       _variable2+2, 0
0x06AD	0x00F6      	MOVWF      R4+2
0x06AE	0x086C      	MOVF       _variable2+3, 0
0x06AF	0x00F7      	MOVWF      R4+3
0x06B0	0x1683      	BSF        STATUS, 5
0x06B1	0x084A      	MOVF       _variable1, 0
0x06B2	0x00F0      	MOVWF      R0
0x06B3	0x084B      	MOVF       _variable1+1, 0
0x06B4	0x00F1      	MOVWF      R0+1
0x06B5	0x084C      	MOVF       _variable1+2, 0
0x06B6	0x00F2      	MOVWF      R0+2
0x06B7	0x084D      	MOVF       _variable1+3, 0
0x06B8	0x00F3      	MOVWF      R0+3
0x06B9	0x227C      	CALL       _Div_32x32_FP
0x06BA	0x0870      	MOVF       R0, 0
0x06BB	0x1683      	BSF        STATUS, 5
0x06BC	0x00CE      	MOVWF      _resultado
0x06BD	0x0871      	MOVF       R0+1, 0
0x06BE	0x00CF      	MOVWF      _resultado+1
0x06BF	0x0872      	MOVF       R0+2, 0
0x06C0	0x00D0      	MOVWF      _resultado+2
0x06C1	0x0873      	MOVF       R0+3, 0
0x06C2	0x00D1      	MOVWF      _resultado+3
0x06C3	0x2ED6      	GOTO       L_efectuar1
;LCD_Calc_Teclado.c,35 :: 		}
L_efectuar0:
0x06C4	0x1283      	BCF        STATUS, 5
0x06C5	0x1303      	BCF        STATUS, 6
0x06C6	0x086F      	MOVF       _kp, 0
0x06C7	0x3A2B      	XORLW      43
0x06C8	0x1903      	BTFSC      STATUS, 2
0x06C9	0x2E4F      	GOTO       L_efectuar2
0x06CA	0x086F      	MOVF       _kp, 0
0x06CB	0x3A2D      	XORLW      45
0x06CC	0x1903      	BTFSC      STATUS, 2
0x06CD	0x2E6D      	GOTO       L_efectuar3
0x06CE	0x086F      	MOVF       _kp, 0
0x06CF	0x3A78      	XORLW      120
0x06D0	0x1903      	BTFSC      STATUS, 2
0x06D1	0x2E8A      	GOTO       L_efectuar4
0x06D2	0x086F      	MOVF       _kp, 0
0x06D3	0x3A2F      	XORLW      47
0x06D4	0x1903      	BTFSC      STATUS, 2
0x06D5	0x2EA7      	GOTO       L_efectuar5
L_efectuar1:
;LCD_Calc_Teclado.c,36 :: 		}
0x06D6	0x0008      	RETURN
; end of _efectuar
_Keypad_Init:
;__Lib_Keypad4x4.c,33 :: 		
;__Lib_Keypad4x4.c,34 :: 		
0x06D7	0x30FF      	MOVLW      255
0x06D8	0x1683      	BSF        STATUS, 5
0x06D9	0x1303      	BCF        STATUS, 6
0x06DA	0x0087      	MOVWF      keypadPort+128
;__Lib_Keypad4x4.c,35 :: 		
0x06DB	0x0008      	RETURN
; end of _Keypad_Init
___CC2DW:
;__Lib_System.c,24 :: 		
;__Lib_System.c,27 :: 		
_CC2D_Loop1:
;__Lib_System.c,29 :: 		
0x06DC	0x226F      	CALL       _____DoICP
0x06DD	0x118A      	BCF        PCLATH, 3
0x06DE	0x120A      	BCF        PCLATH, 4
;__Lib_System.c,31 :: 		
0x06DF	0x0080      	MOVWF      INDF
;__Lib_System.c,32 :: 		
0x06E0	0x0A84      	INCF       FSR, 1
;__Lib_System.c,33 :: 		
0x06E1	0x0AED      	INCF       ___DoICPAddr, 1
;__Lib_System.c,35 :: 		
0x06E2	0x1903      	BTFSC      STATUS, 2
;__Lib_System.c,36 :: 		
0x06E3	0x0AEE      	INCF       ___DoICPAddr+1, 1
;__Lib_System.c,37 :: 		
0x06E4	0x03F0      	DECF       R0, 1
;__Lib_System.c,39 :: 		
0x06E5	0x1D03      	BTFSS      STATUS, 2
;__Lib_System.c,40 :: 		
0x06E6	0x2EDC      	GOTO       _CC2D_Loop1
;__Lib_System.c,42 :: 		
0x06E7	0x0008      	RETURN
; end of ___CC2DW
_Lcd_Init:
;__Lib_Lcd.c,84 :: 		
;__Lib_Lcd.c,86 :: 		
0x06E8	0x1683      	BSF        STATUS, 5
0x06E9	0x1303      	BCF        STATUS, 6
0x06EA	0x1286      	BCF        LCD_EN_Direction, BitPos(LCD_EN_Direction+0)
;__Lib_Lcd.c,87 :: 		
0x06EB	0x1206      	BCF        LCD_RS_Direction, BitPos(LCD_RS_Direction+0)
;__Lib_Lcd.c,88 :: 		
0x06EC	0x1006      	BCF        LCD_D4_Direction, BitPos(LCD_D4_Direction+0)
;__Lib_Lcd.c,89 :: 		
0x06ED	0x1086      	BCF        LCD_D5_Direction, BitPos(LCD_D5_Direction+0)
;__Lib_Lcd.c,90 :: 		
0x06EE	0x1106      	BCF        LCD_D6_Direction, BitPos(LCD_D6_Direction+0)
;__Lib_Lcd.c,91 :: 		
0x06EF	0x1186      	BCF        LCD_D7_Direction, BitPos(LCD_D7_Direction+0)
;__Lib_Lcd.c,93 :: 		
0x06F0	0x1283      	BCF        STATUS, 5
0x06F1	0x1286      	BCF        LCD_EN, BitPos(LCD_EN+0)
;__Lib_Lcd.c,94 :: 		
0x06F2	0x1206      	BCF        LCD_RS, BitPos(LCD_RS+0)
;__Lib_Lcd.c,95 :: 		
0x06F3	0x1186      	BCF        LCD_D7, BitPos(LCD_D7+0)
;__Lib_Lcd.c,96 :: 		
0x06F4	0x1106      	BCF        LCD_D6, BitPos(LCD_D6+0)
;__Lib_Lcd.c,97 :: 		
0x06F5	0x1086      	BCF        LCD_D5, BitPos(LCD_D5+0)
;__Lib_Lcd.c,98 :: 		
0x06F6	0x1006      	BCF        LCD_D4, BitPos(LCD_D4+0)
;__Lib_Lcd.c,100 :: 		
0x06F7	0x2033      	CALL       _Delay_5500us
;__Lib_Lcd.c,101 :: 		
0x06F8	0x2033      	CALL       _Delay_5500us
;__Lib_Lcd.c,102 :: 		
0x06F9	0x2033      	CALL       _Delay_5500us
;__Lib_Lcd.c,105 :: 		
0x06FA	0x1486      	BSF        LCD_D5, BitPos(LCD_D5+0)
;__Lib_Lcd.c,106 :: 		
0x06FB	0x1406      	BSF        LCD_D4, BitPos(LCD_D4+0)
;__Lib_Lcd.c,107 :: 		
0x06FC	0x1686      	BSF        LCD_EN, BitPos(LCD_EN+0)
;__Lib_Lcd.c,108 :: 		
0x06FD	0x2026      	CALL       _Delay_1us
;__Lib_Lcd.c,109 :: 		
0x06FE	0x1286      	BCF        LCD_EN, BitPos(LCD_EN+0)
;__Lib_Lcd.c,110 :: 		
0x06FF	0x2033      	CALL       _Delay_5500us
;__Lib_Lcd.c,112 :: 		
0x0700	0x1686      	BSF        LCD_EN, BitPos(LCD_EN+0)
;__Lib_Lcd.c,113 :: 		
0x0701	0x2026      	CALL       _Delay_1us
;__Lib_Lcd.c,114 :: 		
0x0702	0x1286      	BCF        LCD_EN, BitPos(LCD_EN+0)
;__Lib_Lcd.c,115 :: 		
0x0703	0x2033      	CALL       _Delay_5500us
;__Lib_Lcd.c,117 :: 		
0x0704	0x1686      	BSF        LCD_EN, BitPos(LCD_EN+0)
;__Lib_Lcd.c,118 :: 		
0x0705	0x2026      	CALL       _Delay_1us
;__Lib_Lcd.c,119 :: 		
0x0706	0x1286      	BCF        LCD_EN, BitPos(LCD_EN+0)
;__Lib_Lcd.c,120 :: 		
0x0707	0x2033      	CALL       _Delay_5500us
;__Lib_Lcd.c,123 :: 		
0x0708	0x1006      	BCF        LCD_D4, BitPos(LCD_D4+0)
;__Lib_Lcd.c,124 :: 		
0x0709	0x1686      	BSF        LCD_EN, BitPos(LCD_EN+0)
;__Lib_Lcd.c,125 :: 		
0x070A	0x2026      	CALL       _Delay_1us
;__Lib_Lcd.c,126 :: 		
0x070B	0x1286      	BCF        LCD_EN, BitPos(LCD_EN+0)
;__Lib_Lcd.c,127 :: 		
0x070C	0x2033      	CALL       _Delay_5500us
;__Lib_Lcd.c,130 :: 		
0x070D	0x1686      	BSF        LCD_EN, BitPos(LCD_EN+0)
;__Lib_Lcd.c,131 :: 		
0x070E	0x2026      	CALL       _Delay_1us
;__Lib_Lcd.c,132 :: 		
0x070F	0x1286      	BCF        LCD_EN, BitPos(LCD_EN+0)
;__Lib_Lcd.c,134 :: 		
0x0710	0x1086      	BCF        LCD_D5, BitPos(LCD_D5+0)
;__Lib_Lcd.c,135 :: 		
0x0711	0x1586      	BSF        LCD_D7, BitPos(LCD_D7+0)
;__Lib_Lcd.c,136 :: 		
0x0712	0x1686      	BSF        LCD_EN, BitPos(LCD_EN+0)
;__Lib_Lcd.c,137 :: 		
0x0713	0x2026      	CALL       _Delay_1us
;__Lib_Lcd.c,138 :: 		
0x0714	0x1286      	BCF        LCD_EN, BitPos(LCD_EN+0)
;__Lib_Lcd.c,139 :: 		
0x0715	0x2033      	CALL       _Delay_5500us
;__Lib_Lcd.c,142 :: 		
0x0716	0x1186      	BCF        LCD_D7, BitPos(LCD_D7+0)
;__Lib_Lcd.c,143 :: 		
0x0717	0x1406      	BSF        LCD_D4, BitPos(LCD_D4+0)
;__Lib_Lcd.c,144 :: 		
0x0718	0x1686      	BSF        LCD_EN, BitPos(LCD_EN+0)
;__Lib_Lcd.c,145 :: 		
0x0719	0x2026      	CALL       _Delay_1us
;__Lib_Lcd.c,146 :: 		
0x071A	0x1286      	BCF        LCD_EN, BitPos(LCD_EN+0)
;__Lib_Lcd.c,148 :: 		
0x071B	0x1006      	BCF        LCD_D4, BitPos(LCD_D4+0)
;__Lib_Lcd.c,149 :: 		
0x071C	0x1686      	BSF        LCD_EN, BitPos(LCD_EN+0)
;__Lib_Lcd.c,150 :: 		
0x071D	0x2026      	CALL       _Delay_1us
;__Lib_Lcd.c,151 :: 		
0x071E	0x1286      	BCF        LCD_EN, BitPos(LCD_EN+0)
;__Lib_Lcd.c,152 :: 		
0x071F	0x2033      	CALL       _Delay_5500us
;__Lib_Lcd.c,155 :: 		
0x0720	0x1686      	BSF        LCD_EN, BitPos(LCD_EN+0)
;__Lib_Lcd.c,156 :: 		
0x0721	0x2026      	CALL       _Delay_1us
;__Lib_Lcd.c,157 :: 		
0x0722	0x1286      	BCF        LCD_EN, BitPos(LCD_EN+0)
;__Lib_Lcd.c,159 :: 		
0x0723	0x1406      	BSF        LCD_D4, BitPos(LCD_D4+0)
;__Lib_Lcd.c,160 :: 		
0x0724	0x1686      	BSF        LCD_EN, BitPos(LCD_EN+0)
;__Lib_Lcd.c,161 :: 		
0x0725	0x2026      	CALL       _Delay_1us
;__Lib_Lcd.c,162 :: 		
0x0726	0x1286      	BCF        LCD_EN, BitPos(LCD_EN+0)
;__Lib_Lcd.c,163 :: 		
0x0727	0x2033      	CALL       _Delay_5500us
;__Lib_Lcd.c,166 :: 		
0x0728	0x1006      	BCF        LCD_D4, BitPos(LCD_D4+0)
;__Lib_Lcd.c,167 :: 		
0x0729	0x1686      	BSF        LCD_EN, BitPos(LCD_EN+0)
;__Lib_Lcd.c,168 :: 		
0x072A	0x2026      	CALL       _Delay_1us
;__Lib_Lcd.c,169 :: 		
0x072B	0x1286      	BCF        LCD_EN, BitPos(LCD_EN+0)
;__Lib_Lcd.c,171 :: 		
0x072C	0x1586      	BSF        LCD_D7, BitPos(LCD_D7+0)
;__Lib_Lcd.c,172 :: 		
0x072D	0x1506      	BSF        LCD_D6, BitPos(LCD_D6+0)
;__Lib_Lcd.c,173 :: 		
0x072E	0x1486      	BSF        LCD_D5, BitPos(LCD_D5+0)
;__Lib_Lcd.c,174 :: 		
0x072F	0x1406      	BSF        LCD_D4, BitPos(LCD_D4+0)
;__Lib_Lcd.c,175 :: 		
0x0730	0x1686      	BSF        LCD_EN, BitPos(LCD_EN+0)
;__Lib_Lcd.c,176 :: 		
0x0731	0x2026      	CALL       _Delay_1us
;__Lib_Lcd.c,177 :: 		
0x0732	0x1286      	BCF        LCD_EN, BitPos(LCD_EN+0)
;__Lib_Lcd.c,179 :: 		
0x0733	0x2033      	CALL       _Delay_5500us
;__Lib_Lcd.c,181 :: 		
0x0734	0x1468      	BSF        __Lib_Lcd_cmd_status, BitPos(__Lib_Lcd_cmd_status+0)
;__Lib_Lcd.c,182 :: 		
0x0735	0x0008      	RETURN
; end of _Lcd_Init
_Mul_16x16_U:
;__Lib_Math.c,136 :: 		
;__Lib_Math.c,143 :: 		
0x0736	0x1283      	BCF        STATUS, 5
;__Lib_Math.c,144 :: 		
0x0737	0x1303      	BCF        STATUS, 6
;__Lib_Math.c,145 :: 		
0x0738	0x01FB      	CLRF       R11
;__Lib_Math.c,146 :: 		
0x0739	0x01FA      	CLRF       R10
;__Lib_Math.c,147 :: 		
0x073A	0x01F9      	CLRF       R9
;__Lib_Math.c,148 :: 		
0x073B	0x3080      	MOVLW      128
;__Lib_Math.c,149 :: 		
0x073C	0x00F8      	MOVWF      R8
;__Lib_Math.c,150 :: 		
0x073D	0x0CF1      	RRF        R1, 1
;__Lib_Math.c,151 :: 		
0x073E	0x0CF0      	RRF        R0, 1
;__Lib_Math.c,152 :: 		
0x073F	0x1C03      	BTFSS      STATUS, 0
;__Lib_Math.c,153 :: 		
0x0740	0x2F4A      	GOTO       $+10
;__Lib_Math.c,154 :: 		
0x0741	0x0874      	MOVF       R4, 0
;__Lib_Math.c,155 :: 		
0x0742	0x07F9      	ADDWF      R9, 1
;__Lib_Math.c,156 :: 		
0x0743	0x0875      	MOVF       R5, 0
;__Lib_Math.c,157 :: 		
0x0744	0x1803      	BTFSC      STATUS, 0
;__Lib_Math.c,158 :: 		
0x0745	0x0F75      	INCFSZ     R5, 0
;__Lib_Math.c,159 :: 		
0x0746	0x07FA      	ADDWF      R10, 1
;__Lib_Math.c,160 :: 		
0x0747	0x1803      	BTFSC      STATUS, 0
;__Lib_Math.c,161 :: 		
0x0748	0x0AFB      	INCF       R11, 1
;__Lib_Math.c,162 :: 		
0x0749	0x1003      	BCF        STATUS, 0
;__Lib_Math.c,163 :: 		
0x074A	0x1FF0      	BTFSS      R0, 7
;__Lib_Math.c,164 :: 		
0x074B	0x2F52      	GOTO       $+7
;__Lib_Math.c,165 :: 		
0x074C	0x0874      	MOVF       R4, 0
;__Lib_Math.c,166 :: 		
0x074D	0x07FA      	ADDWF      R10, 1
;__Lib_Math.c,167 :: 		
0x074E	0x0875      	MOVF       R5, 0
;__Lib_Math.c,168 :: 		
0x074F	0x1803      	BTFSC      STATUS, 0
;__Lib_Math.c,169 :: 		
0x0750	0x0F75      	INCFSZ     R5, 0
;__Lib_Math.c,170 :: 		
0x0751	0x07FB      	ADDWF      R11, 1
;__Lib_Math.c,171 :: 		
0x0752	0x0CFB      	RRF        R11, 1
;__Lib_Math.c,172 :: 		
0x0753	0x0CFA      	RRF        R10, 1
;__Lib_Math.c,173 :: 		
0x0754	0x0CF9      	RRF        R9, 1
;__Lib_Math.c,174 :: 		
0x0755	0x0CF8      	RRF        R8, 1
;__Lib_Math.c,175 :: 		
0x0756	0x1C03      	BTFSS      STATUS, 0
;__Lib_Math.c,176 :: 		
0x0757	0x2F3D      	GOTO       $-26
;__Lib_Math.c,177 :: 		
0x0758	0x087B      	MOVF       R11, 0
;__Lib_Math.c,178 :: 		
0x0759	0x00F3      	MOVWF      R3
;__Lib_Math.c,179 :: 		
0x075A	0x087A      	MOVF       R10, 0
;__Lib_Math.c,180 :: 		
0x075B	0x00F2      	MOVWF      R2
;__Lib_Math.c,181 :: 		
0x075C	0x0879      	MOVF       R9, 0
;__Lib_Math.c,182 :: 		
0x075D	0x00F1      	MOVWF      R1
;__Lib_Math.c,183 :: 		
0x075E	0x0878      	MOVF       R8, 0
;__Lib_Math.c,184 :: 		
0x075F	0x00F0      	MOVWF      R0
;__Lib_Math.c,187 :: 		
0x0760	0x0008      	RETURN
; end of _Mul_16x16_U
_Lcd_Out:
;__Lib_Lcd.c,184 :: 		
;__Lib_Lcd.c,187 :: 		
0x0761	0x2F73      	GOTO       L_Lcd_Out11
;__Lib_Lcd.c,188 :: 		
L_Lcd_Out13:
0x0762	0x3080      	MOVLW      128
0x0763	0x1283      	BCF        STATUS, 5
0x0764	0x1703      	BSF        STATUS, 6
0x0765	0x00A0      	MOVWF      FARG_Lcd_Out_row
0x0766	0x2F86      	GOTO       L_Lcd_Out12
;__Lib_Lcd.c,189 :: 		
L_Lcd_Out14:
0x0767	0x30C0      	MOVLW      192
0x0768	0x00A0      	MOVWF      FARG_Lcd_Out_row
0x0769	0x2F86      	GOTO       L_Lcd_Out12
;__Lib_Lcd.c,190 :: 		
L_Lcd_Out15:
0x076A	0x3094      	MOVLW      148
0x076B	0x00A0      	MOVWF      FARG_Lcd_Out_row
0x076C	0x2F86      	GOTO       L_Lcd_Out12
;__Lib_Lcd.c,191 :: 		
L_Lcd_Out16:
0x076D	0x30D4      	MOVLW      212
0x076E	0x00A0      	MOVWF      FARG_Lcd_Out_row
0x076F	0x2F86      	GOTO       L_Lcd_Out12
;__Lib_Lcd.c,192 :: 		
L_Lcd_Out17:
0x0770	0x3080      	MOVLW      128
0x0771	0x00A0      	MOVWF      FARG_Lcd_Out_row
;__Lib_Lcd.c,193 :: 		
0x0772	0x2F86      	GOTO       L_Lcd_Out12
L_Lcd_Out11:
0x0773	0x1283      	BCF        STATUS, 5
0x0774	0x1703      	BSF        STATUS, 6
0x0775	0x0820      	MOVF       FARG_Lcd_Out_row, 0
0x0776	0x3A01      	XORLW      1
0x0777	0x1903      	BTFSC      STATUS, 2
0x0778	0x2F62      	GOTO       L_Lcd_Out13
0x0779	0x0820      	MOVF       FARG_Lcd_Out_row, 0
0x077A	0x3A02      	XORLW      2
0x077B	0x1903      	BTFSC      STATUS, 2
0x077C	0x2F67      	GOTO       L_Lcd_Out14
0x077D	0x0820      	MOVF       FARG_Lcd_Out_row, 0
0x077E	0x3A03      	XORLW      3
0x077F	0x1903      	BTFSC      STATUS, 2
0x0780	0x2F6A      	GOTO       L_Lcd_Out15
0x0781	0x0820      	MOVF       FARG_Lcd_Out_row, 0
0x0782	0x3A04      	XORLW      4
0x0783	0x1903      	BTFSC      STATUS, 2
0x0784	0x2F6D      	GOTO       L_Lcd_Out16
0x0785	0x2F70      	GOTO       L_Lcd_Out17
L_Lcd_Out12:
;__Lib_Lcd.c,194 :: 		
0x0786	0x0321      	DECF       FARG_Lcd_Out_column, 0
0x0787	0x00F0      	MOVWF      R0
0x0788	0x0820      	MOVF       FARG_Lcd_Out_row, 0
0x0789	0x07F0      	ADDWF      R0, 1
0x078A	0x0870      	MOVF       R0, 0
0x078B	0x00A0      	MOVWF      FARG_Lcd_Out_row
;__Lib_Lcd.c,196 :: 		
0x078C	0x0870      	MOVF       R0, 0
0x078D	0x00B0      	MOVWF      FARG_Lcd_Cmd_out_char
0x078E	0x20CC      	CALL       _Lcd_Cmd
;__Lib_Lcd.c,197 :: 		
0x078F	0x1068      	BCF        __Lib_Lcd_cmd_status, BitPos(__Lib_Lcd_cmd_status+0)
;__Lib_Lcd.c,198 :: 		
0x0790	0x1683      	BSF        STATUS, 5
0x0791	0x01EE      	CLRF       Lcd_Out_i_L0
;__Lib_Lcd.c,199 :: 		
L_Lcd_Out18:
0x0792	0x086E      	MOVF       Lcd_Out_i_L0, 0
0x0793	0x1283      	BCF        STATUS, 5
0x0794	0x1703      	BSF        STATUS, 6
0x0795	0x0722      	ADDWF      FARG_Lcd_Out_text, 0
0x0796	0x0084      	MOVWF      FSR
0x0797	0x0800      	MOVF       INDF, 0
0x0798	0x1903      	BTFSC      STATUS, 2
0x0799	0x2FA7      	GOTO       L_Lcd_Out19
;__Lib_Lcd.c,200 :: 		
0x079A	0x1683      	BSF        STATUS, 5
0x079B	0x1303      	BCF        STATUS, 6
0x079C	0x086E      	MOVF       Lcd_Out_i_L0, 0
0x079D	0x1283      	BCF        STATUS, 5
0x079E	0x1703      	BSF        STATUS, 6
0x079F	0x0722      	ADDWF      FARG_Lcd_Out_text, 0
0x07A0	0x0084      	MOVWF      FSR
0x07A1	0x0800      	MOVF       INDF, 0
0x07A2	0x00AB      	MOVWF      FARG_Lcd_Chr_CP_out_char
0x07A3	0x21EA      	CALL       _Lcd_Chr_CP
0x07A4	0x1683      	BSF        STATUS, 5
0x07A5	0x0AEE      	INCF       Lcd_Out_i_L0, 1
0x07A6	0x2F92      	GOTO       L_Lcd_Out18
L_Lcd_Out19:
0x07A7	0x1303      	BCF        STATUS, 6
;__Lib_Lcd.c,201 :: 		
0x07A8	0x1283      	BCF        STATUS, 5
0x07A9	0x1468      	BSF        __Lib_Lcd_cmd_status, BitPos(__Lib_Lcd_cmd_status+0)
;__Lib_Lcd.c,202 :: 		
0x07AA	0x0008      	RETURN
; end of _Lcd_Out
_main:
0x0800	0x2414      	CALL       3092
;LCD_Calc_Teclado.c,38 :: 		void main() {
;LCD_Calc_Teclado.c,39 :: 		Keypad_Init();                           // Initialize Keypad
0x0801	0x118A      	BCF        PCLATH, 3
0x0802	0x26D7      	CALL       _Keypad_Init
0x0803	0x158A      	BSF        PCLATH, 3
;LCD_Calc_Teclado.c,40 :: 		ANSEL  = 0;                              // Configure AN pins as digital I/O
0x0804	0x1703      	BSF        STATUS, 6
0x0805	0x0188      	CLRF       ANSEL
;LCD_Calc_Teclado.c,41 :: 		ANSELH = 0;
0x0806	0x0189      	CLRF       ANSELH
;LCD_Calc_Teclado.c,42 :: 		Lcd_Init();                              // Initialize LCD
0x0807	0x118A      	BCF        PCLATH, 3
0x0808	0x26E8      	CALL       _Lcd_Init
0x0809	0x158A      	BSF        PCLATH, 3
;LCD_Calc_Teclado.c,43 :: 		Lcd_Cmd(_LCD_CLEAR);                     // Clear display
0x080A	0x3001      	MOVLW      1
0x080B	0x1703      	BSF        STATUS, 6
0x080C	0x00B0      	MOVWF      FARG_Lcd_Cmd_out_char
0x080D	0x118A      	BCF        PCLATH, 3
0x080E	0x20CC      	CALL       _Lcd_Cmd
0x080F	0x158A      	BSF        PCLATH, 3
;LCD_Calc_Teclado.c,44 :: 		Lcd_Cmd(_LCD_CURSOR_OFF);
0x0810	0x300C      	MOVLW      12
0x0811	0x1703      	BSF        STATUS, 6
0x0812	0x00B0      	MOVWF      FARG_Lcd_Cmd_out_char
0x0813	0x118A      	BCF        PCLATH, 3
0x0814	0x20CC      	CALL       _Lcd_Cmd
0x0815	0x158A      	BSF        PCLATH, 3
;LCD_Calc_Teclado.c,45 :: 		Lcd_Out(1, 1, "   Calculadora");
0x0816	0x3001      	MOVLW      1
0x0817	0x1703      	BSF        STATUS, 6
0x0818	0x00A0      	MOVWF      FARG_Lcd_Out_row
0x0819	0x3001      	MOVLW      1
0x081A	0x00A1      	MOVWF      FARG_Lcd_Out_column
0x081B	0x302E      	MOVLW      ?lstr1_LCD_Calc_Teclado
0x081C	0x00A2      	MOVWF      FARG_Lcd_Out_text
0x081D	0x118A      	BCF        PCLATH, 3
0x081E	0x2761      	CALL       _Lcd_Out
0x081F	0x158A      	BSF        PCLATH, 3
;LCD_Calc_Teclado.c,46 :: 		Lcd_Out(2, 1, "     C.A.T.A");
0x0820	0x3002      	MOVLW      2
0x0821	0x1703      	BSF        STATUS, 6
0x0822	0x00A0      	MOVWF      FARG_Lcd_Out_row
0x0823	0x3001      	MOVLW      1
0x0824	0x00A1      	MOVWF      FARG_Lcd_Out_column
0x0825	0x3021      	MOVLW      ?lstr2_LCD_Calc_Teclado
0x0826	0x00A2      	MOVWF      FARG_Lcd_Out_text
0x0827	0x118A      	BCF        PCLATH, 3
0x0828	0x2761      	CALL       _Lcd_Out
0x0829	0x158A      	BSF        PCLATH, 3
;LCD_Calc_Teclado.c,47 :: 		delay_ms(1000);
0x082A	0x301A      	MOVLW      26
0x082B	0x00FB      	MOVWF      R11
0x082C	0x305E      	MOVLW      94
0x082D	0x00FC      	MOVWF      R12
0x082E	0x306E      	MOVLW      110
0x082F	0x00FD      	MOVWF      R13
L_main6:
0x0830	0x0BFD      	DECFSZ     R13, 1
0x0831	0x2830      	GOTO       L_main6
0x0832	0x0BFC      	DECFSZ     R12, 1
0x0833	0x2830      	GOTO       L_main6
0x0834	0x0BFB      	DECFSZ     R11, 1
0x0835	0x2830      	GOTO       L_main6
0x0836	0x0000      	NOP
;LCD_Calc_Teclado.c,49 :: 		while (1) {
L_main7:
;LCD_Calc_Teclado.c,50 :: 		Lcd_Cmd(_LCD_CLEAR);                     // Clear display
0x0837	0x3001      	MOVLW      1
0x0838	0x1703      	BSF        STATUS, 6
0x0839	0x00B0      	MOVWF      FARG_Lcd_Cmd_out_char
0x083A	0x118A      	BCF        PCLATH, 3
0x083B	0x20CC      	CALL       _Lcd_Cmd
0x083C	0x158A      	BSF        PCLATH, 3
;LCD_Calc_Teclado.c,51 :: 		Lcd_Out(1, 1, "    Primer #?");
0x083D	0x3001      	MOVLW      1
0x083E	0x1703      	BSF        STATUS, 6
0x083F	0x00A0      	MOVWF      FARG_Lcd_Out_row
0x0840	0x3001      	MOVLW      1
0x0841	0x00A1      	MOVWF      FARG_Lcd_Out_column
0x0842	0x30AE      	MOVLW      ?lstr3_LCD_Calc_Teclado
0x0843	0x00A2      	MOVWF      FARG_Lcd_Out_text
0x0844	0x118A      	BCF        PCLATH, 3
0x0845	0x2761      	CALL       _Lcd_Out
0x0846	0x158A      	BSF        PCLATH, 3
;LCD_Calc_Teclado.c,53 :: 		Numero1:
___main_Numero1:
0x0847	0x1283      	BCF        STATUS, 5
;LCD_Calc_Teclado.c,54 :: 		kp=0;
0x0848	0x01EF      	CLRF       _kp
;LCD_Calc_Teclado.c,56 :: 		do kp = Keypad_Key_Click();             // Store key code in kp variable
L_main9:
0x0849	0x118A      	BCF        PCLATH, 3
0x084A	0x25E7      	CALL       _Keypad_Key_Click
0x084B	0x158A      	BSF        PCLATH, 3
0x084C	0x0870      	MOVF       R0, 0
0x084D	0x1283      	BCF        STATUS, 5
0x084E	0x00EF      	MOVWF      _kp
;LCD_Calc_Teclado.c,57 :: 		while (!kp);
0x084F	0x0870      	MOVF       R0, 0
0x0850	0x1903      	BTFSC      STATUS, 2
0x0851	0x2849      	GOTO       L_main9
;LCD_Calc_Teclado.c,59 :: 		switch (kp) {
0x0852	0x289B      	GOTO       L_main12
;LCD_Calc_Teclado.c,60 :: 		case  1: kp = 55; oldstate=7; break; // 7        // Uncomment this block for keypad4x4
L_main14:
0x0853	0x3037      	MOVLW      55
0x0854	0x00EF      	MOVWF      _kp
0x0855	0x3007      	MOVLW      7
0x0856	0x1683      	BSF        STATUS, 5
0x0857	0x00E1      	MOVWF      _oldstate
0x0858	0x28C9      	GOTO       L_main13
;LCD_Calc_Teclado.c,61 :: 		case  2: kp = 56; oldstate=8; break; // 8
L_main15:
0x0859	0x3038      	MOVLW      56
0x085A	0x1283      	BCF        STATUS, 5
0x085B	0x00EF      	MOVWF      _kp
0x085C	0x3008      	MOVLW      8
0x085D	0x1683      	BSF        STATUS, 5
0x085E	0x00E1      	MOVWF      _oldstate
0x085F	0x28C9      	GOTO       L_main13
;LCD_Calc_Teclado.c,62 :: 		case  3: kp = 57; oldstate=9; break; // 9
L_main16:
0x0860	0x3039      	MOVLW      57
0x0861	0x1283      	BCF        STATUS, 5
0x0862	0x00EF      	MOVWF      _kp
0x0863	0x3009      	MOVLW      9
0x0864	0x1683      	BSF        STATUS, 5
0x0865	0x00E1      	MOVWF      _oldstate
0x0866	0x28C9      	GOTO       L_main13
;LCD_Calc_Teclado.c,63 :: 		case  5: kp = 52; oldstate=4; break; // 4
L_main17:
0x0867	0x3034      	MOVLW      52
0x0868	0x1283      	BCF        STATUS, 5
0x0869	0x00EF      	MOVWF      _kp
0x086A	0x3004      	MOVLW      4
0x086B	0x1683      	BSF        STATUS, 5
0x086C	0x00E1      	MOVWF      _oldstate
0x086D	0x28C9      	GOTO       L_main13
;LCD_Calc_Teclado.c,64 :: 		case  6: kp = 53; oldstate=5; break; // 5
L_main18:
0x086E	0x3035      	MOVLW      53
0x086F	0x1283      	BCF        STATUS, 5
0x0870	0x00EF      	MOVWF      _kp
0x0871	0x3005      	MOVLW      5
0x0872	0x1683      	BSF        STATUS, 5
0x0873	0x00E1      	MOVWF      _oldstate
0x0874	0x28C9      	GOTO       L_main13
;LCD_Calc_Teclado.c,65 :: 		case  7: kp = 54; oldstate=6; break; // 6
L_main19:
0x0875	0x3036      	MOVLW      54
0x0876	0x1283      	BCF        STATUS, 5
0x0877	0x00EF      	MOVWF      _kp
0x0878	0x3006      	MOVLW      6
0x0879	0x1683      	BSF        STATUS, 5
0x087A	0x00E1      	MOVWF      _oldstate
0x087B	0x28C9      	GOTO       L_main13
;LCD_Calc_Teclado.c,66 :: 		case  9: kp = 49; oldstate=1; break; // 1
L_main20:
0x087C	0x3031      	MOVLW      49
0x087D	0x1283      	BCF        STATUS, 5
0x087E	0x00EF      	MOVWF      _kp
0x087F	0x3001      	MOVLW      1
0x0880	0x1683      	BSF        STATUS, 5
0x0881	0x00E1      	MOVWF      _oldstate
0x0882	0x28C9      	GOTO       L_main13
;LCD_Calc_Teclado.c,67 :: 		case 10: kp = 50; oldstate=2; break; // 2
L_main21:
0x0883	0x3032      	MOVLW      50
0x0884	0x1283      	BCF        STATUS, 5
0x0885	0x00EF      	MOVWF      _kp
0x0886	0x3002      	MOVLW      2
0x0887	0x1683      	BSF        STATUS, 5
0x0888	0x00E1      	MOVWF      _oldstate
0x0889	0x28C9      	GOTO       L_main13
;LCD_Calc_Teclado.c,68 :: 		case 11: kp = 51; oldstate=3; break; // 3
L_main22:
0x088A	0x3033      	MOVLW      51
0x088B	0x1283      	BCF        STATUS, 5
0x088C	0x00EF      	MOVWF      _kp
0x088D	0x3003      	MOVLW      3
0x088E	0x1683      	BSF        STATUS, 5
0x088F	0x00E1      	MOVWF      _oldstate
0x0890	0x28C9      	GOTO       L_main13
;LCD_Calc_Teclado.c,69 :: 		case 13: kp = 'C'; break; // C
L_main23:
0x0891	0x3043      	MOVLW      67
0x0892	0x1283      	BCF        STATUS, 5
0x0893	0x00EF      	MOVWF      _kp
0x0894	0x28C9      	GOTO       L_main13
;LCD_Calc_Teclado.c,70 :: 		case 14: kp = 48; oldstate=0; break; // 0
L_main24:
0x0895	0x3030      	MOVLW      48
0x0896	0x00EF      	MOVWF      _kp
0x0897	0x1683      	BSF        STATUS, 5
0x0898	0x01E1      	CLRF       _oldstate
0x0899	0x28C9      	GOTO       L_main13
;LCD_Calc_Teclado.c,71 :: 		default : goto Numero1;
L_main25:
0x089A	0x2847      	GOTO       ___main_Numero1
;LCD_Calc_Teclado.c,72 :: 		}
L_main12:
0x089B	0x1283      	BCF        STATUS, 5
0x089C	0x086F      	MOVF       _kp, 0
0x089D	0x3A01      	XORLW      1
0x089E	0x1903      	BTFSC      STATUS, 2
0x089F	0x2853      	GOTO       L_main14
0x08A0	0x086F      	MOVF       _kp, 0
0x08A1	0x3A02      	XORLW      2
0x08A2	0x1903      	BTFSC      STATUS, 2
0x08A3	0x2859      	GOTO       L_main15
0x08A4	0x086F      	MOVF       _kp, 0
0x08A5	0x3A03      	XORLW      3
0x08A6	0x1903      	BTFSC      STATUS, 2
0x08A7	0x2860      	GOTO       L_main16
0x08A8	0x086F      	MOVF       _kp, 0
0x08A9	0x3A05      	XORLW      5
0x08AA	0x1903      	BTFSC      STATUS, 2
0x08AB	0x2867      	GOTO       L_main17
0x08AC	0x086F      	MOVF       _kp, 0
0x08AD	0x3A06      	XORLW      6
0x08AE	0x1903      	BTFSC      STATUS, 2
0x08AF	0x286E      	GOTO       L_main18
0x08B0	0x086F      	MOVF       _kp, 0
0x08B1	0x3A07      	XORLW      7
0x08B2	0x1903      	BTFSC      STATUS, 2
0x08B3	0x2875      	GOTO       L_main19
0x08B4	0x086F      	MOVF       _kp, 0
0x08B5	0x3A09      	XORLW      9
0x08B6	0x1903      	BTFSC      STATUS, 2
0x08B7	0x287C      	GOTO       L_main20
0x08B8	0x086F      	MOVF       _kp, 0
0x08B9	0x3A0A      	XORLW      10
0x08BA	0x1903      	BTFSC      STATUS, 2
0x08BB	0x2883      	GOTO       L_main21
0x08BC	0x086F      	MOVF       _kp, 0
0x08BD	0x3A0B      	XORLW      11
0x08BE	0x1903      	BTFSC      STATUS, 2
0x08BF	0x288A      	GOTO       L_main22
0x08C0	0x086F      	MOVF       _kp, 0
0x08C1	0x3A0D      	XORLW      13
0x08C2	0x1903      	BTFSC      STATUS, 2
0x08C3	0x2891      	GOTO       L_main23
0x08C4	0x086F      	MOVF       _kp, 0
0x08C5	0x3A0E      	XORLW      14
0x08C6	0x1903      	BTFSC      STATUS, 2
0x08C7	0x2895      	GOTO       L_main24
0x08C8	0x289A      	GOTO       L_main25
L_main13:
0x08C9	0x1283      	BCF        STATUS, 5
;LCD_Calc_Teclado.c,74 :: 		Lcd_Chr(2, i, kp);
0x08CA	0x3002      	MOVLW      2
0x08CB	0x1703      	BSF        STATUS, 6
0x08CC	0x00A0      	MOVWF      FARG_Lcd_Chr_row
0x08CD	0x1303      	BCF        STATUS, 6
0x08CE	0x0866      	MOVF       _i, 0
0x08CF	0x1703      	BSF        STATUS, 6
0x08D0	0x00A1      	MOVWF      FARG_Lcd_Chr_column
0x08D1	0x1303      	BCF        STATUS, 6
0x08D2	0x086F      	MOVF       _kp, 0
0x08D3	0x1703      	BSF        STATUS, 6
0x08D4	0x00A2      	MOVWF      FARG_Lcd_Chr_out_char
0x08D5	0x118A      	BCF        PCLATH, 3
0x08D6	0x2616      	CALL       _Lcd_Chr
0x08D7	0x158A      	BSF        PCLATH, 3
;LCD_Calc_Teclado.c,75 :: 		numero[j]=oldstate;
0x08D8	0x0867      	MOVF       _j, 0
0x08D9	0x3EE2      	ADDLW      _numero
0x08DA	0x0084      	MOVWF      FSR
0x08DB	0x1683      	BSF        STATUS, 5
0x08DC	0x0861      	MOVF       _oldstate, 0
0x08DD	0x0080      	MOVWF      INDF
;LCD_Calc_Teclado.c,76 :: 		i++;
0x08DE	0x1283      	BCF        STATUS, 5
0x08DF	0x0AE6      	INCF       _i, 1
;LCD_Calc_Teclado.c,77 :: 		j++;
0x08E0	0x0AE7      	INCF       _j, 1
;LCD_Calc_Teclado.c,78 :: 		if (kp != 'C') goto Numero1;
0x08E1	0x086F      	MOVF       _kp, 0
0x08E2	0x3A43      	XORLW      67
0x08E3	0x1903      	BTFSC      STATUS, 2
0x08E4	0x28E6      	GOTO       L_main26
0x08E5	0x2847      	GOTO       ___main_Numero1
L_main26:
;LCD_Calc_Teclado.c,79 :: 		if (j==3) variable1 = numero[1];
0x08E6	0x0867      	MOVF       _j, 0
0x08E7	0x3A03      	XORLW      3
0x08E8	0x1D03      	BTFSS      STATUS, 2
0x08E9	0x28FD      	GOTO       L_main27
0x08EA	0x1683      	BSF        STATUS, 5
0x08EB	0x0863      	MOVF       _numero+1, 0
0x08EC	0x00F0      	MOVWF      R0
0x08ED	0x3000      	MOVLW      0
0x08EE	0x1BF0      	BTFSC      R0, 7
0x08EF	0x30FF      	MOVLW      255
0x08F0	0x00F1      	MOVWF      R0+1
0x08F1	0x118A      	BCF        PCLATH, 3
0x08F2	0x25F8      	CALL       _Int2Double
0x08F3	0x158A      	BSF        PCLATH, 3
0x08F4	0x0870      	MOVF       R0, 0
0x08F5	0x1683      	BSF        STATUS, 5
0x08F6	0x00CA      	MOVWF      _variable1
0x08F7	0x0871      	MOVF       R0+1, 0
0x08F8	0x00CB      	MOVWF      _variable1+1
0x08F9	0x0872      	MOVF       R0+2, 0
0x08FA	0x00CC      	MOVWF      _variable1+2
0x08FB	0x0873      	MOVF       R0+3, 0
0x08FC	0x00CD      	MOVWF      _variable1+3
L_main27:
;LCD_Calc_Teclado.c,80 :: 		if (j==4) variable1 = numero[1]*10 + numero[2];
0x08FD	0x1283      	BCF        STATUS, 5
0x08FE	0x0867      	MOVF       _j, 0
0x08FF	0x3A04      	XORLW      4
0x0900	0x1D03      	BTFSS      STATUS, 2
0x0901	0x291F      	GOTO       L_main28
0x0902	0x1683      	BSF        STATUS, 5
0x0903	0x0863      	MOVF       _numero+1, 0
0x0904	0x00F0      	MOVWF      R0
0x0905	0x300A      	MOVLW      10
0x0906	0x00F4      	MOVWF      R4
0x0907	0x118A      	BCF        PCLATH, 3
0x0908	0x2394      	CALL       _Mul_8x8_S
0x0909	0x158A      	BSF        PCLATH, 3
0x090A	0x1683      	BSF        STATUS, 5
0x090B	0x0864      	MOVF       _numero+2, 0
0x090C	0x07F0      	ADDWF      R0, 1
0x090D	0x1803      	BTFSC      STATUS, 0
0x090E	0x0AF1      	INCF       R0+1, 1
0x090F	0x3000      	MOVLW      0
0x0910	0x1BE4      	BTFSC      _numero+2, 7
0x0911	0x30FF      	MOVLW      255
0x0912	0x07F1      	ADDWF      R0+1, 1
0x0913	0x118A      	BCF        PCLATH, 3
0x0914	0x25F8      	CALL       _Int2Double
0x0915	0x158A      	BSF        PCLATH, 3
0x0916	0x0870      	MOVF       R0, 0
0x0917	0x1683      	BSF        STATUS, 5
0x0918	0x00CA      	MOVWF      _variable1
0x0919	0x0871      	MOVF       R0+1, 0
0x091A	0x00CB      	MOVWF      _variable1+1
0x091B	0x0872      	MOVF       R0+2, 0
0x091C	0x00CC      	MOVWF      _variable1+2
0x091D	0x0873      	MOVF       R0+3, 0
0x091E	0x00CD      	MOVWF      _variable1+3
L_main28:
;LCD_Calc_Teclado.c,81 :: 		if (j==5) variable1 = numero[1]*100 + numero[2]*10 + numero[3];
0x091F	0x1283      	BCF        STATUS, 5
0x0920	0x0867      	MOVF       _j, 0
0x0921	0x3A05      	XORLW      5
0x0922	0x1D03      	BTFSS      STATUS, 2
0x0923	0x2953      	GOTO       L_main29
0x0924	0x1683      	BSF        STATUS, 5
0x0925	0x0863      	MOVF       _numero+1, 0
0x0926	0x00F0      	MOVWF      R0
0x0927	0x3064      	MOVLW      100
0x0928	0x00F4      	MOVWF      R4
0x0929	0x118A      	BCF        PCLATH, 3
0x092A	0x2394      	CALL       _Mul_8x8_S
0x092B	0x158A      	BSF        PCLATH, 3
0x092C	0x0870      	MOVF       R0, 0
0x092D	0x1683      	BSF        STATUS, 5
0x092E	0x00EC      	MOVWF      FLOC__main
0x092F	0x0871      	MOVF       R0+1, 0
0x0930	0x00ED      	MOVWF      FLOC__main+1
0x0931	0x0864      	MOVF       _numero+2, 0
0x0932	0x00F0      	MOVWF      R0
0x0933	0x300A      	MOVLW      10
0x0934	0x00F4      	MOVWF      R4
0x0935	0x118A      	BCF        PCLATH, 3
0x0936	0x2394      	CALL       _Mul_8x8_S
0x0937	0x158A      	BSF        PCLATH, 3
0x0938	0x1683      	BSF        STATUS, 5
0x0939	0x086C      	MOVF       FLOC__main, 0
0x093A	0x07F0      	ADDWF      R0, 1
0x093B	0x086D      	MOVF       FLOC__main+1, 0
0x093C	0x1803      	BTFSC      STATUS, 0
0x093D	0x3E01      	ADDLW      1
0x093E	0x07F1      	ADDWF      R0+1, 1
0x093F	0x0865      	MOVF       _numero+3, 0
0x0940	0x07F0      	ADDWF      R0, 1
0x0941	0x1803      	BTFSC      STATUS, 0
0x0942	0x0AF1      	INCF       R0+1, 1
0x0943	0x3000      	MOVLW      0
0x0944	0x1BE5      	BTFSC      _numero+3, 7
0x0945	0x30FF      	MOVLW      255
0x0946	0x07F1      	ADDWF      R0+1, 1
0x0947	0x118A      	BCF        PCLATH, 3
0x0948	0x25F8      	CALL       _Int2Double
0x0949	0x158A      	BSF        PCLATH, 3
0x094A	0x0870      	MOVF       R0, 0
0x094B	0x1683      	BSF        STATUS, 5
0x094C	0x00CA      	MOVWF      _variable1
0x094D	0x0871      	MOVF       R0+1, 0
0x094E	0x00CB      	MOVWF      _variable1+1
0x094F	0x0872      	MOVF       R0+2, 0
0x0950	0x00CC      	MOVWF      _variable1+2
0x0951	0x0873      	MOVF       R0+3, 0
0x0952	0x00CD      	MOVWF      _variable1+3
L_main29:
;LCD_Calc_Teclado.c,82 :: 		if (j==6) variable1 = numero[1]*1000 + numero[2]*100 + numero[3]*10 + numero[4];
0x0953	0x1283      	BCF        STATUS, 5
0x0954	0x0867      	MOVF       _j, 0
0x0955	0x3A06      	XORLW      6
0x0956	0x1D03      	BTFSS      STATUS, 2
0x0957	0x299B      	GOTO       L_main30
0x0958	0x1683      	BSF        STATUS, 5
0x0959	0x0863      	MOVF       _numero+1, 0
0x095A	0x00F0      	MOVWF      R0
0x095B	0x3000      	MOVLW      0
0x095C	0x1BF0      	BTFSC      R0, 7
0x095D	0x30FF      	MOVLW      255
0x095E	0x00F1      	MOVWF      R0+1
0x095F	0x30E8      	MOVLW      232
0x0960	0x00F4      	MOVWF      R4
0x0961	0x3003      	MOVLW      3
0x0962	0x00F5      	MOVWF      R4+1
0x0963	0x118A      	BCF        PCLATH, 3
0x0964	0x2736      	CALL       _Mul_16x16_U
0x0965	0x158A      	BSF        PCLATH, 3
0x0966	0x0870      	MOVF       R0, 0
0x0967	0x1683      	BSF        STATUS, 5
0x0968	0x00EC      	MOVWF      FLOC__main
0x0969	0x0871      	MOVF       R0+1, 0
0x096A	0x00ED      	MOVWF      FLOC__main+1
0x096B	0x0864      	MOVF       _numero+2, 0
0x096C	0x00F0      	MOVWF      R0
0x096D	0x3064      	MOVLW      100
0x096E	0x00F4      	MOVWF      R4
0x096F	0x118A      	BCF        PCLATH, 3
0x0970	0x2394      	CALL       _Mul_8x8_S
0x0971	0x158A      	BSF        PCLATH, 3
0x0972	0x0870      	MOVF       R0, 0
0x0973	0x1683      	BSF        STATUS, 5
0x0974	0x07EC      	ADDWF      FLOC__main, 1
0x0975	0x0871      	MOVF       R0+1, 0
0x0976	0x1803      	BTFSC      STATUS, 0
0x0977	0x3E01      	ADDLW      1
0x0978	0x07ED      	ADDWF      FLOC__main+1, 1
0x0979	0x0865      	MOVF       _numero+3, 0
0x097A	0x00F0      	MOVWF      R0
0x097B	0x300A      	MOVLW      10
0x097C	0x00F4      	MOVWF      R4
0x097D	0x118A      	BCF        PCLATH, 3
0x097E	0x2394      	CALL       _Mul_8x8_S
0x097F	0x158A      	BSF        PCLATH, 3
0x0980	0x1683      	BSF        STATUS, 5
0x0981	0x086C      	MOVF       FLOC__main, 0
0x0982	0x07F0      	ADDWF      R0, 1
0x0983	0x086D      	MOVF       FLOC__main+1, 0
0x0984	0x1803      	BTFSC      STATUS, 0
0x0985	0x3E01      	ADDLW      1
0x0986	0x07F1      	ADDWF      R0+1, 1
0x0987	0x0866      	MOVF       _numero+4, 0
0x0988	0x07F0      	ADDWF      R0, 1
0x0989	0x1803      	BTFSC      STATUS, 0
0x098A	0x0AF1      	INCF       R0+1, 1
0x098B	0x3000      	MOVLW      0
0x098C	0x1BE6      	BTFSC      _numero+4, 7
0x098D	0x30FF      	MOVLW      255
0x098E	0x07F1      	ADDWF      R0+1, 1
0x098F	0x118A      	BCF        PCLATH, 3
0x0990	0x25F8      	CALL       _Int2Double
0x0991	0x158A      	BSF        PCLATH, 3
0x0992	0x0870      	MOVF       R0, 0
0x0993	0x1683      	BSF        STATUS, 5
0x0994	0x00CA      	MOVWF      _variable1
0x0995	0x0871      	MOVF       R0+1, 0
0x0996	0x00CB      	MOVWF      _variable1+1
0x0997	0x0872      	MOVF       R0+2, 0
0x0998	0x00CC      	MOVWF      _variable1+2
0x0999	0x0873      	MOVF       R0+3, 0
0x099A	0x00CD      	MOVWF      _variable1+3
L_main30:
0x099B	0x1683      	BSF        STATUS, 5
;LCD_Calc_Teclado.c,83 :: 		numero[2] = 0;numero[1] = 0; numero[3] = 0;
0x099C	0x01E4      	CLRF       _numero+2
0x099D	0x01E3      	CLRF       _numero+1
0x099E	0x01E5      	CLRF       _numero+3
;LCD_Calc_Teclado.c,84 :: 		i=8;
0x099F	0x3008      	MOVLW      8
0x09A0	0x1283      	BCF        STATUS, 5
0x09A1	0x00E6      	MOVWF      _i
;LCD_Calc_Teclado.c,85 :: 		j=1;
0x09A2	0x3001      	MOVLW      1
0x09A3	0x00E7      	MOVWF      _j
;LCD_Calc_Teclado.c,87 :: 		Lcd_Cmd(_LCD_CLEAR);                     // Clear display
0x09A4	0x3001      	MOVLW      1
0x09A5	0x1703      	BSF        STATUS, 6
0x09A6	0x00B0      	MOVWF      FARG_Lcd_Cmd_out_char
0x09A7	0x118A      	BCF        PCLATH, 3
0x09A8	0x20CC      	CALL       _Lcd_Cmd
0x09A9	0x158A      	BSF        PCLATH, 3
;LCD_Calc_Teclado.c,88 :: 		Lcd_Out(1, 1, "   Segundo #?");
0x09AA	0x3001      	MOVLW      1
0x09AB	0x1703      	BSF        STATUS, 6
0x09AC	0x00A0      	MOVWF      FARG_Lcd_Out_row
0x09AD	0x3001      	MOVLW      1
0x09AE	0x00A1      	MOVWF      FARG_Lcd_Out_column
0x09AF	0x30BC      	MOVLW      ?lstr4_LCD_Calc_Teclado
0x09B0	0x00A2      	MOVWF      FARG_Lcd_Out_text
0x09B1	0x118A      	BCF        PCLATH, 3
0x09B2	0x2761      	CALL       _Lcd_Out
0x09B3	0x158A      	BSF        PCLATH, 3
;LCD_Calc_Teclado.c,90 :: 		Numero2:
___main_Numero2:
0x09B4	0x1283      	BCF        STATUS, 5
;LCD_Calc_Teclado.c,91 :: 		kp=0;
0x09B5	0x01EF      	CLRF       _kp
;LCD_Calc_Teclado.c,93 :: 		do kp = Keypad_Key_Click();             // Store key code in kp variable
L_main31:
0x09B6	0x118A      	BCF        PCLATH, 3
0x09B7	0x25E7      	CALL       _Keypad_Key_Click
0x09B8	0x158A      	BSF        PCLATH, 3
0x09B9	0x0870      	MOVF       R0, 0
0x09BA	0x1283      	BCF        STATUS, 5
0x09BB	0x00EF      	MOVWF      _kp
;LCD_Calc_Teclado.c,94 :: 		while (!kp);
0x09BC	0x0870      	MOVF       R0, 0
0x09BD	0x1903      	BTFSC      STATUS, 2
0x09BE	0x29B6      	GOTO       L_main31
;LCD_Calc_Teclado.c,96 :: 		switch (kp) {
0x09BF	0x2A08      	GOTO       L_main34
;LCD_Calc_Teclado.c,97 :: 		case  1: kp = 55; oldstate=7; break; // 7        // Uncomment this block for keypad4x4
L_main36:
0x09C0	0x3037      	MOVLW      55
0x09C1	0x00EF      	MOVWF      _kp
0x09C2	0x3007      	MOVLW      7
0x09C3	0x1683      	BSF        STATUS, 5
0x09C4	0x00E1      	MOVWF      _oldstate
0x09C5	0x2A36      	GOTO       L_main35
;LCD_Calc_Teclado.c,98 :: 		case  2: kp = 56; oldstate=8; break; // 8
L_main37:
0x09C6	0x3038      	MOVLW      56
0x09C7	0x1283      	BCF        STATUS, 5
0x09C8	0x00EF      	MOVWF      _kp
0x09C9	0x3008      	MOVLW      8
0x09CA	0x1683      	BSF        STATUS, 5
0x09CB	0x00E1      	MOVWF      _oldstate
0x09CC	0x2A36      	GOTO       L_main35
;LCD_Calc_Teclado.c,99 :: 		case  3: kp = 57; oldstate=9; break; // 9
L_main38:
0x09CD	0x3039      	MOVLW      57
0x09CE	0x1283      	BCF        STATUS, 5
0x09CF	0x00EF      	MOVWF      _kp
0x09D0	0x3009      	MOVLW      9
0x09D1	0x1683      	BSF        STATUS, 5
0x09D2	0x00E1      	MOVWF      _oldstate
0x09D3	0x2A36      	GOTO       L_main35
;LCD_Calc_Teclado.c,100 :: 		case  5: kp = 52; oldstate=4; break; // 4
L_main39:
0x09D4	0x3034      	MOVLW      52
0x09D5	0x1283      	BCF        STATUS, 5
0x09D6	0x00EF      	MOVWF      _kp
0x09D7	0x3004      	MOVLW      4
0x09D8	0x1683      	BSF        STATUS, 5
0x09D9	0x00E1      	MOVWF      _oldstate
0x09DA	0x2A36      	GOTO       L_main35
;LCD_Calc_Teclado.c,101 :: 		case  6: kp = 53; oldstate=5; break; // 5
L_main40:
0x09DB	0x3035      	MOVLW      53
0x09DC	0x1283      	BCF        STATUS, 5
0x09DD	0x00EF      	MOVWF      _kp
0x09DE	0x3005      	MOVLW      5
0x09DF	0x1683      	BSF        STATUS, 5
0x09E0	0x00E1      	MOVWF      _oldstate
0x09E1	0x2A36      	GOTO       L_main35
;LCD_Calc_Teclado.c,102 :: 		case  7: kp = 54; oldstate=6; break; // 6
L_main41:
0x09E2	0x3036      	MOVLW      54
0x09E3	0x1283      	BCF        STATUS, 5
0x09E4	0x00EF      	MOVWF      _kp
0x09E5	0x3006      	MOVLW      6
0x09E6	0x1683      	BSF        STATUS, 5
0x09E7	0x00E1      	MOVWF      _oldstate
0x09E8	0x2A36      	GOTO       L_main35
;LCD_Calc_Teclado.c,103 :: 		case  9: kp = 49; oldstate=1; break; // 1
L_main42:
0x09E9	0x3031      	MOVLW      49
0x09EA	0x1283      	BCF        STATUS, 5
0x09EB	0x00EF      	MOVWF      _kp
0x09EC	0x3001      	MOVLW      1
0x09ED	0x1683      	BSF        STATUS, 5
0x09EE	0x00E1      	MOVWF      _oldstate
0x09EF	0x2A36      	GOTO       L_main35
;LCD_Calc_Teclado.c,104 :: 		case 10: kp = 50; oldstate=2; break; // 2
L_main43:
0x09F0	0x3032      	MOVLW      50
0x09F1	0x1283      	BCF        STATUS, 5
0x09F2	0x00EF      	MOVWF      _kp
0x09F3	0x3002      	MOVLW      2
0x09F4	0x1683      	BSF        STATUS, 5
0x09F5	0x00E1      	MOVWF      _oldstate
0x09F6	0x2A36      	GOTO       L_main35
;LCD_Calc_Teclado.c,105 :: 		case 11: kp = 51; oldstate=3; break; // 3
L_main44:
0x09F7	0x3033      	MOVLW      51
0x09F8	0x1283      	BCF        STATUS, 5
0x09F9	0x00EF      	MOVWF      _kp
0x09FA	0x3003      	MOVLW      3
0x09FB	0x1683      	BSF        STATUS, 5
0x09FC	0x00E1      	MOVWF      _oldstate
0x09FD	0x2A36      	GOTO       L_main35
;LCD_Calc_Teclado.c,106 :: 		case 13: kp = 'C'; break; // C
L_main45:
0x09FE	0x3043      	MOVLW      67
0x09FF	0x1283      	BCF        STATUS, 5
0x0A00	0x00EF      	MOVWF      _kp
0x0A01	0x2A36      	GOTO       L_main35
;LCD_Calc_Teclado.c,107 :: 		case 14: kp = 48; oldstate=0; break; // 0
L_main46:
0x0A02	0x3030      	MOVLW      48
0x0A03	0x00EF      	MOVWF      _kp
0x0A04	0x1683      	BSF        STATUS, 5
0x0A05	0x01E1      	CLRF       _oldstate
0x0A06	0x2A36      	GOTO       L_main35
;LCD_Calc_Teclado.c,108 :: 		default : goto Numero2;
L_main47:
0x0A07	0x29B4      	GOTO       ___main_Numero2
;LCD_Calc_Teclado.c,109 :: 		}
L_main34:
0x0A08	0x1283      	BCF        STATUS, 5
0x0A09	0x086F      	MOVF       _kp, 0
0x0A0A	0x3A01      	XORLW      1
0x0A0B	0x1903      	BTFSC      STATUS, 2
0x0A0C	0x29C0      	GOTO       L_main36
0x0A0D	0x086F      	MOVF       _kp, 0
0x0A0E	0x3A02      	XORLW      2
0x0A0F	0x1903      	BTFSC      STATUS, 2
0x0A10	0x29C6      	GOTO       L_main37
0x0A11	0x086F      	MOVF       _kp, 0
0x0A12	0x3A03      	XORLW      3
0x0A13	0x1903      	BTFSC      STATUS, 2
0x0A14	0x29CD      	GOTO       L_main38
0x0A15	0x086F      	MOVF       _kp, 0
0x0A16	0x3A05      	XORLW      5
0x0A17	0x1903      	BTFSC      STATUS, 2
0x0A18	0x29D4      	GOTO       L_main39
0x0A19	0x086F      	MOVF       _kp, 0
0x0A1A	0x3A06      	XORLW      6
0x0A1B	0x1903      	BTFSC      STATUS, 2
0x0A1C	0x29DB      	GOTO       L_main40
0x0A1D	0x086F      	MOVF       _kp, 0
0x0A1E	0x3A07      	XORLW      7
0x0A1F	0x1903      	BTFSC      STATUS, 2
0x0A20	0x29E2      	GOTO       L_main41
0x0A21	0x086F      	MOVF       _kp, 0
0x0A22	0x3A09      	XORLW      9
0x0A23	0x1903      	BTFSC      STATUS, 2
0x0A24	0x29E9      	GOTO       L_main42
0x0A25	0x086F      	MOVF       _kp, 0
0x0A26	0x3A0A      	XORLW      10
0x0A27	0x1903      	BTFSC      STATUS, 2
0x0A28	0x29F0      	GOTO       L_main43
0x0A29	0x086F      	MOVF       _kp, 0
0x0A2A	0x3A0B      	XORLW      11
0x0A2B	0x1903      	BTFSC      STATUS, 2
0x0A2C	0x29F7      	GOTO       L_main44
0x0A2D	0x086F      	MOVF       _kp, 0
0x0A2E	0x3A0D      	XORLW      13
0x0A2F	0x1903      	BTFSC      STATUS, 2
0x0A30	0x29FE      	GOTO       L_main45
0x0A31	0x086F      	MOVF       _kp, 0
0x0A32	0x3A0E      	XORLW      14
0x0A33	0x1903      	BTFSC      STATUS, 2
0x0A34	0x2A02      	GOTO       L_main46
0x0A35	0x2A07      	GOTO       L_main47
L_main35:
0x0A36	0x1283      	BCF        STATUS, 5
;LCD_Calc_Teclado.c,111 :: 		Lcd_Chr(2, i, kp);
0x0A37	0x3002      	MOVLW      2
0x0A38	0x1703      	BSF        STATUS, 6
0x0A39	0x00A0      	MOVWF      FARG_Lcd_Chr_row
0x0A3A	0x1303      	BCF        STATUS, 6
0x0A3B	0x0866      	MOVF       _i, 0
0x0A3C	0x1703      	BSF        STATUS, 6
0x0A3D	0x00A1      	MOVWF      FARG_Lcd_Chr_column
0x0A3E	0x1303      	BCF        STATUS, 6
0x0A3F	0x086F      	MOVF       _kp, 0
0x0A40	0x1703      	BSF        STATUS, 6
0x0A41	0x00A2      	MOVWF      FARG_Lcd_Chr_out_char
0x0A42	0x118A      	BCF        PCLATH, 3
0x0A43	0x2616      	CALL       _Lcd_Chr
0x0A44	0x158A      	BSF        PCLATH, 3
;LCD_Calc_Teclado.c,112 :: 		numero[j]=oldstate;
0x0A45	0x0867      	MOVF       _j, 0
0x0A46	0x3EE2      	ADDLW      _numero
0x0A47	0x0084      	MOVWF      FSR
0x0A48	0x1683      	BSF        STATUS, 5
0x0A49	0x0861      	MOVF       _oldstate, 0
0x0A4A	0x0080      	MOVWF      INDF
;LCD_Calc_Teclado.c,113 :: 		i++;
0x0A4B	0x1283      	BCF        STATUS, 5
0x0A4C	0x0AE6      	INCF       _i, 1
;LCD_Calc_Teclado.c,114 :: 		j++;
0x0A4D	0x0AE7      	INCF       _j, 1
;LCD_Calc_Teclado.c,115 :: 		if (kp != 'C') goto Numero2;
0x0A4E	0x086F      	MOVF       _kp, 0
0x0A4F	0x3A43      	XORLW      67
0x0A50	0x1903      	BTFSC      STATUS, 2
0x0A51	0x2A53      	GOTO       L_main48
0x0A52	0x29B4      	GOTO       ___main_Numero2
L_main48:
;LCD_Calc_Teclado.c,116 :: 		if (j==3) variable2 = numero[1];
0x0A53	0x0867      	MOVF       _j, 0
0x0A54	0x3A03      	XORLW      3
0x0A55	0x1D03      	BTFSS      STATUS, 2
0x0A56	0x2A69      	GOTO       L_main49
0x0A57	0x1683      	BSF        STATUS, 5
0x0A58	0x0863      	MOVF       _numero+1, 0
0x0A59	0x00F0      	MOVWF      R0
0x0A5A	0x3000      	MOVLW      0
0x0A5B	0x1BF0      	BTFSC      R0, 7
0x0A5C	0x30FF      	MOVLW      255
0x0A5D	0x00F1      	MOVWF      R0+1
0x0A5E	0x118A      	BCF        PCLATH, 3
0x0A5F	0x25F8      	CALL       _Int2Double
0x0A60	0x158A      	BSF        PCLATH, 3
0x0A61	0x0870      	MOVF       R0, 0
0x0A62	0x00E9      	MOVWF      _variable2
0x0A63	0x0871      	MOVF       R0+1, 0
0x0A64	0x00EA      	MOVWF      _variable2+1
0x0A65	0x0872      	MOVF       R0+2, 0
0x0A66	0x00EB      	MOVWF      _variable2+2
0x0A67	0x0873      	MOVF       R0+3, 0
0x0A68	0x00EC      	MOVWF      _variable2+3
L_main49:
;LCD_Calc_Teclado.c,117 :: 		if (j==4) variable2 = numero[1]*10 + numero[2];
0x0A69	0x0867      	MOVF       _j, 0
0x0A6A	0x3A04      	XORLW      4
0x0A6B	0x1D03      	BTFSS      STATUS, 2
0x0A6C	0x2A89      	GOTO       L_main50
0x0A6D	0x1683      	BSF        STATUS, 5
0x0A6E	0x0863      	MOVF       _numero+1, 0
0x0A6F	0x00F0      	MOVWF      R0
0x0A70	0x300A      	MOVLW      10
0x0A71	0x00F4      	MOVWF      R4
0x0A72	0x118A      	BCF        PCLATH, 3
0x0A73	0x2394      	CALL       _Mul_8x8_S
0x0A74	0x158A      	BSF        PCLATH, 3
0x0A75	0x1683      	BSF        STATUS, 5
0x0A76	0x0864      	MOVF       _numero+2, 0
0x0A77	0x07F0      	ADDWF      R0, 1
0x0A78	0x1803      	BTFSC      STATUS, 0
0x0A79	0x0AF1      	INCF       R0+1, 1
0x0A7A	0x3000      	MOVLW      0
0x0A7B	0x1BE4      	BTFSC      _numero+2, 7
0x0A7C	0x30FF      	MOVLW      255
0x0A7D	0x07F1      	ADDWF      R0+1, 1
0x0A7E	0x118A      	BCF        PCLATH, 3
0x0A7F	0x25F8      	CALL       _Int2Double
0x0A80	0x158A      	BSF        PCLATH, 3
0x0A81	0x0870      	MOVF       R0, 0
0x0A82	0x00E9      	MOVWF      _variable2
0x0A83	0x0871      	MOVF       R0+1, 0
0x0A84	0x00EA      	MOVWF      _variable2+1
0x0A85	0x0872      	MOVF       R0+2, 0
0x0A86	0x00EB      	MOVWF      _variable2+2
0x0A87	0x0873      	MOVF       R0+3, 0
0x0A88	0x00EC      	MOVWF      _variable2+3
L_main50:
;LCD_Calc_Teclado.c,118 :: 		if (j==5) variable2 = numero[1]*100 + numero[2]*10 + numero[3];
0x0A89	0x0867      	MOVF       _j, 0
0x0A8A	0x3A05      	XORLW      5
0x0A8B	0x1D03      	BTFSS      STATUS, 2
0x0A8C	0x2ABB      	GOTO       L_main51
0x0A8D	0x1683      	BSF        STATUS, 5
0x0A8E	0x0863      	MOVF       _numero+1, 0
0x0A8F	0x00F0      	MOVWF      R0
0x0A90	0x3064      	MOVLW      100
0x0A91	0x00F4      	MOVWF      R4
0x0A92	0x118A      	BCF        PCLATH, 3
0x0A93	0x2394      	CALL       _Mul_8x8_S
0x0A94	0x158A      	BSF        PCLATH, 3
0x0A95	0x0870      	MOVF       R0, 0
0x0A96	0x1683      	BSF        STATUS, 5
0x0A97	0x00EC      	MOVWF      FLOC__main
0x0A98	0x0871      	MOVF       R0+1, 0
0x0A99	0x00ED      	MOVWF      FLOC__main+1
0x0A9A	0x0864      	MOVF       _numero+2, 0
0x0A9B	0x00F0      	MOVWF      R0
0x0A9C	0x300A      	MOVLW      10
0x0A9D	0x00F4      	MOVWF      R4
0x0A9E	0x118A      	BCF        PCLATH, 3
0x0A9F	0x2394      	CALL       _Mul_8x8_S
0x0AA0	0x158A      	BSF        PCLATH, 3
0x0AA1	0x1683      	BSF        STATUS, 5
0x0AA2	0x086C      	MOVF       FLOC__main, 0
0x0AA3	0x07F0      	ADDWF      R0, 1
0x0AA4	0x086D      	MOVF       FLOC__main+1, 0
0x0AA5	0x1803      	BTFSC      STATUS, 0
0x0AA6	0x3E01      	ADDLW      1
0x0AA7	0x07F1      	ADDWF      R0+1, 1
0x0AA8	0x0865      	MOVF       _numero+3, 0
0x0AA9	0x07F0      	ADDWF      R0, 1
0x0AAA	0x1803      	BTFSC      STATUS, 0
0x0AAB	0x0AF1      	INCF       R0+1, 1
0x0AAC	0x3000      	MOVLW      0
0x0AAD	0x1BE5      	BTFSC      _numero+3, 7
0x0AAE	0x30FF      	MOVLW      255
0x0AAF	0x07F1      	ADDWF      R0+1, 1
0x0AB0	0x118A      	BCF        PCLATH, 3
0x0AB1	0x25F8      	CALL       _Int2Double
0x0AB2	0x158A      	BSF        PCLATH, 3
0x0AB3	0x0870      	MOVF       R0, 0
0x0AB4	0x00E9      	MOVWF      _variable2
0x0AB5	0x0871      	MOVF       R0+1, 0
0x0AB6	0x00EA      	MOVWF      _variable2+1
0x0AB7	0x0872      	MOVF       R0+2, 0
0x0AB8	0x00EB      	MOVWF      _variable2+2
0x0AB9	0x0873      	MOVF       R0+3, 0
0x0ABA	0x00EC      	MOVWF      _variable2+3
L_main51:
;LCD_Calc_Teclado.c,119 :: 		if (j==6) variable2 = numero[1]*1000 + numero[2]*100 + numero[3]*10 + numero[4];
0x0ABB	0x0867      	MOVF       _j, 0
0x0ABC	0x3A06      	XORLW      6
0x0ABD	0x1D03      	BTFSS      STATUS, 2
0x0ABE	0x2B01      	GOTO       L_main52
0x0ABF	0x1683      	BSF        STATUS, 5
0x0AC0	0x0863      	MOVF       _numero+1, 0
0x0AC1	0x00F0      	MOVWF      R0
0x0AC2	0x3000      	MOVLW      0
0x0AC3	0x1BF0      	BTFSC      R0, 7
0x0AC4	0x30FF      	MOVLW      255
0x0AC5	0x00F1      	MOVWF      R0+1
0x0AC6	0x30E8      	MOVLW      232
0x0AC7	0x00F4      	MOVWF      R4
0x0AC8	0x3003      	MOVLW      3
0x0AC9	0x00F5      	MOVWF      R4+1
0x0ACA	0x118A      	BCF        PCLATH, 3
0x0ACB	0x2736      	CALL       _Mul_16x16_U
0x0ACC	0x158A      	BSF        PCLATH, 3
0x0ACD	0x0870      	MOVF       R0, 0
0x0ACE	0x1683      	BSF        STATUS, 5
0x0ACF	0x00EC      	MOVWF      FLOC__main
0x0AD0	0x0871      	MOVF       R0+1, 0
0x0AD1	0x00ED      	MOVWF      FLOC__main+1
0x0AD2	0x0864      	MOVF       _numero+2, 0
0x0AD3	0x00F0      	MOVWF      R0
0x0AD4	0x3064      	MOVLW      100
0x0AD5	0x00F4      	MOVWF      R4
0x0AD6	0x118A      	BCF        PCLATH, 3
0x0AD7	0x2394      	CALL       _Mul_8x8_S
0x0AD8	0x158A      	BSF        PCLATH, 3
0x0AD9	0x0870      	MOVF       R0, 0
0x0ADA	0x1683      	BSF        STATUS, 5
0x0ADB	0x07EC      	ADDWF      FLOC__main, 1
0x0ADC	0x0871      	MOVF       R0+1, 0
0x0ADD	0x1803      	BTFSC      STATUS, 0
0x0ADE	0x3E01      	ADDLW      1
0x0ADF	0x07ED      	ADDWF      FLOC__main+1, 1
0x0AE0	0x0865      	MOVF       _numero+3, 0
0x0AE1	0x00F0      	MOVWF      R0
0x0AE2	0x300A      	MOVLW      10
0x0AE3	0x00F4      	MOVWF      R4
0x0AE4	0x118A      	BCF        PCLATH, 3
0x0AE5	0x2394      	CALL       _Mul_8x8_S
0x0AE6	0x158A      	BSF        PCLATH, 3
0x0AE7	0x1683      	BSF        STATUS, 5
0x0AE8	0x086C      	MOVF       FLOC__main, 0
0x0AE9	0x07F0      	ADDWF      R0, 1
0x0AEA	0x086D      	MOVF       FLOC__main+1, 0
0x0AEB	0x1803      	BTFSC      STATUS, 0
0x0AEC	0x3E01      	ADDLW      1
0x0AED	0x07F1      	ADDWF      R0+1, 1
0x0AEE	0x0866      	MOVF       _numero+4, 0
0x0AEF	0x07F0      	ADDWF      R0, 1
0x0AF0	0x1803      	BTFSC      STATUS, 0
0x0AF1	0x0AF1      	INCF       R0+1, 1
0x0AF2	0x3000      	MOVLW      0
0x0AF3	0x1BE6      	BTFSC      _numero+4, 7
0x0AF4	0x30FF      	MOVLW      255
0x0AF5	0x07F1      	ADDWF      R0+1, 1
0x0AF6	0x118A      	BCF        PCLATH, 3
0x0AF7	0x25F8      	CALL       _Int2Double
0x0AF8	0x158A      	BSF        PCLATH, 3
0x0AF9	0x0870      	MOVF       R0, 0
0x0AFA	0x00E9      	MOVWF      _variable2
0x0AFB	0x0871      	MOVF       R0+1, 0
0x0AFC	0x00EA      	MOVWF      _variable2+1
0x0AFD	0x0872      	MOVF       R0+2, 0
0x0AFE	0x00EB      	MOVWF      _variable2+2
0x0AFF	0x0873      	MOVF       R0+3, 0
0x0B00	0x00EC      	MOVWF      _variable2+3
L_main52:
;LCD_Calc_Teclado.c,120 :: 		numero[1] = 0;numero[3] = 0; numero[2] = 0;
0x0B01	0x1683      	BSF        STATUS, 5
0x0B02	0x01E3      	CLRF       _numero+1
0x0B03	0x01E5      	CLRF       _numero+3
0x0B04	0x01E4      	CLRF       _numero+2
;LCD_Calc_Teclado.c,121 :: 		i=8;
0x0B05	0x3008      	MOVLW      8
0x0B06	0x1283      	BCF        STATUS, 5
0x0B07	0x00E6      	MOVWF      _i
;LCD_Calc_Teclado.c,122 :: 		j=1;
0x0B08	0x3001      	MOVLW      1
0x0B09	0x00E7      	MOVWF      _j
;LCD_Calc_Teclado.c,124 :: 		operacion_:
___main_operacion_:
;LCD_Calc_Teclado.c,125 :: 		kp=0;
0x0B0A	0x01EF      	CLRF       _kp
;LCD_Calc_Teclado.c,126 :: 		Lcd_Cmd(_LCD_CLEAR);                     // Clear display
0x0B0B	0x3001      	MOVLW      1
0x0B0C	0x1703      	BSF        STATUS, 6
0x0B0D	0x00B0      	MOVWF      FARG_Lcd_Cmd_out_char
0x0B0E	0x118A      	BCF        PCLATH, 3
0x0B0F	0x20CC      	CALL       _Lcd_Cmd
0x0B10	0x158A      	BSF        PCLATH, 3
;LCD_Calc_Teclado.c,127 :: 		Lcd_Out(1, 1, "   Operacion?");
0x0B11	0x3001      	MOVLW      1
0x0B12	0x1703      	BSF        STATUS, 6
0x0B13	0x00A0      	MOVWF      FARG_Lcd_Out_row
0x0B14	0x3001      	MOVLW      1
0x0B15	0x00A1      	MOVWF      FARG_Lcd_Out_column
0x0B16	0x30A0      	MOVLW      ?lstr5_LCD_Calc_Teclado
0x0B17	0x00A2      	MOVWF      FARG_Lcd_Out_text
0x0B18	0x118A      	BCF        PCLATH, 3
0x0B19	0x2761      	CALL       _Lcd_Out
0x0B1A	0x158A      	BSF        PCLATH, 3
;LCD_Calc_Teclado.c,130 :: 		do kp = Keypad_Key_Click();             // Store key code in kp variable
L_main53:
0x0B1B	0x118A      	BCF        PCLATH, 3
0x0B1C	0x25E7      	CALL       _Keypad_Key_Click
0x0B1D	0x158A      	BSF        PCLATH, 3
0x0B1E	0x0870      	MOVF       R0, 0
0x0B1F	0x1283      	BCF        STATUS, 5
0x0B20	0x00EF      	MOVWF      _kp
;LCD_Calc_Teclado.c,131 :: 		while (!kp);
0x0B21	0x0870      	MOVF       R0, 0
0x0B22	0x1903      	BTFSC      STATUS, 2
0x0B23	0x2B1B      	GOTO       L_main53
;LCD_Calc_Teclado.c,133 :: 		switch (kp){
0x0B24	0x2B8C      	GOTO       L_main56
;LCD_Calc_Teclado.c,134 :: 		case  4: kp = '/'; Lcd_Chr(2, i, kp); efectuar(); break; // /
L_main58:
0x0B25	0x302F      	MOVLW      47
0x0B26	0x00EF      	MOVWF      _kp
0x0B27	0x3002      	MOVLW      2
0x0B28	0x1703      	BSF        STATUS, 6
0x0B29	0x00A0      	MOVWF      FARG_Lcd_Chr_row
0x0B2A	0x1303      	BCF        STATUS, 6
0x0B2B	0x0866      	MOVF       _i, 0
0x0B2C	0x1703      	BSF        STATUS, 6
0x0B2D	0x00A1      	MOVWF      FARG_Lcd_Chr_column
0x0B2E	0x302F      	MOVLW      47
0x0B2F	0x00A2      	MOVWF      FARG_Lcd_Chr_out_char
0x0B30	0x118A      	BCF        PCLATH, 3
0x0B31	0x2616      	CALL       _Lcd_Chr
0x0B32	0x158A      	BSF        PCLATH, 3
0x0B33	0x118A      	BCF        PCLATH, 3
0x0B34	0x264E      	CALL       _efectuar
0x0B35	0x158A      	BSF        PCLATH, 3
0x0B36	0x2B9D      	GOTO       L_main57
;LCD_Calc_Teclado.c,135 :: 		case  8: kp = 'x'; Lcd_Chr(2, i, kp); efectuar(); break; // x
L_main59:
0x0B37	0x3078      	MOVLW      120
0x0B38	0x1283      	BCF        STATUS, 5
0x0B39	0x1303      	BCF        STATUS, 6
0x0B3A	0x00EF      	MOVWF      _kp
0x0B3B	0x3002      	MOVLW      2
0x0B3C	0x1703      	BSF        STATUS, 6
0x0B3D	0x00A0      	MOVWF      FARG_Lcd_Chr_row
0x0B3E	0x1303      	BCF        STATUS, 6
0x0B3F	0x0866      	MOVF       _i, 0
0x0B40	0x1703      	BSF        STATUS, 6
0x0B41	0x00A1      	MOVWF      FARG_Lcd_Chr_column
0x0B42	0x3078      	MOVLW      120
0x0B43	0x00A2      	MOVWF      FARG_Lcd_Chr_out_char
0x0B44	0x118A      	BCF        PCLATH, 3
0x0B45	0x2616      	CALL       _Lcd_Chr
0x0B46	0x158A      	BSF        PCLATH, 3
0x0B47	0x118A      	BCF        PCLATH, 3
0x0B48	0x264E      	CALL       _efectuar
0x0B49	0x158A      	BSF        PCLATH, 3
0x0B4A	0x2B9D      	GOTO       L_main57
;LCD_Calc_Teclado.c,136 :: 		case 12: kp = '-'; Lcd_Chr(2, i, kp); efectuar(); break; // -
L_main60:
0x0B4B	0x302D      	MOVLW      45
0x0B4C	0x1283      	BCF        STATUS, 5
0x0B4D	0x1303      	BCF        STATUS, 6
0x0B4E	0x00EF      	MOVWF      _kp
0x0B4F	0x3002      	MOVLW      2
0x0B50	0x1703      	BSF        STATUS, 6
0x0B51	0x00A0      	MOVWF      FARG_Lcd_Chr_row
0x0B52	0x1303      	BCF        STATUS, 6
0x0B53	0x0866      	MOVF       _i, 0
0x0B54	0x1703      	BSF        STATUS, 6
0x0B55	0x00A1      	MOVWF      FARG_Lcd_Chr_column
0x0B56	0x302D      	MOVLW      45
0x0B57	0x00A2      	MOVWF      FARG_Lcd_Chr_out_char
0x0B58	0x118A      	BCF        PCLATH, 3
0x0B59	0x2616      	CALL       _Lcd_Chr
0x0B5A	0x158A      	BSF        PCLATH, 3
0x0B5B	0x118A      	BCF        PCLATH, 3
0x0B5C	0x264E      	CALL       _efectuar
0x0B5D	0x158A      	BSF        PCLATH, 3
0x0B5E	0x2B9D      	GOTO       L_main57
;LCD_Calc_Teclado.c,137 :: 		case 16: kp = '+'; Lcd_Chr(2, i, kp); efectuar(); break; // +
L_main61:
0x0B5F	0x302B      	MOVLW      43
0x0B60	0x1283      	BCF        STATUS, 5
0x0B61	0x1303      	BCF        STATUS, 6
0x0B62	0x00EF      	MOVWF      _kp
0x0B63	0x3002      	MOVLW      2
0x0B64	0x1703      	BSF        STATUS, 6
0x0B65	0x00A0      	MOVWF      FARG_Lcd_Chr_row
0x0B66	0x1303      	BCF        STATUS, 6
0x0B67	0x0866      	MOVF       _i, 0
0x0B68	0x1703      	BSF        STATUS, 6
0x0B69	0x00A1      	MOVWF      FARG_Lcd_Chr_column
0x0B6A	0x302B      	MOVLW      43
0x0B6B	0x00A2      	MOVWF      FARG_Lcd_Chr_out_char
0x0B6C	0x118A      	BCF        PCLATH, 3
0x0B6D	0x2616      	CALL       _Lcd_Chr
0x0B6E	0x158A      	BSF        PCLATH, 3
0x0B6F	0x118A      	BCF        PCLATH, 3
0x0B70	0x264E      	CALL       _efectuar
0x0B71	0x158A      	BSF        PCLATH, 3
0x0B72	0x2B9D      	GOTO       L_main57
;LCD_Calc_Teclado.c,138 :: 		default :
L_main62:
;LCD_Calc_Teclado.c,139 :: 		Lcd_Out(2, 1, "Escoja Operacion");
0x0B73	0x3002      	MOVLW      2
0x0B74	0x1283      	BCF        STATUS, 5
0x0B75	0x1703      	BSF        STATUS, 6
0x0B76	0x00A0      	MOVWF      FARG_Lcd_Out_row
0x0B77	0x3001      	MOVLW      1
0x0B78	0x00A1      	MOVWF      FARG_Lcd_Out_column
0x0B79	0x304B      	MOVLW      ?lstr6_LCD_Calc_Teclado
0x0B7A	0x00A2      	MOVWF      FARG_Lcd_Out_text
0x0B7B	0x118A      	BCF        PCLATH, 3
0x0B7C	0x2761      	CALL       _Lcd_Out
0x0B7D	0x158A      	BSF        PCLATH, 3
;LCD_Calc_Teclado.c,140 :: 		delay_ms(1000);
0x0B7E	0x301A      	MOVLW      26
0x0B7F	0x00FB      	MOVWF      R11
0x0B80	0x305E      	MOVLW      94
0x0B81	0x00FC      	MOVWF      R12
0x0B82	0x306E      	MOVLW      110
0x0B83	0x00FD      	MOVWF      R13
L_main63:
0x0B84	0x0BFD      	DECFSZ     R13, 1
0x0B85	0x2B84      	GOTO       L_main63
0x0B86	0x0BFC      	DECFSZ     R12, 1
0x0B87	0x2B84      	GOTO       L_main63
0x0B88	0x0BFB      	DECFSZ     R11, 1
0x0B89	0x2B84      	GOTO       L_main63
0x0B8A	0x0000      	NOP
;LCD_Calc_Teclado.c,141 :: 		goto operacion_;
0x0B8B	0x2B0A      	GOTO       ___main_operacion_
;LCD_Calc_Teclado.c,142 :: 		}
L_main56:
0x0B8C	0x086F      	MOVF       _kp, 0
0x0B8D	0x3A04      	XORLW      4
0x0B8E	0x1903      	BTFSC      STATUS, 2
0x0B8F	0x2B25      	GOTO       L_main58
0x0B90	0x086F      	MOVF       _kp, 0
0x0B91	0x3A08      	XORLW      8
0x0B92	0x1903      	BTFSC      STATUS, 2
0x0B93	0x2B37      	GOTO       L_main59
0x0B94	0x086F      	MOVF       _kp, 0
0x0B95	0x3A0C      	XORLW      12
0x0B96	0x1903      	BTFSC      STATUS, 2
0x0B97	0x2B4B      	GOTO       L_main60
0x0B98	0x086F      	MOVF       _kp, 0
0x0B99	0x3A10      	XORLW      16
0x0B9A	0x1903      	BTFSC      STATUS, 2
0x0B9B	0x2B5F      	GOTO       L_main61
0x0B9C	0x2B73      	GOTO       L_main62
L_main57:
;LCD_Calc_Teclado.c,143 :: 		delay_ms(300);
0x0B9D	0x3008      	MOVLW      8
0x0B9E	0x00FB      	MOVWF      R11
0x0B9F	0x309D      	MOVLW      157
0x0BA0	0x00FC      	MOVWF      R12
0x0BA1	0x3005      	MOVLW      5
0x0BA2	0x00FD      	MOVWF      R13
L_main64:
0x0BA3	0x1283      	BCF        STATUS, 5
0x0BA4	0x0BFD      	DECFSZ     R13, 1
0x0BA5	0x2BA3      	GOTO       L_main64
0x0BA6	0x0BFC      	DECFSZ     R12, 1
0x0BA7	0x2BA3      	GOTO       L_main64
0x0BA8	0x0BFB      	DECFSZ     R11, 1
0x0BA9	0x2BA3      	GOTO       L_main64
0x0BAA	0x0000      	NOP
0x0BAB	0x0000      	NOP
;LCD_Calc_Teclado.c,146 :: 		Lcd_Cmd(_LCD_CLEAR);                     // Clear display
0x0BAC	0x3001      	MOVLW      1
0x0BAD	0x1703      	BSF        STATUS, 6
0x0BAE	0x00B0      	MOVWF      FARG_Lcd_Cmd_out_char
0x0BAF	0x118A      	BCF        PCLATH, 3
0x0BB0	0x20CC      	CALL       _Lcd_Cmd
0x0BB1	0x158A      	BSF        PCLATH, 3
;LCD_Calc_Teclado.c,147 :: 		Lcd_Out(1, 1, "   Resultado:");
0x0BB2	0x3001      	MOVLW      1
0x0BB3	0x1703      	BSF        STATUS, 6
0x0BB4	0x00A0      	MOVWF      FARG_Lcd_Out_row
0x0BB5	0x3001      	MOVLW      1
0x0BB6	0x00A1      	MOVWF      FARG_Lcd_Out_column
0x0BB7	0x303D      	MOVLW      ?lstr7_LCD_Calc_Teclado
0x0BB8	0x00A2      	MOVWF      FARG_Lcd_Out_text
0x0BB9	0x118A      	BCF        PCLATH, 3
0x0BBA	0x2761      	CALL       _Lcd_Out
0x0BBB	0x158A      	BSF        PCLATH, 3
;LCD_Calc_Teclado.c,148 :: 		FloatToStr(resultado, txt);
0x0BBC	0x1683      	BSF        STATUS, 5
0x0BBD	0x084E      	MOVF       _resultado, 0
0x0BBE	0x1283      	BCF        STATUS, 5
0x0BBF	0x1703      	BSF        STATUS, 6
0x0BC0	0x00A0      	MOVWF      FARG_FloatToStr_fnum
0x0BC1	0x1683      	BSF        STATUS, 5
0x0BC2	0x1303      	BCF        STATUS, 6
0x0BC3	0x084F      	MOVF       _resultado+1, 0
0x0BC4	0x1283      	BCF        STATUS, 5
0x0BC5	0x1703      	BSF        STATUS, 6
0x0BC6	0x00A1      	MOVWF      FARG_FloatToStr_fnum+1
0x0BC7	0x1683      	BSF        STATUS, 5
0x0BC8	0x1303      	BCF        STATUS, 6
0x0BC9	0x0850      	MOVF       _resultado+2, 0
0x0BCA	0x1283      	BCF        STATUS, 5
0x0BCB	0x1703      	BSF        STATUS, 6
0x0BCC	0x00A2      	MOVWF      FARG_FloatToStr_fnum+2
0x0BCD	0x1683      	BSF        STATUS, 5
0x0BCE	0x1303      	BCF        STATUS, 6
0x0BCF	0x0851      	MOVF       _resultado+3, 0
0x0BD0	0x1283      	BCF        STATUS, 5
0x0BD1	0x1703      	BSF        STATUS, 6
0x0BD2	0x00A3      	MOVWF      FARG_FloatToStr_fnum+3
0x0BD3	0x30D2      	MOVLW      _txt
0x0BD4	0x00A4      	MOVWF      FARG_FloatToStr_str
0x0BD5	0x118A      	BCF        PCLATH, 3
0x0BD6	0x23C5      	CALL       _FloatToStr
0x0BD7	0x158A      	BSF        PCLATH, 3
;LCD_Calc_Teclado.c,149 :: 		Lcd_Out(2, 4, txt);
0x0BD8	0x3002      	MOVLW      2
0x0BD9	0x1283      	BCF        STATUS, 5
0x0BDA	0x1703      	BSF        STATUS, 6
0x0BDB	0x00A0      	MOVWF      FARG_Lcd_Out_row
0x0BDC	0x3004      	MOVLW      4
0x0BDD	0x00A1      	MOVWF      FARG_Lcd_Out_column
0x0BDE	0x30D2      	MOVLW      _txt
0x0BDF	0x00A2      	MOVWF      FARG_Lcd_Out_text
0x0BE0	0x118A      	BCF        PCLATH, 3
0x0BE1	0x2761      	CALL       _Lcd_Out
0x0BE2	0x158A      	BSF        PCLATH, 3
;LCD_Calc_Teclado.c,151 :: 		delay_ms(3000);
0x0BE3	0x304D      	MOVLW      77
0x0BE4	0x00FB      	MOVWF      R11
0x0BE5	0x3019      	MOVLW      25
0x0BE6	0x00FC      	MOVWF      R12
0x0BE7	0x304F      	MOVLW      79
0x0BE8	0x00FD      	MOVWF      R13
L_main65:
0x0BE9	0x0BFD      	DECFSZ     R13, 1
0x0BEA	0x2BE9      	GOTO       L_main65
0x0BEB	0x0BFC      	DECFSZ     R12, 1
0x0BEC	0x2BE9      	GOTO       L_main65
0x0BED	0x0BFB      	DECFSZ     R11, 1
0x0BEE	0x2BE9      	GOTO       L_main65
0x0BEF	0x0000      	NOP
0x0BF0	0x0000      	NOP
;LCD_Calc_Teclado.c,154 :: 		}
0x0BF1	0x2837      	GOTO       L_main7
;LCD_Calc_Teclado.c,155 :: 		}
0x0BF2	0x2BF2      	GOTO       $+0
; end of _main
0x0C14	0x3021      	MOVLW      33
0x0C15	0x0084      	MOVWF      FSR
0x0C16	0x3045      	MOVLW      69
0x0C17	0x1283      	BCF        STATUS, 5
0x0C18	0x1303      	BCF        STATUS, 6
0x0C19	0x00F0      	MOVWF      R0
0x0C1A	0x30AB      	MOVLW      171
0x0C1B	0x00ED      	MOVWF      ___DoICPAddr
0x0C1C	0x3007      	MOVLW      7
0x0C1D	0x00EE      	MOVWF      110
0x0C1E	0x118A      	BCF        PCLATH, 3
0x0C1F	0x26DC      	CALL       1756
0x0C20	0x158A      	BSF        PCLATH, 3
0x0C21	0x30A0      	MOVLW      160
0x0C22	0x0084      	MOVWF      FSR
0x0C23	0x300E      	MOVLW      14
0x0C24	0x00F0      	MOVWF      R0
0x0C25	0x30F0      	MOVLW      240
0x0C26	0x00ED      	MOVWF      ___DoICPAddr
0x0C27	0x3007      	MOVLW      7
0x0C28	0x00EE      	MOVWF      110
0x0C29	0x118A      	BCF        PCLATH, 3
0x0C2A	0x26DC      	CALL       1756
0x0C2B	0x158A      	BSF        PCLATH, 3
0x0C2C	0x3066      	MOVLW      102
0x0C2D	0x0084      	MOVWF      FSR
0x0C2E	0x3001      	MOVLW      1
0x0C2F	0x00F0      	MOVWF      R0
0x0C30	0x30FF      	MOVLW      255
0x0C31	0x00ED      	MOVWF      ___DoICPAddr
0x0C32	0x3007      	MOVLW      7
0x0C33	0x00EE      	MOVWF      110
0x0C34	0x118A      	BCF        PCLATH, 3
0x0C35	0x26DC      	CALL       1756
0x0C36	0x158A      	BSF        PCLATH, 3
0x0C37	0x30AE      	MOVLW      174
0x0C38	0x0084      	MOVWF      FSR
0x0C39	0x301C      	MOVLW      28
0x0C3A	0x00F0      	MOVWF      R0
0x0C3B	0x30F8      	MOVLW      248
0x0C3C	0x00ED      	MOVWF      ___DoICPAddr
0x0C3D	0x300B      	MOVLW      11
0x0C3E	0x00EE      	MOVWF      110
0x0C3F	0x118A      	BCF        PCLATH, 3
0x0C40	0x26DC      	CALL       1756
0x0C41	0x158A      	BSF        PCLATH, 3
0x0C42	0x3067      	MOVLW      103
0x0C43	0x0084      	MOVWF      FSR
0x0C44	0x3001      	MOVLW      1
0x0C45	0x00F0      	MOVWF      R0
0x0C46	0x30FE      	MOVLW      254
0x0C47	0x00ED      	MOVWF      ___DoICPAddr
0x0C48	0x3007      	MOVLW      7
0x0C49	0x00EE      	MOVWF      110
0x0C4A	0x118A      	BCF        PCLATH, 3
0x0C4B	0x26DC      	CALL       1756
0x0C4C	0x158A      	BSF        PCLATH, 3
0x0C4D	0x0008      	RETURN
;LCD_Calc_Teclado.c,0 :: ?ICS?lstr2_LCD_Calc_Teclado
0x07AB	0x3420 ;?ICS?lstr2_LCD_Calc_Teclado+0
0x07AC	0x3420 ;?ICS?lstr2_LCD_Calc_Teclado+1
0x07AD	0x3420 ;?ICS?lstr2_LCD_Calc_Teclado+2
0x07AE	0x3420 ;?ICS?lstr2_LCD_Calc_Teclado+3
0x07AF	0x3420 ;?ICS?lstr2_LCD_Calc_Teclado+4
0x07B0	0x3443 ;?ICS?lstr2_LCD_Calc_Teclado+5
0x07B1	0x342E ;?ICS?lstr2_LCD_Calc_Teclado+6
0x07B2	0x3441 ;?ICS?lstr2_LCD_Calc_Teclado+7
0x07B3	0x342E ;?ICS?lstr2_LCD_Calc_Teclado+8
0x07B4	0x3454 ;?ICS?lstr2_LCD_Calc_Teclado+9
0x07B5	0x342E ;?ICS?lstr2_LCD_Calc_Teclado+10
0x07B6	0x3441 ;?ICS?lstr2_LCD_Calc_Teclado+11
0x07B7	0x3400 ;?ICS?lstr2_LCD_Calc_Teclado+12
; end of ?ICS?lstr2_LCD_Calc_Teclado
;LCD_Calc_Teclado.c,0 :: ?ICS?lstr1_LCD_Calc_Teclado
0x07B8	0x3420 ;?ICS?lstr1_LCD_Calc_Teclado+0
0x07B9	0x3420 ;?ICS?lstr1_LCD_Calc_Teclado+1
0x07BA	0x3420 ;?ICS?lstr1_LCD_Calc_Teclado+2
0x07BB	0x3443 ;?ICS?lstr1_LCD_Calc_Teclado+3
0x07BC	0x3461 ;?ICS?lstr1_LCD_Calc_Teclado+4
0x07BD	0x346C ;?ICS?lstr1_LCD_Calc_Teclado+5
0x07BE	0x3463 ;?ICS?lstr1_LCD_Calc_Teclado+6
0x07BF	0x3475 ;?ICS?lstr1_LCD_Calc_Teclado+7
0x07C0	0x346C ;?ICS?lstr1_LCD_Calc_Teclado+8
0x07C1	0x3461 ;?ICS?lstr1_LCD_Calc_Teclado+9
0x07C2	0x3464 ;?ICS?lstr1_LCD_Calc_Teclado+10
0x07C3	0x346F ;?ICS?lstr1_LCD_Calc_Teclado+11
0x07C4	0x3472 ;?ICS?lstr1_LCD_Calc_Teclado+12
0x07C5	0x3461 ;?ICS?lstr1_LCD_Calc_Teclado+13
0x07C6	0x3400 ;?ICS?lstr1_LCD_Calc_Teclado+14
; end of ?ICS?lstr1_LCD_Calc_Teclado
;LCD_Calc_Teclado.c,0 :: ?ICS?lstr7_LCD_Calc_Teclado
0x07C7	0x3420 ;?ICS?lstr7_LCD_Calc_Teclado+0
0x07C8	0x3420 ;?ICS?lstr7_LCD_Calc_Teclado+1
0x07C9	0x3420 ;?ICS?lstr7_LCD_Calc_Teclado+2
0x07CA	0x3452 ;?ICS?lstr7_LCD_Calc_Teclado+3
0x07CB	0x3465 ;?ICS?lstr7_LCD_Calc_Teclado+4
0x07CC	0x3473 ;?ICS?lstr7_LCD_Calc_Teclado+5
0x07CD	0x3475 ;?ICS?lstr7_LCD_Calc_Teclado+6
0x07CE	0x346C ;?ICS?lstr7_LCD_Calc_Teclado+7
0x07CF	0x3474 ;?ICS?lstr7_LCD_Calc_Teclado+8
0x07D0	0x3461 ;?ICS?lstr7_LCD_Calc_Teclado+9
0x07D1	0x3464 ;?ICS?lstr7_LCD_Calc_Teclado+10
0x07D2	0x346F ;?ICS?lstr7_LCD_Calc_Teclado+11
0x07D3	0x343A ;?ICS?lstr7_LCD_Calc_Teclado+12
0x07D4	0x3400 ;?ICS?lstr7_LCD_Calc_Teclado+13
; end of ?ICS?lstr7_LCD_Calc_Teclado
;LCD_Calc_Teclado.c,0 :: ?ICS?lstr6_LCD_Calc_Teclado
0x07D5	0x3445 ;?ICS?lstr6_LCD_Calc_Teclado+0
0x07D6	0x3473 ;?ICS?lstr6_LCD_Calc_Teclado+1
0x07D7	0x3463 ;?ICS?lstr6_LCD_Calc_Teclado+2
0x07D8	0x346F ;?ICS?lstr6_LCD_Calc_Teclado+3
0x07D9	0x346A ;?ICS?lstr6_LCD_Calc_Teclado+4
0x07DA	0x3461 ;?ICS?lstr6_LCD_Calc_Teclado+5
0x07DB	0x3420 ;?ICS?lstr6_LCD_Calc_Teclado+6
0x07DC	0x344F ;?ICS?lstr6_LCD_Calc_Teclado+7
0x07DD	0x3470 ;?ICS?lstr6_LCD_Calc_Teclado+8
0x07DE	0x3465 ;?ICS?lstr6_LCD_Calc_Teclado+9
0x07DF	0x3472 ;?ICS?lstr6_LCD_Calc_Teclado+10
0x07E0	0x3461 ;?ICS?lstr6_LCD_Calc_Teclado+11
0x07E1	0x3463 ;?ICS?lstr6_LCD_Calc_Teclado+12
0x07E2	0x3469 ;?ICS?lstr6_LCD_Calc_Teclado+13
0x07E3	0x346F ;?ICS?lstr6_LCD_Calc_Teclado+14
0x07E4	0x346E ;?ICS?lstr6_LCD_Calc_Teclado+15
0x07E5	0x3400 ;?ICS?lstr6_LCD_Calc_Teclado+16
; end of ?ICS?lstr6_LCD_Calc_Teclado
;__Lib_Conversions.c,0 :: ?ICS?lstr5___Lib_Conversions
0x07E6	0x3449 ;?ICS?lstr5___Lib_Conversions+0
0x07E7	0x344E ;?ICS?lstr5___Lib_Conversions+1
0x07E8	0x3446 ;?ICS?lstr5___Lib_Conversions+2
0x07E9	0x3400 ;?ICS?lstr5___Lib_Conversions+3
; end of ?ICS?lstr5___Lib_Conversions
;__Lib_Conversions.c,0 :: ?ICS?lstr4___Lib_Conversions
0x07EA	0x3430 ;?ICS?lstr4___Lib_Conversions+0
0x07EB	0x3400 ;?ICS?lstr4___Lib_Conversions+1
; end of ?ICS?lstr4___Lib_Conversions
;__Lib_Conversions.c,0 :: ?ICS?lstr3___Lib_Conversions
0x07EC	0x344E ;?ICS?lstr3___Lib_Conversions+0
0x07ED	0x3461 ;?ICS?lstr3___Lib_Conversions+1
0x07EE	0x344E ;?ICS?lstr3___Lib_Conversions+2
0x07EF	0x3400 ;?ICS?lstr3___Lib_Conversions+3
; end of ?ICS?lstr3___Lib_Conversions
;LCD_Calc_Teclado.c,0 :: ?ICS?lstr5_LCD_Calc_Teclado
0x07F0	0x3420 ;?ICS?lstr5_LCD_Calc_Teclado+0
0x07F1	0x3420 ;?ICS?lstr5_LCD_Calc_Teclado+1
0x07F2	0x3420 ;?ICS?lstr5_LCD_Calc_Teclado+2
0x07F3	0x344F ;?ICS?lstr5_LCD_Calc_Teclado+3
0x07F4	0x3470 ;?ICS?lstr5_LCD_Calc_Teclado+4
0x07F5	0x3465 ;?ICS?lstr5_LCD_Calc_Teclado+5
0x07F6	0x3472 ;?ICS?lstr5_LCD_Calc_Teclado+6
0x07F7	0x3461 ;?ICS?lstr5_LCD_Calc_Teclado+7
0x07F8	0x3463 ;?ICS?lstr5_LCD_Calc_Teclado+8
0x07F9	0x3469 ;?ICS?lstr5_LCD_Calc_Teclado+9
0x07FA	0x346F ;?ICS?lstr5_LCD_Calc_Teclado+10
0x07FB	0x346E ;?ICS?lstr5_LCD_Calc_Teclado+11
0x07FC	0x343F ;?ICS?lstr5_LCD_Calc_Teclado+12
0x07FD	0x3400 ;?ICS?lstr5_LCD_Calc_Teclado+13
; end of ?ICS?lstr5_LCD_Calc_Teclado
;LCD_Calc_Teclado.c,0 :: ?ICS_j
0x07FE	0x3401 ;?ICS_j+0
; end of ?ICS_j
;LCD_Calc_Teclado.c,0 :: ?ICS_i
0x07FF	0x3408 ;?ICS_i+0
; end of ?ICS_i
;LCD_Calc_Teclado.c,0 :: ?ICS?lstr3_LCD_Calc_Teclado
0x0BF8	0x3420 ;?ICS?lstr3_LCD_Calc_Teclado+0
0x0BF9	0x3420 ;?ICS?lstr3_LCD_Calc_Teclado+1
0x0BFA	0x3420 ;?ICS?lstr3_LCD_Calc_Teclado+2
0x0BFB	0x3420 ;?ICS?lstr3_LCD_Calc_Teclado+3
0x0BFC	0x3450 ;?ICS?lstr3_LCD_Calc_Teclado+4
0x0BFD	0x3472 ;?ICS?lstr3_LCD_Calc_Teclado+5
0x0BFE	0x3469 ;?ICS?lstr3_LCD_Calc_Teclado+6
0x0BFF	0x346D ;?ICS?lstr3_LCD_Calc_Teclado+7
0x0C00	0x3465 ;?ICS?lstr3_LCD_Calc_Teclado+8
0x0C01	0x3472 ;?ICS?lstr3_LCD_Calc_Teclado+9
0x0C02	0x3420 ;?ICS?lstr3_LCD_Calc_Teclado+10
0x0C03	0x3423 ;?ICS?lstr3_LCD_Calc_Teclado+11
0x0C04	0x343F ;?ICS?lstr3_LCD_Calc_Teclado+12
0x0C05	0x3400 ;?ICS?lstr3_LCD_Calc_Teclado+13
; end of ?ICS?lstr3_LCD_Calc_Teclado
;LCD_Calc_Teclado.c,0 :: ?ICS?lstr4_LCD_Calc_Teclado
0x0C06	0x3420 ;?ICS?lstr4_LCD_Calc_Teclado+0
0x0C07	0x3420 ;?ICS?lstr4_LCD_Calc_Teclado+1
0x0C08	0x3420 ;?ICS?lstr4_LCD_Calc_Teclado+2
0x0C09	0x3453 ;?ICS?lstr4_LCD_Calc_Teclado+3
0x0C0A	0x3465 ;?ICS?lstr4_LCD_Calc_Teclado+4
0x0C0B	0x3467 ;?ICS?lstr4_LCD_Calc_Teclado+5
0x0C0C	0x3475 ;?ICS?lstr4_LCD_Calc_Teclado+6
0x0C0D	0x346E ;?ICS?lstr4_LCD_Calc_Teclado+7
0x0C0E	0x3464 ;?ICS?lstr4_LCD_Calc_Teclado+8
0x0C0F	0x346F ;?ICS?lstr4_LCD_Calc_Teclado+9
0x0C10	0x3420 ;?ICS?lstr4_LCD_Calc_Teclado+10
0x0C11	0x3423 ;?ICS?lstr4_LCD_Calc_Teclado+11
0x0C12	0x343F ;?ICS?lstr4_LCD_Calc_Teclado+12
0x0C13	0x3400 ;?ICS?lstr4_LCD_Calc_Teclado+13
; end of ?ICS?lstr4_LCD_Calc_Teclado
Symbol List:
//** Routines locations **
//ADDRESS    SIZE    PROCEDURE
//----------------------------------------------
0x0003      [12]    _SETFUN32
0x000F       [4]    _FIXSIGN32
0x0013      [12]    _SETFOV32
0x001F       [7]    _RES032
0x0026       [6]    _Delay_1us
0x002C       [7]    _Delay_50us
0x0033      [13]    _Delay_5500us
0x0040      [47]    _NRM3232
0x006F      [90]    _NRM4032
0x00C9       [3]    _SETFDZ32
0x00CC      [67]    _Lcd_Cmd
0x010F     [160]    _Add_32x32_FP
0x01AF      [51]    _Keypad_Key_Press
0x01E2       [8]    _Delay_10us
0x01EA       [9]    _Lcd_Chr_CP
0x01F3      [27]    _strcpy
0x020E      [80]    _Compare_Double
0x025E      [17]    _Div_8x8_U
0x026F       [7]    _____DoICP
0x0276       [6]    _Sub_32x32_FP
0x027C     [183]    _Div_32x32_FP
0x0333      [97]    _Mul_32x32_FP
0x0394      [49]    _Mul_8x8_S
0x03C5     [546]    _FloatToStr
0x05E7      [17]    _Keypad_Key_Click
0x05F8      [30]    _Int2Double
0x0616      [56]    _Lcd_Chr
0x064E     [137]    _efectuar
0x06D7       [5]    _Keypad_Init
0x06DC      [12]    ___CC2DW
0x06E8      [78]    _Lcd_Init
0x0736      [43]    _Mul_16x16_U
0x0761      [74]    _Lcd_Out
0x0800    [1010]    _main
//** Variables locations ** 
//ADDRESS    SIZE    VARIABLE
//----------------------------------------------
0x0000       [1]    INDF
0x0001       [1]    TMR0
0x0002       [1]    PCL
0x0003       [0]    RP1_bit
0x0003       [0]    IRP_bit
0x0003       [1]    STATUS
0x0003       [0]    C_bit
0x0003       [0]    RP0_bit
0x0003       [0]    NOT_TO_bit
0x0003       [0]    DC_bit
0x0003       [0]    Z_bit
0x0003       [0]    NOT_PD_bit
0x0004       [1]    FSRPTR
0x0004       [1]    FSR
0x0005       [0]    RA4_bit
0x0005       [0]    RA6_bit
0x0005       [0]    RA5_bit
0x0005       [0]    RA0_bit
0x0005       [0]    RA7_bit
0x0005       [1]    PORTA
0x0005       [0]    RA3_bit
0x0005       [0]    RA2_bit
0x0005       [0]    RA1_bit
0x0006       [0]    RB2_bit
0x0006       [0]    RB1_bit
0x0006       [0]    LCD_D5
0x0006       [0]    RB3_bit
0x0006       [0]    LCD_D7
0x0006       [1]    PORTB
0x0006       [0]    RB0_bit
0x0006       [0]    LCD_D6
0x0006       [0]    RB7_bit
0x0006       [0]    LCD_EN
0x0006       [0]    LCD_RS
0x0006       [0]    RB6_bit
0x0006       [0]    LCD_D4
0x0006       [0]    RB4_bit
0x0006       [0]    RB5_bit
0x0007       [0]    RC3_bit
0x0007       [0]    RC4_bit
0x0007       [0]    RC5_bit
0x0007       [0]    RC2_bit
0x0007       [1]    keypadPort
0x0007       [0]    RC0_bit
0x0007       [0]    RC1_bit
0x0007       [1]    PORTC
0x0007       [0]    RC7_bit
0x0007       [0]    RC6_bit
0x0009       [1]    PORTE
0x0009       [0]    RE3_bit
0x000A       [1]    PCLATH
0x000B       [0]    RBIE_bit
0x000B       [0]    INTF_bit
0x000B       [0]    PEIE_bit
0x000B       [0]    INTE_bit
0x000B       [0]    RBIF_bit
0x000B       [0]    TMR0IE_bit
0x000B       [0]    GIE_bit
0x000B       [1]    INTCON
0x000B       [0]    T0IE_bit
0x000B       [0]    T0IF_bit
0x000B       [0]    TMR0IF_bit
0x000C       [0]    SSPIF_bit
0x000C       [1]    PIR1
0x000C       [0]    ADIF_bit
0x000C       [0]    RCIF_bit
0x000C       [0]    TXIF_bit
0x000C       [0]    TMR2IF_bit
0x000C       [0]    TMR1IF_bit
0x000C       [0]    CCP1IF_bit
0x000D       [1]    PIR2
0x000D       [0]    OSFIF_bit
0x000D       [0]    C2IF_bit
0x000D       [0]    C1IF_bit
0x000D       [0]    ULPWUIF_bit
0x000D       [0]    CCP2IF_bit
0x000D       [0]    EEIF_bit
0x000D       [0]    BCLIF_bit
0x000E       [1]    TMR1L
0x000F       [1]    TMR1H
0x0010       [0]    NOT_T1SYNC_bit
0x0010       [0]    TMR1ON_bit
0x0010       [0]    TMR1GE_bit
0x0010       [0]    T1CKPS1_bit
0x0010       [0]    T1CKPS0_bit
0x0010       [0]    T1GINV_bit
0x0010       [0]    T1OSCEN_bit
0x0010       [1]    T1CON
0x0010       [0]    T1INSYNC_bit
0x0010       [0]    TMR1CS_bit
0x0010       [0]    T1SYNC_bit
0x0011       [1]    TMR2
0x0012       [0]    TOUTPS2_bit
0x0012       [0]    TOUTPS3_bit
0x0012       [0]    TOUTPS1_bit
0x0012       [0]    T2CKPS1_bit
0x0012       [0]    T2CKPS0_bit
0x0012       [0]    TOUTPS0_bit
0x0012       [0]    TMR2ON_bit
0x0012       [1]    T2CON
0x0013       [1]    SSPBUF
0x0014       [0]    SSPOV_bit
0x0014       [0]    SSPM2_bit
0x0014       [0]    SSPEN_bit
0x0014       [0]    SSPM1_bit
0x0014       [0]    WCOL_bit
0x0014       [0]    SSPM3_bit
0x0014       [1]    SSPCON
0x0014       [0]    CKP_bit
0x0014       [0]    SSPM0_bit
0x0015       [1]    CCPR1L
0x0015       [2]    CCPR1
0x0016       [1]    CCPR1H
0x0017       [0]    CCP1X_bit
0x0017       [0]    CCP1M2_bit
0x0017       [0]    P1M1_bit
0x0017       [0]    CCP1M3_bit
0x0017       [0]    CCP1Y_bit
0x0017       [0]    DC1B0_bit
0x0017       [0]    CCP1M0_bit
0x0017       [0]    DC1B1_bit
0x0017       [0]    P1M0_bit
0x0017       [1]    CCP1CON
0x0017       [0]    CCP1M1_bit
0x0018       [0]    RC8_9_bit
0x0018       [0]    NOT_RC8_bit
0x0018       [0]    SREN_bit
0x0018       [0]    ADDEN_bit
0x0018       [0]    SPEN_bit
0x0018       [0]    RX9_bit
0x0018       [0]    FERR_bit
0x0018       [0]    RCD8_bit
0x0018       [0]    CREN_bit
0x0018       [0]    OERR_bit
0x0018       [0]    RC9_bit
0x0018       [1]    RCSTA
0x0018       [0]    RX9D_bit
0x0019       [1]    TXREG
0x001A       [1]    RCREG
0x001B       [2]    CCPR2
0x001B       [1]    CCPR2L
0x001C       [1]    CCPR2H
0x001D       [0]    CCP2Y_bit
0x001D       [0]    DC2B0_bit
0x001D       [0]    CCP2M0_bit
0x001D       [0]    CCP2M1_bit
0x001D       [0]    CCP2X_bit
0x001D       [0]    CCP2M3_bit
0x001D       [0]    DC2B1_bit
0x001D       [1]    CCP2CON
0x001D       [0]    CCP2M2_bit
0x001E       [1]    ADRESH
0x001F       [0]    ADCS0_bit
0x001F       [0]    ADON_bit
0x001F       [0]    GO_DONE_bit
0x001F       [0]    NOT_DONE_bit
0x001F       [0]    CHS2_bit
0x001F       [0]    CHS1_bit
0x001F       [1]    ADCON0
0x001F       [0]    ADCS1_bit
0x001F       [0]    CHS3_bit
0x001F       [0]    GO_bit
0x001F       [0]    CHS0_bit
0x0020       [1]    __math_tempbD
0x0021      [13]    ?lstr2_LCD_Calc_Teclado
0x002E      [15]    ?lstr1_LCD_Calc_Teclado
0x003D      [14]    ?lstr7_LCD_Calc_Teclado
0x004B      [17]    ?lstr6_LCD_Calc_Teclado
0x005C       [4]    ?lstr5___Lib_Conversions
0x0060       [2]    ?lstr4___Lib_Conversions
0x0062       [4]    ?lstr3___Lib_Conversions
0x0066       [1]    _i
0x0067       [1]    _j
0x0068       [0]    __Lib_Lcd_cmd_status
0x0069       [4]    _variable2
0x006D       [2]    ___DoICPAddr
0x006F       [1]    _kp
0x0070       [1]    R0
0x0071       [1]    R1
0x0072       [1]    R2
0x0073       [1]    R3
0x0074       [1]    R4
0x0075       [1]    R5
0x0076       [1]    R6
0x0077       [1]    R7
0x0078       [1]    R8
0x0079       [1]    R9
0x007A       [1]    R10
0x007B       [1]    R11
0x007C       [1]    R12
0x007D       [1]    R13
0x007E       [1]    R14
0x007F       [1]    R15
0x0081       [0]    PS0_bit
0x0081       [0]    NOT_RBPU_bit
0x0081       [0]    PSA_bit
0x0081       [0]    T0SE_bit
0x0081       [0]    T0CS_bit
0x0081       [0]    INTEDG_bit
0x0081       [0]    PS2_bit
0x0081       [0]    PS1_bit
0x0081       [1]    OPTION_REG
0x0085       [0]    TRISA4_bit
0x0085       [0]    TRISA3_bit
0x0085       [0]    TRISA5_bit
0x0085       [0]    TRISA7_bit
0x0085       [0]    TRISA6_bit
0x0085       [0]    TRISA0_bit
0x0085       [1]    TRISA
0x0085       [0]    TRISA2_bit
0x0085       [0]    TRISA1_bit
0x0086       [1]    TRISB
0x0086       [0]    LCD_D5_Direction
0x0086       [0]    LCD_D6_Direction
0x0086       [0]    LCD_D7_Direction
0x0086       [0]    TRISB6_bit
0x0086       [0]    LCD_RS_Direction
0x0086       [0]    LCD_EN_Direction
0x0086       [0]    TRISB7_bit
0x0086       [0]    TRISB1_bit
0x0086       [0]    TRISB2_bit
0x0086       [0]    TRISB3_bit
0x0086       [0]    TRISB0_bit
0x0086       [0]    TRISB5_bit
0x0086       [0]    TRISB4_bit
0x0086       [0]    LCD_D4_Direction
0x0087       [0]    TRISC1_bit
0x0087       [0]    TRISC2_bit
0x0087       [1]    TRISC
0x0087       [0]    TRISC0_bit
0x0087       [0]    TRISC3_bit
0x0087       [0]    TRISC6_bit
0x0087       [0]    TRISC7_bit
0x0087       [0]    TRISC4_bit
0x0087       [0]    TRISC5_bit
0x0089       [1]    TRISE
0x0089       [0]    TRISE3_bit
0x008C       [0]    TMR1IE_bit
0x008C       [0]    SSPIE_bit
0x008C       [0]    CCP1IE_bit
0x008C       [0]    TMR2IE_bit
0x008C       [0]    ADIE_bit
0x008C       [1]    PIE1
0x008C       [0]    RCIE_bit
0x008C       [0]    TXIE_bit
0x008D       [0]    BCLIE_bit
0x008D       [0]    C2IE_bit
0x008D       [0]    EEIE_bit
0x008D       [0]    C1IE_bit
0x008D       [0]    OSFIE_bit
0x008D       [1]    PIE2
0x008D       [0]    ULPWUIE_bit
0x008D       [0]    CCP2IE_bit
0x008E       [0]    NOT_BO_bit
0x008E       [0]    NOT_BOR_bit
0x008E       [0]    NOT_POR_bit
0x008E       [0]    ULPWUE_bit
0x008E       [0]    SBOREN_bit
0x008E       [1]    PCON
0x008F       [0]    HTS_bit
0x008F       [0]    SCS_bit
0x008F       [1]    OSCCON
0x008F       [0]    OSTS_bit
0x008F       [0]    IRCF1_bit
0x008F       [0]    IRCF2_bit
0x008F       [0]    LTS_bit
0x008F       [0]    IRCF0_bit
0x0090       [0]    TUN2_bit
0x0090       [0]    TUN3_bit
0x0090       [0]    TUN4_bit
0x0090       [0]    TUN1_bit
0x0090       [1]    OSCTUNE
0x0090       [0]    TUN0_bit
0x0091       [1]    SSPCON2
0x0091       [0]    ACKEN_bit
0x0091       [0]    RCEN_bit
0x0091       [0]    PEN_bit
0x0091       [0]    GCEN_bit
0x0091       [0]    ACKSTAT_bit
0x0091       [0]    ACKDT_bit
0x0091       [0]    RSEN_bit
0x0091       [0]    SEN_bit
0x0092       [1]    PR2
0x0093       [0]    MSK1_bit
0x0093       [0]    MSK0_bit
0x0093       [0]    MSK3_bit
0x0093       [0]    MSK2_bit
0x0093       [0]    MSK7_bit
0x0093       [0]    MSK6_bit
0x0093       [0]    MSK5_bit
0x0093       [0]    MSK4_bit
0x0093       [1]    SSPADD
0x0093       [1]    SSPMSK
0x0093       [1]    MSK
0x0094       [0]    DATA_ADDRESS_bit
0x0094       [0]    D_A_bit
0x0094       [0]    P_bit
0x0094       [0]    S_bit
0x0094       [0]    I2C_STOP__bit
0x0094       [0]    NOT_ADDRESS_bit
0x0094       [0]    CKE_bit
0x0094       [0]    SMP_bit
0x0094       [0]    D_bit
0x0094       [0]    NOT_A_bit
0x0094       [0]    I2C_DATA_bit
0x0094       [0]    READ_WRITE_bit
0x0094       [0]    R_W_bit
0x0094       [0]    UA_bit
0x0094       [1]    SSPSTAT
0x0094       [0]    BF_bit
0x0094       [0]    R_bit
0x0094       [0]    I2C_START__bit
0x0094       [0]    I2C_READ_bit
0x0094       [0]    NOT_WRITE_bit
0x0094       [0]    NOT_W_bit
0x0095       [1]    WPUB
0x0095       [0]    WPUB2_bit
0x0095       [0]    WPUB3_bit
0x0095       [0]    WPUB0_bit
0x0095       [0]    WPUB1_bit
0x0095       [0]    WPUB4_bit
0x0095       [0]    WPUB7_bit
0x0095       [0]    WPUB6_bit
0x0095       [0]    WPUB5_bit
0x0096       [0]    IOCB6_bit
0x0096       [0]    IOCB5_bit
0x0096       [1]    IOCB
0x0096       [0]    IOCB7_bit
0x0096       [0]    IOCB4_bit
0x0096       [0]    IOCB1_bit
0x0096       [0]    IOCB0_bit
0x0096       [0]    IOCB3_bit
0x0096       [0]    IOCB2_bit
0x0097       [0]    VR1_bit
0x0097       [0]    VR2_bit
0x0097       [1]    VRCON
0x0097       [0]    VR0_bit
0x0097       [0]    VR3_bit
0x0097       [0]    VROE_bit
0x0097       [0]    VREN_bit
0x0097       [0]    VRSS_bit
0x0097       [0]    VRR_bit
0x0098       [1]    TXSTA
0x0098       [0]    BRGH_bit
0x0098       [0]    SENDB_bit
0x0098       [0]    SYNC_bit
0x0098       [0]    TXD8_bit
0x0098       [0]    TX9D_bit
0x0098       [0]    TRMT_bit
0x0098       [0]    TX9_bit
0x0098       [0]    CSRC_bit
0x0098       [0]    NOT_TX8_bit
0x0098       [0]    TXEN_bit
0x0098       [0]    TX8_9_bit
0x0099       [0]    BRG2_bit
0x0099       [0]    BRG3_bit
0x0099       [0]    BRG0_bit
0x0099       [0]    BRG1_bit
0x0099       [0]    BRG4_bit
0x0099       [0]    BRG7_bit
0x0099       [1]    SPBRG
0x0099       [0]    BRG5_bit
0x0099       [0]    BRG6_bit
0x009A       [0]    BRG13_bit
0x009A       [0]    BRG12_bit
0x009A       [0]    BRG15_bit
0x009A       [0]    BRG14_bit
0x009A       [0]    BRG11_bit
0x009A       [0]    BRG8_bit
0x009A       [1]    SPBRGH
0x009A       [0]    BRG10_bit
0x009A       [0]    BRG9_bit
0x009B       [0]    PDC1_bit
0x009B       [0]    PDC2_bit
0x009B       [1]    PWM1CON
0x009B       [0]    PDC0_bit
0x009B       [0]    PDC6_bit
0x009B       [0]    PRSEN_bit
0x009B       [0]    PDC5_bit
0x009B       [0]    PDC3_bit
0x009B       [0]    PDC4_bit
0x009C       [0]    PSSBD1_bit
0x009C       [0]    PSSBD0_bit
0x009C       [1]    ECCPAS
0x009C       [0]    PSSAC0_bit
0x009C       [0]    ECCPAS2_bit
0x009C       [0]    ECCPASE_bit
0x009C       [0]    ECCPAS1_bit
0x009C       [0]    PSSAC1_bit
0x009C       [0]    ECCPAS0_bit
0x009D       [1]    PSTRCON
0x009D       [0]    STRC_bit
0x009D       [0]    STRB_bit
0x009D       [0]    STRA_bit
0x009D       [0]    STRSYNC_bit
0x009D       [0]    STRD_bit
0x009E       [1]    ADRESL
0x009F       [0]    ADFM_bit
0x009F       [0]    VCFG0_bit
0x009F       [0]    VCFG1_bit
0x009F       [1]    ADCON1
0x00A0      [14]    ?lstr5_LCD_Calc_Teclado
0x00AE      [14]    ?lstr3_LCD_Calc_Teclado
0x00BC      [14]    ?lstr4_LCD_Calc_Teclado
0x00CA       [4]    _variable1
0x00CE       [4]    _resultado
0x00D2      [15]    _txt
0x00E1       [1]    _oldstate
0x00E2      [10]    _numero
0x00EC       [2]    FLOC__main
0x00EE       [1]    Keypad_Key_Click_rslt_L0
0x00EE       [1]    Lcd_Out_i_L0
0x00EE       [1]    FloatToStr_i_L0
0x00EF       [1]    FloatToStr_d_L0
0x0105       [0]    WDTPS1_bit
0x0105       [0]    WDTPS0_bit
0x0105       [0]    SWDTEN_bit
0x0105       [1]    WDTCON
0x0105       [0]    WDTPS3_bit
0x0105       [0]    WDTPS2_bit
0x0107       [0]    C1OE_bit
0x0107       [0]    C1ON_bit
0x0107       [0]    C1OUT_bit
0x0107       [1]    CM1CON0
0x0107       [0]    C1POL_bit
0x0107       [0]    C1CH0_bit
0x0107       [0]    C1CH1_bit
0x0107       [0]    C1R_bit
0x0108       [0]    C2OUT_bit
0x0108       [0]    C2OE_bit
0x0108       [1]    CM2CON0
0x0108       [0]    C2ON_bit
0x0108       [0]    C2CH1_bit
0x0108       [0]    C2CH0_bit
0x0108       [0]    C2POL_bit
0x0108       [0]    C2R_bit
0x0109       [0]    T1GSS_bit
0x0109       [0]    C2SYNC_bit
0x0109       [1]    CM2CON1
0x0109       [0]    C2RSEL_bit
0x0109       [0]    MC1OUT_bit
0x0109       [0]    MC2OUT_bit
0x0109       [0]    C1RSEL_bit
0x010C       [1]    EEDAT
0x010C       [1]    EEDATA
0x010D       [1]    EEADR
0x010E       [1]    EEDATH
0x010F       [1]    EEADRH
0x0120       [4]    FARG_FloatToStr_fnum
0x0120       [1]    FARG_Lcd_Out_row
0x0120       [1]    FARG_Lcd_Chr_row
0x0121       [1]    FARG_Lcd_Out_column
0x0121       [1]    FARG_Lcd_Chr_column
0x0122       [1]    FARG_Lcd_Out_text
0x0122       [1]    FARG_Lcd_Chr_out_char
0x0124       [1]    FARG_FloatToStr_str
0x0125       [4]    FloatToStr_un_L0
0x0129       [1]    FloatToStr_bpoint_L0
0x012A       [1]    FloatToStr_dexpon_L0
0x012B       [1]    FARG_strcpy_to
0x012B       [1]    Keypad_Key_Press_rslt_L0
0x012B       [1]    FARG_Lcd_Chr_CP_out_char
0x012C       [1]    FARG_strcpy_from
0x012C       [1]    Keypad_Key_Press_kdata_L0
0x012D       [1]    Keypad_Key_Press_loc_L0
0x012E       [1]    Keypad_Key_Press_rowcnt_L0
0x012F       [1]    Keypad_Key_Press_shifter_L0
0x0130       [1]    FARG_Lcd_Cmd_out_char
0x0185       [0]    C2REN_bit
0x0185       [0]    C1SEN_bit
0x0185       [0]    PULSS_bit
0x0185       [0]    FVREN_bit
0x0185       [0]    PULSR_bit
0x0185       [0]    SR0_bit
0x0185       [1]    SRCON
0x0185       [0]    SR1_bit
0x0187       [0]    SCKP_bit
0x0187       [0]    ABDEN_bit
0x0187       [0]    BRG16_bit
0x0187       [0]    WUE_bit
0x0187       [0]    RCIDL_bit
0x0187       [1]    BAUDCTL
0x0187       [0]    ABDOVF_bit
0x0188       [0]    ANS2_bit
0x0188       [0]    ANS0_bit
0x0188       [0]    ANS1_bit
0x0188       [0]    ANS3_bit
0x0188       [1]    ANSEL
0x0188       [0]    ANS4_bit
0x0189       [0]    ANS10_bit
0x0189       [0]    ANS9_bit
0x0189       [0]    ANS8_bit
0x0189       [0]    ANS11_bit
0x0189       [1]    ANSELH
0x0189       [0]    ANS13_bit
0x0189       [0]    ANS12_bit
0x018C       [0]    EEPGD_bit
0x018C       [0]    WR_bit
0x018C       [0]    RD_bit
0x018C       [0]    WRERR_bit
0x018C       [0]    WREN_bit
0x018C       [1]    EECON1
0x018D       [1]    EECON2
//** Constants locations ** 
//ADDRESS    SIZE    CONSTANT
//----------------------------------------------
0x07AB      [13]    ?ICS?lstr2_LCD_Calc_Teclado
0x07B8      [15]    ?ICS?lstr1_LCD_Calc_Teclado
0x07C7      [14]    ?ICS?lstr7_LCD_Calc_Teclado
0x07D5      [17]    ?ICS?lstr6_LCD_Calc_Teclado
0x07E6       [4]    ?ICS?lstr5___Lib_Conversions
0x07EA       [2]    ?ICS?lstr4___Lib_Conversions
0x07EC       [4]    ?ICS?lstr3___Lib_Conversions
0x07F0      [14]    ?ICS?lstr5_LCD_Calc_Teclado
0x07FE       [1]    ?ICS_j
0x07FF       [1]    ?ICS_i
0x0BF8      [14]    ?ICS?lstr3_LCD_Calc_Teclado
0x0C06      [14]    ?ICS?lstr4_LCD_Calc_Teclado
//** Label List: ** 
//----------------------------------------------
  L_efectuar0
  L_efectuar1
  L_efectuar2
  L_efectuar3
  L_efectuar4
  L_efectuar5
  L_main6
  L_main7
  L_main8
  ___main_Numero1
  L_main9
  L_main10
  L_main11
  L_main12
  L_main13
  L_main14
  L_main15
  L_main16
  L_main17
  L_main18
  L_main19
  L_main20
  L_main21
  L_main22
  L_main23
  L_main24
  L_main25
  L_main26
  L_main27
  L_main28
  L_main29
  L_main30
  ___main_Numero2
  L_main31
  L_main32
  L_main33
  L_main34
  L_main35
  L_main36
  L_main37
  L_main38
  L_main39
  L_main40
  L_main41
  L_main42
  L_main43
  L_main44
  L_main45
  L_main46
  L_main47
  L_main48
  L_main49
  L_main50
  L_main51
  L_main52
  ___main_operacion_
  L_main53
  L_main54
  L_main55
  L_main56
  L_main57
  L_main58
  L_main59
  L_main60
  L_main61
  L_main62
  L_main63
  L_main64
  L_main65
  _efectuar
  _main
  L_ByteToStr0
  L_ByteToStr1
  L_ByteToStr2
  L_ByteToStr3
  L_ByteToStr4
  L_ByteToStr5
  L_WordToStr6
  L_WordToStr7
  L_WordToStr8
  L_WordToStr9
  L_WordToStr10
  L_WordToStr11
  L_WordToStrWithZeros12
  L_WordToStrWithZeros13
  L_WordToStrWithZeros14
  L_WordToStrWithZeros15
  L_WordToStrWithZeros16
  L_ShortToStr17
  L_ShortToStr18
  L_ShortToStr19
  L_ShortToStr20
  L_ShortToStr21
  L_ShortToStr22
  L_IntToStr23
  L_IntToStr24
  L_IntToStr25
  L_IntToStr26
  L_IntToStr27
  L_IntToStr28
  L_IntToStrWithZeros29
  L_IntToStrWithZeros30
  L_IntToStrWithZeros31
  L_IntToStrWithZeros32
  L_IntToStrWithZeros33
  L_IntToStrWithZeros34
  L_IntToStrWithZeros35
  L_IntToStrWithZeros36
  L_LongWordToStr37
  L_LongWordToStr38
  L_LongWordToStr39
  L_LongWordToStr40
  L_LongWordToStr41
  L_LongWordToStr42
  L_LongWordToStrWithZeros43
  L_LongWordToStrWithZeros44
  L_LongWordToStrWithZeros45
  L_LongWordToStrWithZeros46
  L_LongWordToStrWithZeros47
  L_LongToStr48
  L_LongToStr49
  L_LongToStr50
  L_LongToStr51
  L_LongToStr52
  L_LongToStr53
  L_LongIntToStrWithZeros54
  L_LongIntToStrWithZeros55
  L_LongIntToStrWithZeros56
  L_LongIntToStrWithZeros57
  L_LongIntToStrWithZeros58
  L_LongIntToStrWithZeros59
  L_LongIntToStrWithZeros60
  L_LongIntToStrWithZeros61
  L_Dec2Bcd62
  L_Dec2Bcd63
  L_Rtrim64
  L_Rtrim65
  L_Ltrim66
  L_Ltrim67
  L_Ltrim68
  L_Ltrim69
  L_Ltrim70
  L_Ltrim71
  L_FloatToStr72
  L_FloatToStr73
  L_FloatToStr74
  L_FloatToStr75
  L_FloatToStr76
  L_FloatToStr77
  L_FloatToStr78
  L_FloatToStr79
  L_FloatToStr80
  L_FloatToStr81
  L_FloatToStr82
  L_FloatToStr83
  L_FloatToStr84
  L_FloatToStr85
  L_FloatToStr86
  L_FloatToStr87
  L_FloatToStr88
  L_FloatToStr89
  L_FloatToStr90
  L_FloatToStr91
  L_FloatToStr92
  L_FloatToStr93
  L__Ltrim94
  L__FloatToStr95
  _ByteToHex
  _ShortToHex
  _WordToHex
  _IntToHex
  _LongWordToHex
  _LongIntToHex
  _ByteToStr
  _WordToStr
  L__WordToStr96
  _WordToStrWithZeros
  L__WordToStrWithZeros97
  _ShortToStr
  L__ShortToStr98
  _IntToStr
  L__IntToStr99
  L__IntToStr100
  _IntToStrWithZeros
  L__IntToStrWithZeros101
  L__IntToStrWithZeros102
  L__IntToStrWithZeros103
  _LongWordToStr
  L__LongWordToStr104
  L__LongWordToStr105
  _LongWordToStrWithZeros
  L__LongWordToStrWithZeros106
  _LongToStr
  L__LongToStr107
  L__LongToStr108
  _LongIntToStrWithZeros
  L__LongIntToStrWithZeros109
  L__LongIntToStrWithZeros110
  L__LongIntToStrWithZeros111
  _Dec2Bcd
  _Bcd2Dec
  _Bcd2Dec16
  L__Bcd2Dec16112
  L__Bcd2Dec16113
  _Dec2Bcd16
  L__Dec2Bcd16114
  L__Dec2Bcd16115
  _Rtrim
  _Ltrim
  _FloatToStr
  L__FloatToStr116
  L__FloatToStr117
  L__FloatToStr118
  L__FloatToStr119
  L__FloatToStr120
  L_memchr0
  L_memchr1
  L_memchr2
  L_memchr3
  L_memcmp4
  L_memcmp5
  L_memcmp6
  L_memcpy7
  L_memcpy8
  L_memmove9
  L_memmove10
  L_memmove11
  L_memmove12
  L_memmove13
  L_memmove14
  L_memmove15
  L_memmove16
  L_memmove17
  L_memmove18
  L_memmove19
  L_memset20
  L_memset21
  L_strcat22
  L_strcat23
  L_strcat24
  L_strcat25
  L_strchr26
  L_strchr27
  L_strchr28
  L_strchr29
  L_strcmp30
  L_strcmp31
  L_strcmp32
  L_strcmp33
  L_strcpy34
  L_strcpy35
  L_strlen36
  L_strlen37
  L_strncat38
  L_strncat39
  L_strncat40
  L_strncat41
  L_strncat42
  L_strncat43
  L_strncat44
  L_strncpy45
  L_strncpy46
  L_strncpy47
  L_strncpy48
  L_strncpy49
  L_strspn50
  L_strspn51
  L_strspn52
  L_strspn53
  L_strcspn54
  L_strcspn55
  L_strcspn56
  L_strcspn57
  L_strncmp58
  L_strncmp59
  L_strncmp60
  L_strncmp61
  L_strncmp62
  L_strpbrk63
  L_strpbrk64
  L_strpbrk65
  L_strrchr66
  L_strrchr67
  L_strrchr68
  L_strrchr69
  L_strstr70
  L_strstr71
  L_strstr72
  L_strstr73
  L_strstr74
  L_strtok75
  L_strtok76
  L_strtok77
  L_strtok78
  L_strtok79
  L__memmove80
  L__strcmp81
  L__strncat82
  L__strspn83
  L__strcspn84
  L__strncmp85
  L__strstr86
  _memchr
  _memcmp
  L__memcmp87
  _memcpy
  _memmove
  _memset
  _strcat
  _strchr
  _strcmp
  _strcpy
  _strlen
  _strncat
  L__strncat88
  _strncpy
  _strspn
  _strcspn
  _strncmp
  _strpbrk
  _strrchr
  _strstr
  L__strstr89
  _strtok
  L_Delay_10us0
  L_Delay_22us1
  L_Delay_50us2
  L_Delay_80us3
  L_Delay_500us4
  L_Delay_5500us5
  L_Delay_1ms6
  L_Delay_5ms7
  L_Delay_8ms8
  L_Delay_10ms9
  L_Delay_100ms10
  L_Delay_1sec11
  L_boot16_Delay_5ms12
  L_Delay_Cyc13
  L_Delay_Cyc14
  L_VDelay_ms15
  L_VDelay_ms16
  L_VDelay_ms17
  L_VDelay_Advanced_ms18
  L_VDelay_Advanced_ms19
  L_VDelay_Advanced_ms20
  _Get_Fosc_kHz
  _Delay_1us
  _Delay_10us
  _Delay_22us
  _Delay_50us
  _Delay_80us
  _Delay_500us
  _Delay_5500us
  _Delay_1ms
  _Delay_5ms
  _Delay_8ms
  _Delay_10ms
  _Delay_100ms
  _Delay_1sec
  _boot16_Delay_5ms
  _Delay_Cyc
  _VDelay_ms
  L__VDelay_ms21
  L__VDelay_ms22
  L__VDelay_ms23
  _VDelay_Advanced_ms
  L__VDelay_Advanced_ms24
  L__VDelay_Advanced_ms25
  L__VDelay_Advanced_ms26
  L_Keypad_Key_Press0
  L_Keypad_Key_Press1
  L_Keypad_Key_Press2
  L_Keypad_Key_Press3
  L_Keypad_Key_Press4
  L_Keypad_Key_Click5
  L_Keypad_Key_Click6
  _Keypad_Init
  _Keypad_Key_Press
  _Keypad_Key_Click
  L_Lcd_Cmd0
  L_Lcd_Cmd1
  L_Lcd_Out_CP2
  L_Lcd_Out_CP3
  L_Lcd_Chr4
  L_Lcd_Chr5
  L_Lcd_Chr6
  L_Lcd_Chr7
  L_Lcd_Chr8
  L_Lcd_Chr9
  L_Lcd_Chr10
  L_Lcd_Out11
  L_Lcd_Out12
  L_Lcd_Out13
  L_Lcd_Out14
  L_Lcd_Out15
  L_Lcd_Out16
  L_Lcd_Out17
  L_Lcd_Out18
  L_Lcd_Out19
  _Lcd_Cmd
  L__Lcd_Cmd20
  L__Lcd_Cmd21
  L__Lcd_Cmd22
  L__Lcd_Cmd23
  L__Lcd_Cmd24
  L__Lcd_Cmd25
  L__Lcd_Cmd26
  L__Lcd_Cmd27
  L__Lcd_Cmd28
  L__Lcd_Cmd29
  L__Lcd_Cmd30
  L__Lcd_Cmd31
  L__Lcd_Cmd32
  L__Lcd_Cmd33
  L__Lcd_Cmd34
  L__Lcd_Cmd35
  L__Lcd_Cmd36
  L__Lcd_Cmd37
  L__Lcd_Cmd38
  L__Lcd_Cmd39
  _Lcd_Chr_CP
  _Lcd_Out_CP
  _Lcd_Chr
  _Lcd_Init
  _Lcd_Out
  L_Div_16x16_S0
  L_Div_16x16_S1
  LOOPS3232A
  SADD22LA
  SOK22LA
  SADD22L8
  SOK22L8
  LOOPS3232B
  SADD22LB
  SOK22LB
  SADD22L16
  SOK22L16
  LOOPS3232C
  SADD22LC
  SOK22LC
  SADD22L24
  SOK22L24
  LOOPS3232D
  SADD22LD
  SOK22LD
  SOK22L
  L_Div_32x32_S6
  L_Div_32x32_S7
  L_Div_32x32_S8
  L_Div_32x32_S9
  FXD3232S
  END_ALL
  CA3232S
  C3232SX
  C3232SX1
  C3232S
  C3232S2
  C3232SX4
  C3232SOK
  C3232SX3
  C3232SX2
  avoid_comfrem
  LOOPU3232A
  UADD22LA
  UOK22LA
  UADD22L8
  UOK22L8
  LOOPU3232B
  UADD22LB
  UOK22LB
  UADD22L16
  UOK22L16
  LOOPU3232C
  UADD22LC
  UOK22LC
  UADD22L24
  UOK22L24
  LOOPU3232D
  UADD22LD
  UOK22LD
  UOK22L
  _NEXT
  _EXIT2
  _LOOP
  _EXIT1
  _IF_FIRST
  _IF_SECOND
  _INVERCE_FIRST
  _MULT
  _INBERSE_SECOND
  _EXIT
  _Mul_8x8_U
  _Mul_16x16_U
  _Div_8x8_U
  _Div_16x16_U
  _Mul_8x8_S
  _Mul_16x16_S
  _Div_16x16_S_L
  _Div_16x16_S
  _Div_8x8_S
  _SDIV3232L
  _COMFREM
  _Div_32x32_S
  _Div_32x32_U
  _Mul_32x32_U
  _Mul_32x32_S
  SETFOV32EEE
  SETFUN32EEE
  NORM3232
  JPNRES032
  JPNSETFUN32
  NORM3232A
  JMPNFIXSIGN32
  NORM32EEE
  NRMRND4032
  NRM4032
  JMPSETFOV32
  NORM4032
  JMPRES032
  JMPSETFUN32
  NORM4032A
  JMPFIXSIGN32
  NRM4032EEE
  USEA32
  JMPEEE
  ALIGNED32
  ALIGNB32
  ALOOPB32
  AOK32
  ACOMP32
  JMPNRMRND4032
  ADD_JMPSETFOV32
  JMPNRM4032
  JMPNRM32
  ADD32EEE
  FPM32
  JPMRES032
  M32BNE0
  MTUN32
  JPMSETFOV32
  MOK32
  JPMSETFUN32
  MLOOP32
  MNOADD32
  MADD32
  MROUND32
  MUL32OK
  MUL32EEE
  L_Div_32x32_FP7
  L_Div_32x32_FP8
  L_Div_32x32_FP9
  L_Div_32x32_FP10
  FPD32
  JPDSETFDZ32
  JPDRES032
  D32BNE0
  TALIGN32
  TS1ALIGN32
  TS2ALIGN32
  DALIGN32OK
  ALTB32
  AGEB32
  JPDSETFOV32
  DARGOK32
  JPDSETFUN32
  DLOOP32
  DS132
  DS232
  DREST32
  DOK32
  DAREST32
  DROUND32
  DIV32OK
  DIV32EEE
  SETIOV3224EEE
  INT3232U
  INT3232UEOK
  SETEXP32U
  SETIOV32U
  TSHIFT3232U
  SHIFT3232UOK
  SHIFT3232U
  INT3232UOK
  JPLSETIOV3224
  IRES032U
  INT3232UEER
  INT3232UEEE
  L_Double2Longword_0
  INT3232
  INT3232EOK
  SETIOV32
  TSHIFT3232
  SHIFT3232OK
  SHIFT3232
  INT3232OK
  JPISETIOV3224
  IRES032
  INT3232EER
  INT3232EEE
  L_Double2Longint_0
  INT3216
  IRES016
  SETIOV16
  TSHIFT3216
  SHIFT3216OK
  SHIFT3216
  INT3216OK
  JPJSETIOV3224
  INT3216EOK
  INT3216EER
  INT3216EEE
  L_Double2Int_0
  INT3216U
  IRES016U
  SETEXP16U
  SETIOV16U
  TSHIFT3216U
  SHIFT3216UOK
  SHIFT3216U
  INT3216UOK
  JPKSETIOV3224
  INT3216UEOK
  INT3216UEER
  INT3216UEEE
  L_Double2Word_0
  INT32U08
  IRES008
  SETEXP08
  SETIOV08
  TSHIFT3208
  SHIFT3208OK
  SHIFT3208
  INT3208OK
  D2B_JPKSETIOV3224
  INT3208EOK
  INT3208EER
  INT3208EEE
  L_Double2Byte_0
  FLO08U32
  FLO1632
  FLO1632EEE
  FLO16U32
  FLO3232
  FLO3232EEE
  FLO32U32
  EQU_FALSE
  COMPARE_EQU
  COMPARE_NOTZERO
  COMPARE_XNOTZERO
  COMPARE_YNOTZERO
  COMPARE_LT
  COMPARE_GT
  COMPARE_TESTALL
  COMPARE_C1
  GT_FALSE
  GT_TRUE
  COMPARE_C2
  COMPARE_C3
  _SETFOV32
  _SETFDZ32
  _FIXSIGN32
  _RES032
  _SETFUN32
  _NRM3232
  _NRM4032
  _Add_32x32_FP
  _Sub_32x32_FP
  _Mul_32x32_FP
  _Div_32x32_FP
  _SETIOV3224
  _Double2Longword
  _Double2Longint
  _Double2Int
  _Double2Word
  _Double2Byte
  _Byte2Double
  _Int2Double
  _Word2Double
  _Longint2Double
  _Longword2Double
  _Equals_Double
  _Compare_Double
  _CC2D_Loop1
  _____DoICP
  _____DoIFC
  ___CC2DW
  _Swap
